url,filename,points,Abstraction,Parallelism,Logic,Synchronization,Flow control,User interactivity,Data representation,DuplicateScripts,DeadCode,SpriteNaming,BackdropNaming,Error,dashboard_mode
https://scratch.mit.edu/projects/957967074/,https://scratch.mit.edu/projects/957967074/,14,"[1, 5]","[1, 5]","[0, 5]","[2, 5]","[3, 5]","[1, 5]","[4, 5]",0,4,7,4,None,Default
https://scratch.mit.edu/projects/747653991/,https://scratch.mit.edu/projects/747653991/,24,"[4, 5]","[3, 5]","[2, 5]","[2, 5]","[3, 5]","[2, 5]","[4, 5]",0,2,1,1,None,Default
https://scratch.mit.edu/projects/882093984/,https://scratch.mit.edu/projects/882093984/,22,"[2, 5]","[3, 5]","[2, 5]","[1, 5]","[3, 5]","[2, 5]","[4, 5]",0,0,0,1,None,Default
https://scratch.mit.edu/projects/747653991/,https://scratch.mit.edu/projects/747653991/,24,"[4, 5]","[3, 5]","[2, 5]","[2, 5]","[3, 5]","[2, 5]","[4, 5]",0,2,1,1,None,Default
https://scratch.mit.edu/projects/747653991/,https://scratch.mit.edu/projects/747653991/,24,"[4, 5]","[3, 5]","[2, 5]","[2, 5]","[3, 5]","[2, 5]","[4, 5]",0,2,1,1,None,Default
