url,filename,points,Abstraction,Parallelism,Logic,Synchronization,Flow control,User interactivity,Data representation,Math operators,Motion operators,DuplicateScripts,DeadCode,SpriteNaming,BackdropNaming,Error,dashboard_mode,Van Abstraction,Van Parallelism,Van Logic,Van Synchronization,Van Flow control,Van User interactivity,Van Data representation
,Co2 vs. shellfish.sb3,23,1,4,1,3,2,2,4,2,4,5,0,1,0,None,Default,4,4,4,4,4,4,4
,Albedo Project.sb3,18,1,1,1,1,4,2,4,2,2,2,0,1,1,None,Default,4,4,4,4,4,4,4
,Loggers.sb3,21,1,4,1,3,4,2,4,2,0,0,0,0,3,None,Default,4,4,4,4,4,4,4
,Factories Taking Over The Atmosphere.sb3,17,1,2,0,3,2,2,4,2,1,35,0,11,1,None,Default,4,4,4,4,4,4,4
,Save the Polor Bear.sb3,13,1,3,1,3,2,2,1,0,0,0,0,0,0,None,Default,4,4,4,4,4,4,4
,Untitled-2.sb3,20,1,1,2,3,2,2,4,2,3,0,1,0,1,None,Default,4,4,4,4,4,4,4
,Water Levels-LilyStaceyHenri.sb3,19,1,4,1,3,3,2,2,0,3,0,0,0,0,None,Default,4,4,4,4,4,4,4
,Help the Turtle!.sb3,19,1,1,1,2,2,2,4,2,4,0,1,6,0,None,Default,4,4,4,4,4,4,4
,Carbon Run.sb3,21,4,4,1,2,2,2,2,0,4,4,0,5,1,None,Default,4,4,4,4,4,4,4
,Molly and Alishba_s scratch science game  copy-2 copy copy copy.sb3,13,1,4,0,3,1,2,1,0,1,0,0,0,1,None,Default,4,4,4,4,4,4,4
,Untitled.sb3,16,1,0,2,2,2,2,4,2,1,2,0,0,0,None,Default,4,4,4,4,4,4,4
,Climate Change Game (1).sb3,19,1,4,1,3,2,2,4,2,0,0,71,0,0,None,Default,4,4,4,4,4,4,4
,Climate Change.sb3,20,1,4,1,3,2,1,4,2,2,0,2,0,1,None,Default,4,4,4,4,4,4,4
,Potato_s adventure.sb3,21,1,4,2,3,2,2,4,2,1,4,1,5,3,None,Default,4,4,4,4,4,4,4
,Climate Change Game-2.sb3,13,1,2,0,1,2,2,1,0,4,0,4,26,2,None,Default,4,4,4,4,4,4,4
,The Battle Against Radiation.sb3,16,1,4,1,3,2,2,1,0,2,0,0,0,1,None,Default,4,4,4,4,4,4,4
,Save the Earth.sb3,24,4,3,1,2,2,2,4,2,4,0,1,0,0,None,Default,4,4,4,4,4,4,4
,factory .sb3,23,1,4,1,3,2,2,4,2,4,2,3,0,1,None,Default,4,4,4,4,4,4,4
,help the polar bear.sb3,20,1,4,1,2,2,2,4,2,2,0,3,0,0,None,Default,4,4,4,4,4,4,4
,Penguin Game .sb3,18,1,1,0,1,3,2,4,2,4,0,1,1,3,None,Default,4,4,4,4,4,4,4
,Plant Man IV.sb3,28,3,4,4,2,3,2,4,2,4,0,122,2,0,None,Default,4,4,4,4,4,4,4
,Greenite_ The Greenining.sb3,27,1,4,4,4,2,2,4,2,4,6,7,0,0,None,Default,4,4,4,4,4,4,4
,Car Game.sb3,23,1,4,1,3,2,2,4,2,4,2,1,1,0,None,Default,4,4,4,4,4,4,4
,Global Warming.sb3,22,1,4,1,3,3,3,4,2,1,3,0,15,8,None,Default,4,4,4,4,4,4,4
,Co2 DASH.sb3,24,1,4,1,3,2,3,4,2,4,0,2,7,1,None,Default,4,4,4,4,4,4,4
,trash collect.sb3,24,1,4,2,3,2,2,4,2,4,0,5,0,0,None,Default,4,4,4,4,4,4,4
,Save the penguin _).sb3,15,1,1,1,0,2,2,4,0,4,0,0,0,8,None,Default,4,4,4,4,4,4,4
,Carbon Clicker.sb3,24,1,4,1,2,3,3,4,2,4,0,2,0,0,None,Default,4,4,4,4,4,4,4
,Industry Interlopers.sb3,17,1,1,1,3,2,2,4,2,1,0,0,0,1,None,Default,4,4,4,4,4,4,4
,Saving Antarctica.sb3,23,1,4,1,3,2,2,4,2,4,0,1,1,2,None,Default,4,4,4,4,4,4,4
,"CL, LL climate change game.sb3",17,1,2,1,0,2,2,4,2,3,2,0,3,0,None,Default,4,4,4,4,4,4,4
,Christmas Chaos.sb3,23,1,4,4,3,2,2,4,3,0,0,0,0,0,None,Default,4,4,4,4,4,4,4
,Mitigation Game.sb3,16,1,2,1,2,2,2,4,2,0,0,0,2,1,None,Default,4,4,4,4,4,4,4
,Climate Change Project_ Saving the penguin.sb3,24,1,4,1,3,3,2,4,2,4,8,0,2,1,None,Default,4,4,4,4,4,4,4
,Untitled-2 (1).sb3,11,0,0,1,1,1,2,4,2,0,0,0,0,0,None,Default,4,4,4,4,4,4,4
,JacksonNatalieproject.sb3,26,1,4,4,3,2,2,4,2,4,0,0,2,2,None,Default,4,4,4,4,4,4,4
,Reflecting Ice Project.sb3,20,1,4,1,3,2,1,4,2,2,0,0,0,0,None,Default,4,4,4,4,4,4,4
,TreezRKool.sb3,21,1,4,1,3,2,3,4,2,1,0,0,1,3,None,Default,4,4,4,4,4,4,4
,Hydrosphere Box Game.sb3,17,1,3,1,3,2,4,2,0,1,0,4,0,0,None,Default,4,4,4,4,4,4,4
,Brick Breaker remix.sb3,22,1,1,1,3,4,2,4,2,4,0,0,0,0,None,Default,4,4,4,4,4,4,4
,Hurricane Paddle.sb3,16,1,4,1,3,2,2,1,0,2,8,0,0,0,None,Default,4,4,4,4,4,4,4
,Cars and co2.sb3,20,1,2,1,2,2,2,4,2,4,0,0,2,1,None,Default,4,4,4,4,4,4,4
,Carbon Capture.sb3,17,1,1,1,0,2,2,4,2,4,0,0,0,1,None,Default,4,4,4,4,4,4,4
,saving energy.sb3,0,0,0,0,0,0,0,0,0,0,0,0,2,5,None,Default,4,4,4,4,4,4,4
,Fight the Pollution!.sb3,23,4,3,1,3,2,2,4,2,2,0,1,0,3,None,Default,4,4,4,4,4,4,4
,Save the City! .sb3,18,1,4,1,3,2,2,2,0,3,0,0,3,0,None,Default,4,4,4,4,4,4,4
,Climate change game!!!!.sb3,19,1,2,1,2,2,2,4,2,3,0,1,0,1,None,Default,4,4,4,4,4,4,4
,FartMan™.sb3,17,1,1,1,3,2,2,4,2,1,0,2,0,2,None,Default,4,4,4,4,4,4,4
,polar blast.sb3,19,1,2,1,1,2,2,4,2,4,0,0,2,1,None,Default,4,4,4,4,4,4,4
,Climate Change Game.sb3,18,1,2,1,3,2,2,4,2,1,0,0,0,0,None,Default,4,4,4,4,4,4,4
,Capture the CO2.sb3,19,1,1,1,2,2,2,4,2,4,0,0,5,0,None,Default,4,4,4,4,4,4,4
,save the ice blocks.sb3,19,1,1,1,2,2,2,4,2,4,0,0,5,0,None,Default,4,4,4,4,4,4,4
,Avoid the clothes.sb3,12,1,1,1,1,2,2,2,0,2,4,0,2,2,None,Default,4,4,4,4,4,4,4
,log jumper.sb3,14,1,1,1,2,2,2,1,0,4,0,0,1,1,None,Default,4,4,4,4,4,4,4
,Carbon Emmisions.sb3,18,1,4,1,3,2,2,1,0,4,0,2,1,0,None,Default,4,4,4,4,4,4,4
,Save the Trees!!!.sb3,13,1,2,0,3,3,2,1,0,1,0,0,0,1,None,Default,4,4,4,4,4,4,4
,kill the CO2.sb3,21,4,3,1,4,2,1,2,0,4,0,0,3,1,None,Default,4,4,4,4,4,4,4
