url,filename,points,Abstraction,Parallelism,Logic,Synchronization,Flow control,User interactivity,Data representation,Math operators,Motion operators,DuplicateScripts,DeadCode,SpriteNaming,BackdropNaming,Error,dashboard_mode,Van points,Van Abstraction,Van Parallelism,Van Logic,Van Synchronization,Van Flow control,Van User interactivity,Van Data representation,tot_blocks
https://scratch.mit.edu/projects/957967074/,https://scratch.mit.edu/projects/957967074/,6,1/2,1/2,0/2,0/0,0/0,0/0,2/2,2/2,0/0,0,4,7,4,None,Default,4,1/3,1/3,0/3,0/3,0/3,0/3,2/3,97
https://scratch.mit.edu/projects/747653991/,https://scratch.mit.edu/projects/747653991/,10,2/2,2/2,2/2,0/0,0/0,0/0,2/2,2/2,0/0,0,2,1,1,None,Default,8,2/3,2/3,2/3,0/3,0/3,0/3,2/3,73
https://scratch.mit.edu/projects/882093984/,https://scratch.mit.edu/projects/882093984/,9,2/2,2/2,2/2,0/0,0/0,0/0,2/2,1/2,0/0,0,0,0,1,None,Default,8,2/3,2/3,2/3,0/3,0/3,0/3,2/3,85
https://scratch.mit.edu/projects/747653991/,https://scratch.mit.edu/projects/747653991/,10,2/2,2/2,2/2,0/0,0/0,0/0,2/2,2/2,0/0,0,2,1,1,None,Default,8,2/3,2/3,2/3,0/3,0/3,0/3,2/3,73
https://scratch.mit.edu/projects/747653991/,https://scratch.mit.edu/projects/747653991/,10,2/2,2/2,2/2,0/0,0/0,0/0,2/2,2/2,0/0,0,2,1,1,None,Default,8,2/3,2/3,2/3,0/3,0/3,0/3,2/3,73
