url,filename,number,sprite,deadCode1,deadCode2,deadCode3,deadCode4,deadCode5,deadCode6,deadCode7,deadCode8,deadCode9
,birdygethem.sb3,1,Flower Shape,forever,N/A,N/A,N/A,N/A,N/A,N/A,N/A,N/A
,GAME SUMMERS TIRABASSI.sb3,3,Bus,if <> then,if <> then,N/A,N/A,N/A,N/A,N/A,N/A,N/A
,GAME SUMMERS TIRABASSI.sb3,3,Airplane,if <> then,N/A,N/A,N/A,N/A,N/A,N/A,N/A,N/A
,Cloud collectors .sb3,1,Stage,if <> then,N/A,N/A,N/A,N/A,N/A,N/A,N/A,N/A
,Deforestation Hailey and Remi_s Game.sb3,1,Stage,if <> then,N/A,N/A,N/A,N/A,N/A,N/A,N/A,N/A
,Mariam Jenny .sb3,2,Bananas,say (),N/A,N/A,N/A,N/A,N/A,N/A,N/A,N/A
,Mariam Jenny .sb3,2,Cloud,() < (),N/A,N/A,N/A,N/A,N/A,N/A,N/A,N/A
,save the polar bears.sb3,1,sunbeam,if <> then,N/A,N/A,N/A,N/A,N/A,N/A,N/A,N/A
,Yinyao Duan.sb3,1,Sprite1,if <> then,N/A,N/A,N/A,N/A,N/A,N/A,N/A,N/A
,Rebecca and Ava_s game.sb3,1,mama cow,if <> then,N/A,N/A,N/A,N/A,N/A,N/A,N/A,N/A
,Untitled-2.sb3,1,Lumberjack-241574,wait () seconds,N/A,N/A,N/A,N/A,N/A,N/A,N/A,N/A
,SpAcE pOnG (1).sb3,1,Ball,forever,N/A,N/A,N/A,N/A,N/A,N/A,N/A,N/A
,"Deforestation By- Esther, Emily, Zero.sb3",5,Stage,if <> then,N/A,N/A,N/A,N/A,N/A,N/A,N/A,N/A
,"Deforestation By- Esther, Emily, Zero.sb3",5,Catherine Dance,if <> then,N/A,N/A,N/A,N/A,N/A,N/A,N/A,N/A
,"Deforestation By- Esther, Emily, Zero.sb3",5,images,if <> then,if <> then,N/A,N/A,N/A,N/A,N/A,N/A,N/A
,"Deforestation By- Esther, Emily, Zero.sb3",5,eliteseed-250x250,forever,N/A,N/A,N/A,N/A,N/A,N/A,N/A,N/A
,Carbon Annihilation.sb3,47,Stage,broadcast ( v),forever,N/A,N/A,N/A,N/A,N/A,N/A,N/A
,Carbon Annihilation.sb3,47,attack,forever,N/A,N/A,N/A,N/A,N/A,N/A,N/A,N/A
,Carbon Annihilation.sb3,47,bad,change size by (),repeat until <>,repeat until <>,repeat until <>,repeat until <>,touching ( v)?,repeat until <>,repeat until <>,N/A
,Carbon Annihilation.sb3,47,bad2,change size by (),repeat until <>,repeat until <>,repeat until <>,repeat until <>,touching ( v)?,repeat until <>,repeat until <>,N/A
,Carbon Annihilation.sb3,47,bad3,change size by (),repeat until <>,repeat until <>,repeat until <>,repeat until <>,touching ( v)?,repeat until <>,repeat until <>,N/A
,Carbon Annihilation.sb3,47,bad4,change size by (),repeat until <>,repeat until <>,repeat until <>,repeat until <>,touching ( v)?,repeat until <>,repeat until <>,N/A
,Carbon Annihilation.sb3,47,Achivements,() = (),() = (),() = (),N/A,N/A,N/A,N/A,N/A,N/A
,Carbon Annihilation.sb3,47,tmp 1,go to x: () y: (),N/A,N/A,N/A,N/A,N/A,N/A,N/A,N/A
,Carbon Annihilation.sb3,47,tmp 2,go to x: () y: (),N/A,N/A,N/A,N/A,N/A,N/A,N/A,N/A
,Carbon Annihilation.sb3,47,tmp 3,go to x: () y: (),N/A,N/A,N/A,N/A,N/A,N/A,N/A,N/A
,Carbon Annihilation.sb3,47,bio 1,go to x: () y: (),N/A,N/A,N/A,N/A,N/A,N/A,N/A,N/A
,Carbon Annihilation.sb3,47,bio 2,go to x: () y: (),N/A,N/A,N/A,N/A,N/A,N/A,N/A,N/A
,Carbon Annihilation.sb3,47,thermometer,() = (),() = (),when I receive [ v],() = (),N/A,N/A,N/A,N/A,N/A
,Deforestation.sb3,3,Boy,if <> then,N/A,N/A,N/A,N/A,N/A,N/A,N/A,N/A
,Deforestation.sb3,3,Tree1,show,wait () seconds,N/A,N/A,N/A,N/A,N/A,N/A,N/A
,CCTD - (Climate Change Tower Defense).sb3,22,Carbon,when I start as a clone,N/A,N/A,N/A,N/A,N/A,N/A,N/A,N/A
,CCTD - (Climate Change Tower Defense).sb3,22,Factory,if <> then,forever,forever,N/A,N/A,N/A,N/A,N/A,N/A
,CCTD - (Climate Change Tower Defense).sb3,22,Factory2,if <> then,forever,forever,N/A,N/A,N/A,N/A,N/A,N/A
,CCTD - (Climate Change Tower Defense).sb3,22,Factory3,if <> then,forever,forever,N/A,N/A,N/A,N/A,N/A,N/A
,CCTD - (Climate Change Tower Defense).sb3,22,Factory5,forever,N/A,N/A,N/A,N/A,N/A,N/A,N/A,N/A
,CCTD - (Climate Change Tower Defense).sb3,22,Factory6,forever,N/A,N/A,N/A,N/A,N/A,N/A,N/A,N/A
,CCTD - (Climate Change Tower Defense).sb3,22,Land Empty 1,broadcast ( v),<> and <>,N/A,N/A,N/A,N/A,N/A,N/A,N/A
,CCTD - (Climate Change Tower Defense).sb3,22,Land Empty 3,if <> then,N/A,N/A,N/A,N/A,N/A,N/A,N/A,N/A
,CCTD - (Climate Change Tower Defense).sb3,22,Metal Empty2,() = (),N/A,N/A,N/A,N/A,N/A,N/A,N/A,N/A
,CCTD - (Climate Change Tower Defense).sb3,22,Metal Empty3,() = (),N/A,N/A,N/A,N/A,N/A,N/A,N/A,N/A
,CCTD - (Climate Change Tower Defense).sb3,22,Metal Empty5,() = (),N/A,N/A,N/A,N/A,N/A,N/A,N/A,N/A
,CCTD - (Climate Change Tower Defense).sb3,22,Metal Empty6,() = (),N/A,N/A,N/A,N/A,N/A,N/A,N/A,N/A
,CCTD - (Climate Change Tower Defense).sb3,22,Factory4,if <> then,forever,forever,N/A,N/A,N/A,N/A,N/A,N/A
,Mitigation - Elias Daniel- F Block.sb3,1,Sprite1,start sound ( v),N/A,N/A,N/A,N/A,N/A,N/A,N/A,N/A
,Help the Turtle!.sb3,1,skillie,wait () seconds,N/A,N/A,N/A,N/A,N/A,N/A,N/A,N/A
,Deforestation1.sb3,3,Sprite1,hide,N/A,N/A,N/A,N/A,N/A,N/A,N/A,N/A
,Deforestation1.sb3,3,Sprite2,if <> then,if <> then,N/A,N/A,N/A,N/A,N/A,N/A,N/A
,PAPA PETEY_S PRODUCT PRODUCTIONERIA.sb3,5,Sprite9,() > (),N/A,N/A,N/A,N/A,N/A,N/A,N/A,N/A
,PAPA PETEY_S PRODUCT PRODUCTIONERIA.sb3,5,Sprite10,() > (),N/A,N/A,N/A,N/A,N/A,N/A,N/A,N/A
,PAPA PETEY_S PRODUCT PRODUCTIONERIA.sb3,5,Sprite11,not <>,not <>,not <>,N/A,N/A,N/A,N/A,N/A,N/A
,Super Planty Bros (Drew and Sasha).sb3,10,Sprite2,nextLevel,movementPlanty,iLose,nextLevel,iLose,nextLevel,change x by (),move () steps,change y by ()
,Super Planty Bros (Drew and Sasha).sb3,10,Sprite1,go to x: () y: (),N/A,N/A,N/A,N/A,N/A,N/A,N/A,N/A
,Lumberjack Attack.sb3,1,Tree3,wait () seconds,N/A,N/A,N/A,N/A,N/A,N/A,N/A,N/A
,Danilo and Alba Trees climate change.sb3,1,Stage,stop [ v],N/A,N/A,N/A,N/A,N/A,N/A,N/A,N/A
,systems from scratch (1).sb3,4,template,go to x: () y: (),N/A,N/A,N/A,N/A,N/A,N/A,N/A,N/A
,systems from scratch (1).sb3,4,loading_screen,go to x: () y: (),N/A,N/A,N/A,N/A,N/A,N/A,N/A,N/A
,systems from scratch (1).sb3,4,solar_button,change [ v] by (),N/A,N/A,N/A,N/A,N/A,N/A,N/A,N/A
,systems from scratch (1).sb3,4,co2_zapper_button,go to x: () y: (),N/A,N/A,N/A,N/A,N/A,N/A,N/A,N/A
,Climate Change Tetris.sb3,1,Line,broadcast ( v),N/A,N/A,N/A,N/A,N/A,N/A,N/A,N/A
,Untitled-3.sb3,4,Ball,forever,change [ v] by (),N/A,N/A,N/A,N/A,N/A,N/A,N/A
,Untitled-3.sb3,4,Ball2,forever,change [ v] by (),N/A,N/A,N/A,N/A,N/A,N/A,N/A
,Temperature Changes.sb3,1,Sprite3,distance to ( v),N/A,N/A,N/A,N/A,N/A,N/A,N/A,N/A
,Co2 Collector.sb3,1,Cloud4,if <> then,N/A,N/A,N/A,N/A,N/A,N/A,N/A,N/A
,Climate Change.sb3,2,Shark,change [ v] by (),N/A,N/A,N/A,N/A,N/A,N/A,N/A,N/A
,Climate Change.sb3,2,Fish1,set [ v] to (),N/A,N/A,N/A,N/A,N/A,N/A,N/A,N/A
,Potato_s adventure.sb3,1,Taco,show,N/A,N/A,N/A,N/A,N/A,N/A,N/A,N/A
,Save Snows and Pennys Home! (Multiplayer).sb3,2,BIg Cloud,if <> then,if <> then,N/A,N/A,N/A,N/A,N/A,N/A,N/A
,Allison Elizabeth-2.sb3,10,cel bar2,if <> then,if <> then,if <> then,N/A,N/A,N/A,N/A,N/A,N/A
,Allison Elizabeth-2.sb3,10,top left3,repeat until <>,N/A,N/A,N/A,N/A,N/A,N/A,N/A,N/A
,Allison Elizabeth-2.sb3,10,top right3,repeat until <>,N/A,N/A,N/A,N/A,N/A,N/A,N/A,N/A
,Allison Elizabeth-2.sb3,10,bottom left3,repeat until <>,N/A,N/A,N/A,N/A,N/A,N/A,N/A,N/A
,Allison Elizabeth-2.sb3,10,bottom right3,repeat until <>,N/A,N/A,N/A,N/A,N/A,N/A,N/A,N/A
,Allison Elizabeth-2.sb3,10,tbutton,hide,N/A,N/A,N/A,N/A,N/A,N/A,N/A,N/A
,Allison Elizabeth-2.sb3,10,Sprite12,switch costume to ( v),N/A,N/A,N/A,N/A,N/A,N/A,N/A,N/A
,Allison Elizabeth-2.sb3,10,Sprite13,wait until <>,N/A,N/A,N/A,N/A,N/A,N/A,N/A,N/A
,Climate Change Game-2.sb3,4,Sprite16,repeat (),repeat (),N/A,N/A,N/A,N/A,N/A,N/A,N/A
,Climate Change Game-2.sb3,4,Sprite11,repeat (),repeat (),N/A,N/A,N/A,N/A,N/A,N/A,N/A
,Save the Earth.sb3,1,Rainbow,stop [ v],N/A,N/A,N/A,N/A,N/A,N/A,N/A,N/A
,KARINE AND LANCE .sb3,1,Stage,forever,N/A,N/A,N/A,N/A,N/A,N/A,N/A,N/A
,factory .sb3,3,Ball,when I receive [ v],repeat (),pick random () to (),N/A,N/A,N/A,N/A,N/A,N/A
,help the polar bear.sb3,3,Bear2,forever,N/A,N/A,N/A,N/A,N/A,N/A,N/A,N/A
,help the polar bear.sb3,3,Button1,if <> then,if <> then,N/A,N/A,N/A,N/A,N/A,N/A,N/A
,STOP THOSE CARS!!!!!.sb3,2,Convertible6,<> or <>,<> and <>,N/A,N/A,N/A,N/A,N/A,N/A,N/A
,Penguin Game .sb3,1,AZ Hip-Hop,forever,N/A,N/A,N/A,N/A,N/A,N/A,N/A,N/A
,Plant Man IV.sb3,122,Stage,if <> then,N/A,N/A,N/A,N/A,N/A,N/A,N/A,N/A
,Plant Man IV.sb3,122,Clyde,() < (),N/A,N/A,N/A,N/A,N/A,N/A,N/A,N/A
,Plant Man IV.sb3,122,Blinky,when I receive [ v],N/A,N/A,N/A,N/A,N/A,N/A,N/A,N/A
,Plant Man IV.sb3,122,Pinky,when I receive [ v],N/A,N/A,N/A,N/A,N/A,N/A,N/A,N/A
,Plant Man IV.sb3,122,CO2 DOT,set [ v] to (),N/A,N/A,N/A,N/A,N/A,N/A,N/A,N/A
,Plant Man IV.sb3,122,CO2 DOT2,set [ v] to (),N/A,N/A,N/A,N/A,N/A,N/A,N/A,N/A
,Plant Man IV.sb3,122,CO2 DOT3,set [ v] to (),N/A,N/A,N/A,N/A,N/A,N/A,N/A,N/A
,Plant Man IV.sb3,122,CO2 DOT4,set [ v] to (),N/A,N/A,N/A,N/A,N/A,N/A,N/A,N/A
,Plant Man IV.sb3,122,CO2 DOT5,set [ v] to (),N/A,N/A,N/A,N/A,N/A,N/A,N/A,N/A
,Plant Man IV.sb3,122,CO2 DOT6,set [ v] to (),N/A,N/A,N/A,N/A,N/A,N/A,N/A,N/A
,Plant Man IV.sb3,122,CO2 DOT7,set [ v] to (),N/A,N/A,N/A,N/A,N/A,N/A,N/A,N/A
,Plant Man IV.sb3,122,CO2 DOT8,set [ v] to (),N/A,N/A,N/A,N/A,N/A,N/A,N/A,N/A
,Plant Man IV.sb3,122,CO2 DOT9,set [ v] to (),N/A,N/A,N/A,N/A,N/A,N/A,N/A,N/A
,Plant Man IV.sb3,122,CO2 DOT10,set [ v] to (),N/A,N/A,N/A,N/A,N/A,N/A,N/A,N/A
,Plant Man IV.sb3,122,CO2 DOT11,set [ v] to (),N/A,N/A,N/A,N/A,N/A,N/A,N/A,N/A
,Plant Man IV.sb3,122,CO2 DOT12,set [ v] to (),N/A,N/A,N/A,N/A,N/A,N/A,N/A,N/A
,Plant Man IV.sb3,122,CO2 DOT13,set [ v] to (),N/A,N/A,N/A,N/A,N/A,N/A,N/A,N/A
,Plant Man IV.sb3,122,CO2 DOT14,set [ v] to (),N/A,N/A,N/A,N/A,N/A,N/A,N/A,N/A
,Plant Man IV.sb3,122,CO2 DOT15,set [ v] to (),N/A,N/A,N/A,N/A,N/A,N/A,N/A,N/A
,Plant Man IV.sb3,122,CO2 DOT16,set [ v] to (),N/A,N/A,N/A,N/A,N/A,N/A,N/A,N/A
,Plant Man IV.sb3,122,CO2 DOT17,set [ v] to (),N/A,N/A,N/A,N/A,N/A,N/A,N/A,N/A
,Plant Man IV.sb3,122,CO2 DOT18,set [ v] to (),N/A,N/A,N/A,N/A,N/A,N/A,N/A,N/A
,Plant Man IV.sb3,122,CO2 DOT19,set [ v] to (),N/A,N/A,N/A,N/A,N/A,N/A,N/A,N/A
,Plant Man IV.sb3,122,CO2 DOT20,set [ v] to (),N/A,N/A,N/A,N/A,N/A,N/A,N/A,N/A
,Plant Man IV.sb3,122,CO2 DOT21,set [ v] to (),N/A,N/A,N/A,N/A,N/A,N/A,N/A,N/A
,Plant Man IV.sb3,122,CO2 DOT22,set [ v] to (),N/A,N/A,N/A,N/A,N/A,N/A,N/A,N/A
,Plant Man IV.sb3,122,CO2 DOT23,set [ v] to (),N/A,N/A,N/A,N/A,N/A,N/A,N/A,N/A
,Plant Man IV.sb3,122,CO2 DOT24,set [ v] to (),N/A,N/A,N/A,N/A,N/A,N/A,N/A,N/A
,Plant Man IV.sb3,122,CO2 DOT25,set [ v] to (),N/A,N/A,N/A,N/A,N/A,N/A,N/A,N/A
,Plant Man IV.sb3,122,CO2 DOT26,set [ v] to (),N/A,N/A,N/A,N/A,N/A,N/A,N/A,N/A
,Plant Man IV.sb3,122,CO2 DOT27,set [ v] to (),N/A,N/A,N/A,N/A,N/A,N/A,N/A,N/A
,Plant Man IV.sb3,122,CO2 DOT28,set [ v] to (),N/A,N/A,N/A,N/A,N/A,N/A,N/A,N/A
,Plant Man IV.sb3,122,CO2 DOT29,set [ v] to (),N/A,N/A,N/A,N/A,N/A,N/A,N/A,N/A
,Plant Man IV.sb3,122,CO2 DOT30,set [ v] to (),N/A,N/A,N/A,N/A,N/A,N/A,N/A,N/A
,Plant Man IV.sb3,122,CO2 DOT31,set [ v] to (),N/A,N/A,N/A,N/A,N/A,N/A,N/A,N/A
,Plant Man IV.sb3,122,CO2 DOT32,set [ v] to (),N/A,N/A,N/A,N/A,N/A,N/A,N/A,N/A
,Plant Man IV.sb3,122,CO2 DOT33,set [ v] to (),N/A,N/A,N/A,N/A,N/A,N/A,N/A,N/A
,Plant Man IV.sb3,122,CO2 DOT34,set [ v] to (),N/A,N/A,N/A,N/A,N/A,N/A,N/A,N/A
,Plant Man IV.sb3,122,CO2 DOT35,set [ v] to (),N/A,N/A,N/A,N/A,N/A,N/A,N/A,N/A
,Plant Man IV.sb3,122,CO2 DOT36,set [ v] to (),N/A,N/A,N/A,N/A,N/A,N/A,N/A,N/A
,Plant Man IV.sb3,122,CO2 DOT37,set [ v] to (),N/A,N/A,N/A,N/A,N/A,N/A,N/A,N/A
,Plant Man IV.sb3,122,CO2 DOT38,set [ v] to (),N/A,N/A,N/A,N/A,N/A,N/A,N/A,N/A
,Plant Man IV.sb3,122,CO2 DOT39,set [ v] to (),N/A,N/A,N/A,N/A,N/A,N/A,N/A,N/A
,Plant Man IV.sb3,122,CO2 DOT40,set [ v] to (),N/A,N/A,N/A,N/A,N/A,N/A,N/A,N/A
,Plant Man IV.sb3,122,CO2 DOT41,set [ v] to (),N/A,N/A,N/A,N/A,N/A,N/A,N/A,N/A
,Plant Man IV.sb3,122,CO2 DOT42,set [ v] to (),N/A,N/A,N/A,N/A,N/A,N/A,N/A,N/A
,Plant Man IV.sb3,122,CO2 DOT43,set [ v] to (),N/A,N/A,N/A,N/A,N/A,N/A,N/A,N/A
,Plant Man IV.sb3,122,CO2 DOT44,set [ v] to (),N/A,N/A,N/A,N/A,N/A,N/A,N/A,N/A
,Plant Man IV.sb3,122,CO2 DOT45,set [ v] to (),N/A,N/A,N/A,N/A,N/A,N/A,N/A,N/A
,Plant Man IV.sb3,122,CO2 DOT46,set [ v] to (),N/A,N/A,N/A,N/A,N/A,N/A,N/A,N/A
,Plant Man IV.sb3,122,CO2 DOT47,set [ v] to (),N/A,N/A,N/A,N/A,N/A,N/A,N/A,N/A
,Plant Man IV.sb3,122,CO2 DOT48,set [ v] to (),N/A,N/A,N/A,N/A,N/A,N/A,N/A,N/A
,Plant Man IV.sb3,122,CO2 DOT49,set [ v] to (),N/A,N/A,N/A,N/A,N/A,N/A,N/A,N/A
,Plant Man IV.sb3,122,CO2 DOT50,set [ v] to (),N/A,N/A,N/A,N/A,N/A,N/A,N/A,N/A
,Plant Man IV.sb3,122,CO2 DOT51,set [ v] to (),N/A,N/A,N/A,N/A,N/A,N/A,N/A,N/A
,Plant Man IV.sb3,122,CO2 DOT52,set [ v] to (),N/A,N/A,N/A,N/A,N/A,N/A,N/A,N/A
,Plant Man IV.sb3,122,CO2 DOT53,set [ v] to (),N/A,N/A,N/A,N/A,N/A,N/A,N/A,N/A
,Plant Man IV.sb3,122,CO2 DOT54,set [ v] to (),N/A,N/A,N/A,N/A,N/A,N/A,N/A,N/A
,Plant Man IV.sb3,122,CO2 DOT55,set [ v] to (),N/A,N/A,N/A,N/A,N/A,N/A,N/A,N/A
,Plant Man IV.sb3,122,CO2 DOT56,set [ v] to (),N/A,N/A,N/A,N/A,N/A,N/A,N/A,N/A
,Plant Man IV.sb3,122,CO2 DOT57,set [ v] to (),N/A,N/A,N/A,N/A,N/A,N/A,N/A,N/A
,Plant Man IV.sb3,122,CO2 DOT58,set [ v] to (),N/A,N/A,N/A,N/A,N/A,N/A,N/A,N/A
,Plant Man IV.sb3,122,CO2 DOT59,set [ v] to (),N/A,N/A,N/A,N/A,N/A,N/A,N/A,N/A
,Plant Man IV.sb3,122,CO2 DOT60,set [ v] to (),N/A,N/A,N/A,N/A,N/A,N/A,N/A,N/A
,Plant Man IV.sb3,122,CO2 DOT61,set [ v] to (),N/A,N/A,N/A,N/A,N/A,N/A,N/A,N/A
,Plant Man IV.sb3,122,CO2 DOT62,set [ v] to (),N/A,N/A,N/A,N/A,N/A,N/A,N/A,N/A
,Plant Man IV.sb3,122,CO2 DOT63,set [ v] to (),N/A,N/A,N/A,N/A,N/A,N/A,N/A,N/A
,Plant Man IV.sb3,122,CO2 DOT64,set [ v] to (),N/A,N/A,N/A,N/A,N/A,N/A,N/A,N/A
,Plant Man IV.sb3,122,CO2 DOT65,set [ v] to (),N/A,N/A,N/A,N/A,N/A,N/A,N/A,N/A
,Plant Man IV.sb3,122,CO2 DOT66,set [ v] to (),N/A,N/A,N/A,N/A,N/A,N/A,N/A,N/A
,Plant Man IV.sb3,122,CO2 DOT67,set [ v] to (),N/A,N/A,N/A,N/A,N/A,N/A,N/A,N/A
,Plant Man IV.sb3,122,CO2 DOT68,set [ v] to (),N/A,N/A,N/A,N/A,N/A,N/A,N/A,N/A
,Plant Man IV.sb3,122,CO2 DOT69,set [ v] to (),N/A,N/A,N/A,N/A,N/A,N/A,N/A,N/A
,Plant Man IV.sb3,122,CO2 DOT70,set [ v] to (),N/A,N/A,N/A,N/A,N/A,N/A,N/A,N/A
,Plant Man IV.sb3,122,CO2 DOT71,set [ v] to (),N/A,N/A,N/A,N/A,N/A,N/A,N/A,N/A
,Plant Man IV.sb3,122,CO2 DOT72,set [ v] to (),N/A,N/A,N/A,N/A,N/A,N/A,N/A,N/A
,Plant Man IV.sb3,122,CO2 DOT73,set [ v] to (),N/A,N/A,N/A,N/A,N/A,N/A,N/A,N/A
,Plant Man IV.sb3,122,CO2 DOT74,set [ v] to (),N/A,N/A,N/A,N/A,N/A,N/A,N/A,N/A
,Plant Man IV.sb3,122,CO2 DOT75,set [ v] to (),N/A,N/A,N/A,N/A,N/A,N/A,N/A,N/A
,Plant Man IV.sb3,122,CO2 DOT76,set [ v] to (),N/A,N/A,N/A,N/A,N/A,N/A,N/A,N/A
,Plant Man IV.sb3,122,CO2 DOT77,set [ v] to (),N/A,N/A,N/A,N/A,N/A,N/A,N/A,N/A
,Plant Man IV.sb3,122,CO2 DOT78,set [ v] to (),N/A,N/A,N/A,N/A,N/A,N/A,N/A,N/A
,Plant Man IV.sb3,122,CO2 DOT79,set [ v] to (),N/A,N/A,N/A,N/A,N/A,N/A,N/A,N/A
,Plant Man IV.sb3,122,CO2 DOT80,set [ v] to (),N/A,N/A,N/A,N/A,N/A,N/A,N/A,N/A
,Plant Man IV.sb3,122,CO2 DOT81,set [ v] to (),N/A,N/A,N/A,N/A,N/A,N/A,N/A,N/A
,Plant Man IV.sb3,122,CO2 DOT82,set [ v] to (),N/A,N/A,N/A,N/A,N/A,N/A,N/A,N/A
,Plant Man IV.sb3,122,CO2 DOT83,set [ v] to (),N/A,N/A,N/A,N/A,N/A,N/A,N/A,N/A
,Plant Man IV.sb3,122,CO2 DOT84,set [ v] to (),N/A,N/A,N/A,N/A,N/A,N/A,N/A,N/A
,Plant Man IV.sb3,122,CO2 DOT85,set [ v] to (),N/A,N/A,N/A,N/A,N/A,N/A,N/A,N/A
,Plant Man IV.sb3,122,CO2 DOT86,set [ v] to (),N/A,N/A,N/A,N/A,N/A,N/A,N/A,N/A
,Plant Man IV.sb3,122,CO2 DOT87,set [ v] to (),N/A,N/A,N/A,N/A,N/A,N/A,N/A,N/A
,Plant Man IV.sb3,122,CO2 DOT88,set [ v] to (),N/A,N/A,N/A,N/A,N/A,N/A,N/A,N/A
,Plant Man IV.sb3,122,CO2 DOT89,set [ v] to (),N/A,N/A,N/A,N/A,N/A,N/A,N/A,N/A
,Plant Man IV.sb3,122,CO2 DOT90,set [ v] to (),N/A,N/A,N/A,N/A,N/A,N/A,N/A,N/A
,Plant Man IV.sb3,122,CO2 DOT91,set [ v] to (),N/A,N/A,N/A,N/A,N/A,N/A,N/A,N/A
,Plant Man IV.sb3,122,CO2 DOT92,set [ v] to (),N/A,N/A,N/A,N/A,N/A,N/A,N/A,N/A
,Plant Man IV.sb3,122,CO2 DOT93,set [ v] to (),N/A,N/A,N/A,N/A,N/A,N/A,N/A,N/A
,Plant Man IV.sb3,122,CO2 DOT94,set [ v] to (),N/A,N/A,N/A,N/A,N/A,N/A,N/A,N/A
,Plant Man IV.sb3,122,CO2 DOT95,set [ v] to (),N/A,N/A,N/A,N/A,N/A,N/A,N/A,N/A
,Plant Man IV.sb3,122,CO2 DOT96,set [ v] to (),N/A,N/A,N/A,N/A,N/A,N/A,N/A,N/A
,Plant Man IV.sb3,122,CO2 DOT97,set [ v] to (),N/A,N/A,N/A,N/A,N/A,N/A,N/A,N/A
,Plant Man IV.sb3,122,CO2 DOT98,set [ v] to (),N/A,N/A,N/A,N/A,N/A,N/A,N/A,N/A
,Plant Man IV.sb3,122,CO2 DOT99,set [ v] to (),N/A,N/A,N/A,N/A,N/A,N/A,N/A,N/A
,Plant Man IV.sb3,122,CO2 DOT100,set [ v] to (),N/A,N/A,N/A,N/A,N/A,N/A,N/A,N/A
,Plant Man IV.sb3,122,CO2 DOT101,set [ v] to (),N/A,N/A,N/A,N/A,N/A,N/A,N/A,N/A
,Plant Man IV.sb3,122,CO2 DOT102,set [ v] to (),N/A,N/A,N/A,N/A,N/A,N/A,N/A,N/A
,Plant Man IV.sb3,122,CO2 DOT103,set [ v] to (),N/A,N/A,N/A,N/A,N/A,N/A,N/A,N/A
,Plant Man IV.sb3,122,CO2 DOT104,set [ v] to (),N/A,N/A,N/A,N/A,N/A,N/A,N/A,N/A
,Plant Man IV.sb3,122,CO2 DOT105,set [ v] to (),N/A,N/A,N/A,N/A,N/A,N/A,N/A,N/A
,Plant Man IV.sb3,122,CO2 DOT106,set [ v] to (),N/A,N/A,N/A,N/A,N/A,N/A,N/A,N/A
,Plant Man IV.sb3,122,CO2 DOT107,set [ v] to (),N/A,N/A,N/A,N/A,N/A,N/A,N/A,N/A
,Plant Man IV.sb3,122,CO2 DOT108,set [ v] to (),N/A,N/A,N/A,N/A,N/A,N/A,N/A,N/A
,Plant Man IV.sb3,122,CO2 DOT109,set [ v] to (),N/A,N/A,N/A,N/A,N/A,N/A,N/A,N/A
,Plant Man IV.sb3,122,CO2 DOT110,set [ v] to (),N/A,N/A,N/A,N/A,N/A,N/A,N/A,N/A
,Plant Man IV.sb3,122,CO2 DOT111,set [ v] to (),N/A,N/A,N/A,N/A,N/A,N/A,N/A,N/A
,Plant Man IV.sb3,122,CO2 DOT112,set [ v] to (),N/A,N/A,N/A,N/A,N/A,N/A,N/A,N/A
,Plant Man IV.sb3,122,CO2 DOT113,set [ v] to (),N/A,N/A,N/A,N/A,N/A,N/A,N/A,N/A
,Plant Man IV.sb3,122,CO2 DOT114,set [ v] to (),N/A,N/A,N/A,N/A,N/A,N/A,N/A,N/A
,Plant Man IV.sb3,122,CO2 DOT115,set [ v] to (),N/A,N/A,N/A,N/A,N/A,N/A,N/A,N/A
,Plant Man IV.sb3,122,CO2 DOT116,set [ v] to (),N/A,N/A,N/A,N/A,N/A,N/A,N/A,N/A
,Plant Man IV.sb3,122,CO2 DOT117,set [ v] to (),N/A,N/A,N/A,N/A,N/A,N/A,N/A,N/A
,Plant Man IV.sb3,122,CO2 DOT118,set [ v] to (),N/A,N/A,N/A,N/A,N/A,N/A,N/A,N/A
,Climate Change Game (2).sb3,71,Stage,() > (),N/A,N/A,N/A,N/A,N/A,N/A,N/A,N/A
,Climate Change Game (2).sb3,71,Buildings6,if <> then,N/A,N/A,N/A,N/A,N/A,N/A,N/A,N/A
,Climate Change Game (2).sb3,71,Buildings2,start sound ( v),if <> then,N/A,N/A,N/A,N/A,N/A,N/A,N/A
,Climate Change Game (2).sb3,71,Buildings3,start sound ( v),if <> then,N/A,N/A,N/A,N/A,N/A,N/A,N/A
,Climate Change Game (2).sb3,71,Buildings4,start sound ( v),if <> then,N/A,N/A,N/A,N/A,N/A,N/A,N/A
,Climate Change Game (2).sb3,71,Buildings5,start sound ( v),if <> then,N/A,N/A,N/A,N/A,N/A,N/A,N/A
,Climate Change Game (2).sb3,71,Buildings7,start sound ( v),if <> then,N/A,N/A,N/A,N/A,N/A,N/A,N/A
,Climate Change Game (2).sb3,71,Buildings8,start sound ( v),if <> then,N/A,N/A,N/A,N/A,N/A,N/A,N/A
,Climate Change Game (2).sb3,71,Buildings9,start sound ( v),if <> then,N/A,N/A,N/A,N/A,N/A,N/A,N/A
,Climate Change Game (2).sb3,71,Buildings11,start sound ( v),if <> then,N/A,N/A,N/A,N/A,N/A,N/A,N/A
,Climate Change Game (2).sb3,71,Buildings12,start sound ( v),if <> then,N/A,N/A,N/A,N/A,N/A,N/A,N/A
,Climate Change Game (2).sb3,71,Buildings13,start sound ( v),if <> then,N/A,N/A,N/A,N/A,N/A,N/A,N/A
,Climate Change Game (2).sb3,71,Buildings14,start sound ( v),if <> then,N/A,N/A,N/A,N/A,N/A,N/A,N/A
,Climate Change Game (2).sb3,71,Buildings15,start sound ( v),if <> then,N/A,N/A,N/A,N/A,N/A,N/A,N/A
,Climate Change Game (2).sb3,71,Buildings16,start sound ( v),if <> then,N/A,N/A,N/A,N/A,N/A,N/A,N/A
,Climate Change Game (2).sb3,71,Buildings17,start sound ( v),if <> then,N/A,N/A,N/A,N/A,N/A,N/A,N/A
,Climate Change Game (2).sb3,71,Buildings18,start sound ( v),if <> then,N/A,N/A,N/A,N/A,N/A,N/A,N/A
,Climate Change Game (2).sb3,71,Buildings19,start sound ( v),if <> then,N/A,N/A,N/A,N/A,N/A,N/A,N/A
,Climate Change Game (2).sb3,71,Buildings20,start sound ( v),if <> then,N/A,N/A,N/A,N/A,N/A,N/A,N/A
,Climate Change Game (2).sb3,71,Buildings21,start sound ( v),if <> then,N/A,N/A,N/A,N/A,N/A,N/A,N/A
,Climate Change Game (2).sb3,71,Buildings22,start sound ( v),if <> then,N/A,N/A,N/A,N/A,N/A,N/A,N/A
,Climate Change Game (2).sb3,71,Buildings23,start sound ( v),if <> then,N/A,N/A,N/A,N/A,N/A,N/A,N/A
,Climate Change Game (2).sb3,71,Buildings24,start sound ( v),if <> then,N/A,N/A,N/A,N/A,N/A,N/A,N/A
,Climate Change Game (2).sb3,71,Buildings25,start sound ( v),if <> then,N/A,N/A,N/A,N/A,N/A,N/A,N/A
,Climate Change Game (2).sb3,71,Buildings26,start sound ( v),if <> then,N/A,N/A,N/A,N/A,N/A,N/A,N/A
,Climate Change Game (2).sb3,71,Buildings27,start sound ( v),if <> then,N/A,N/A,N/A,N/A,N/A,N/A,N/A
,Climate Change Game (2).sb3,71,Buildings28,start sound ( v),if <> then,N/A,N/A,N/A,N/A,N/A,N/A,N/A
,Climate Change Game (2).sb3,71,Buildings29,start sound ( v),if <> then,N/A,N/A,N/A,N/A,N/A,N/A,N/A
,Climate Change Game (2).sb3,71,Buildings30,start sound ( v),if <> then,N/A,N/A,N/A,N/A,N/A,N/A,N/A
,Climate Change Game (2).sb3,71,Buildings31,start sound ( v),if <> then,N/A,N/A,N/A,N/A,N/A,N/A,N/A
,Climate Change Game (2).sb3,71,Buildings32,start sound ( v),if <> then,N/A,N/A,N/A,N/A,N/A,N/A,N/A
,Climate Change Game (2).sb3,71,Buildings33,start sound ( v),if <> then,N/A,N/A,N/A,N/A,N/A,N/A,N/A
,Climate Change Game (2).sb3,71,Buildings34,start sound ( v),if <> then,N/A,N/A,N/A,N/A,N/A,N/A,N/A
,Climate Change Game (2).sb3,71,Buildings35,start sound ( v),if <> then,N/A,N/A,N/A,N/A,N/A,N/A,N/A
,Climate Change Game (2).sb3,71,Buildings36,start sound ( v),if <> then,N/A,N/A,N/A,N/A,N/A,N/A,N/A
,Climate Change Game (2).sb3,71,Buildings37,start sound ( v),if <> then,N/A,N/A,N/A,N/A,N/A,N/A,N/A
,Climate Change Game (2).sb3,71,Buildings10,if <> then,N/A,N/A,N/A,N/A,N/A,N/A,N/A,N/A
,The _Fun_ Ocean Game.sb3,6,Stage,set [ v] to (),if <> then,if <> then,N/A,N/A,N/A,N/A,N/A,N/A
,The _Fun_ Ocean Game.sb3,6,11971237261277398298yeKcim_pirats_boat.svg.hi,point in direction (),set rotation style [ v],N/A,N/A,N/A,N/A,N/A,N/A,N/A
,The _Fun_ Ocean Game.sb3,6,Fish1,if <> then,N/A,N/A,N/A,N/A,N/A,N/A,N/A,N/A
,CAUSATION EVASION.sb3,2,Earth,if <> then,N/A,N/A,N/A,N/A,N/A,N/A,N/A,N/A
,CAUSATION EVASION.sb3,2,Cloud,forever,N/A,N/A,N/A,N/A,N/A,N/A,N/A,N/A
,ENOZO STOPPER.sb3,3,Ball,wait () seconds,forever,forever,N/A,N/A,N/A,N/A,N/A,N/A
,city creator .sb3,8,Tiles,create grid %n %n %n %n %n %n %n %n %n %n %n %n %n %n %n %n %n %n %n %n %n %n %n %n %n,create grid %n %n %n %n %n %n %n %n %n %n %n %n %n %n %n %n %n %n %n %n %n %n %n %n %n,N/A,N/A,N/A,N/A,N/A,N/A,N/A
,city creator .sb3,8,Buildings,<> or <>,N/A,N/A,N/A,N/A,N/A,N/A,N/A,N/A
,city creator .sb3,8,main buttons,() = (),() + (),if <> then,if <> then,not <>,N/A,N/A,N/A,N/A
,Greenite_ The Greenining.sb3,7,Desert,broadcast ( v),N/A,N/A,N/A,N/A,N/A,N/A,N/A,N/A
,Greenite_ The Greenining.sb3,7,Flash,hide variable [ v],N/A,N/A,N/A,N/A,N/A,N/A,N/A,N/A
,Greenite_ The Greenining.sb3,7,Player,broadcast ( v),N/A,N/A,N/A,N/A,N/A,N/A,N/A,N/A
,Greenite_ The Greenining.sb3,7,Plane2,broadcast ( v),broadcast ( v),repeat (),N/A,N/A,N/A,N/A,N/A,N/A
,Greenite_ The Greenining.sb3,7,Fade,broadcast ( v),N/A,N/A,N/A,N/A,N/A,N/A,N/A,N/A
,Tess and Nicole mitigame.sb3,3,bad car,hide,hide,show,N/A,N/A,N/A,N/A,N/A,N/A
,CO2 fr.sb3,9,Sprite1,repeat until <>,N/A,N/A,N/A,N/A,N/A,N/A,N/A,N/A
,CO2 fr.sb3,9,download,if <> then,if <> then,if <> then,N/A,N/A,N/A,N/A,N/A,N/A
,CO2 fr.sb3,9,fortnite-harvesting-plunja,turn right () degrees,repeat until <>,key ( v) pressed?,go to x: () y: (),set [ v] to (),N/A,N/A,N/A,N/A
,Car Game.sb3,1,electric,distance to ( v),N/A,N/A,N/A,N/A,N/A,N/A,N/A,N/A
,Co2 DASH.sb3,2,Stage,key ( v) pressed?,N/A,N/A,N/A,N/A,N/A,N/A,N/A,N/A
,Co2 DASH.sb3,2,Convertible1,hide,N/A,N/A,N/A,N/A,N/A,N/A,N/A,N/A
,trash collect.sb3,5,Stage,switch backdrop to ( v),<> and <>,N/A,N/A,N/A,N/A,N/A,N/A,N/A
,trash collect.sb3,5,cantrash,forever,if <> then,if <> then,N/A,N/A,N/A,N/A,N/A,N/A
,Carbon Clicker.sb3,2,Button1,repeat until <>,if <> then,N/A,N/A,N/A,N/A,N/A,N/A,N/A
,Chasing CO2.sb3,2,Bus,if <> then,N/A,N/A,N/A,N/A,N/A,N/A,N/A,N/A
,Chasing CO2.sb3,2,Car-Bug,touching ( v)?,N/A,N/A,N/A,N/A,N/A,N/A,N/A,N/A
,Fortnite.sb3,7,fortnite_tacticool2,touching ( v)?,N/A,N/A,N/A,N/A,N/A,N/A,N/A,N/A
,Fortnite.sb3,7,Sprite1,wait () seconds,pick random () to (),forever,if <> then,if <> then,N/A,N/A,N/A,N/A
,Fortnite.sb3,7,Sprite2,touching ( v)?,N/A,N/A,N/A,N/A,N/A,N/A,N/A,N/A
,Climate Change Simulation .sb3,1,Sprite4,when I receive [ v],N/A,N/A,N/A,N/A,N/A,N/A,N/A,N/A
,Saving Antarctica.sb3,1,Cloud6,move () steps,N/A,N/A,N/A,N/A,N/A,N/A,N/A,N/A
,sean and josh.sb3,4,Slime_Block6,show,N/A,N/A,N/A,N/A,N/A,N/A,N/A,N/A
,sean and josh.sb3,4,Slime_Block7,show,N/A,N/A,N/A,N/A,N/A,N/A,N/A,N/A
,sean and josh.sb3,4,Slime_Block4,show,N/A,N/A,N/A,N/A,N/A,N/A,N/A,N/A
,sean and josh.sb3,4,Sprite1,show,N/A,N/A,N/A,N/A,N/A,N/A,N/A,N/A
,Climate Change_ Taking Action.sb3,1,Button3,if <> then,N/A,N/A,N/A,N/A,N/A,N/A,N/A,N/A
,What Should you do_.sb3,1,Stage,switch backdrop to ( v),N/A,N/A,N/A,N/A,N/A,N/A,N/A,N/A
,climate change Co2.sb3,3,Car-Bug,forever,set [ v] to (),N/A,N/A,N/A,N/A,N/A,N/A,N/A
,climate change Co2.sb3,3,Car-Bug2,when I receive [ v],N/A,N/A,N/A,N/A,N/A,N/A,N/A,N/A
,Meat Defeat!!!.sb3,6,gas,move () steps,go to x: () y: (),N/A,N/A,N/A,N/A,N/A,N/A,N/A
,Meat Defeat!!!.sb3,6,gas2,move () steps,go to x: () y: (),N/A,N/A,N/A,N/A,N/A,N/A,N/A
,Meat Defeat!!!.sb3,6,Sprite1,hide,N/A,N/A,N/A,N/A,N/A,N/A,N/A,N/A
,Meat Defeat!!!.sb3,6,Salad-PNG-Image3,if <> then,N/A,N/A,N/A,N/A,N/A,N/A,N/A,N/A
,Climate change Dari A-F.sb3,49,Stage,if <> then,N/A,N/A,N/A,N/A,N/A,N/A,N/A,N/A
,Climate change Dari A-F.sb3,49,tile1,show,N/A,N/A,N/A,N/A,N/A,N/A,N/A,N/A
,Climate change Dari A-F.sb3,49,tile3,<> and <>,N/A,N/A,N/A,N/A,N/A,N/A,N/A,N/A
,Climate change Dari A-F.sb3,49,tile4,show,N/A,N/A,N/A,N/A,N/A,N/A,N/A,N/A
,Climate change Dari A-F.sb3,49,tile5,show,N/A,N/A,N/A,N/A,N/A,N/A,N/A,N/A
,Climate change Dari A-F.sb3,49,tile6,show,N/A,N/A,N/A,N/A,N/A,N/A,N/A,N/A
,Climate change Dari A-F.sb3,49,tile7,show,N/A,N/A,N/A,N/A,N/A,N/A,N/A,N/A
,Climate change Dari A-F.sb3,49,tile8,show,N/A,N/A,N/A,N/A,N/A,N/A,N/A,N/A
,Climate change Dari A-F.sb3,49,tile9,show,N/A,N/A,N/A,N/A,N/A,N/A,N/A,N/A
,Climate change Dari A-F.sb3,49,tile10,show,N/A,N/A,N/A,N/A,N/A,N/A,N/A,N/A
,Climate change Dari A-F.sb3,49,tile11,show,N/A,N/A,N/A,N/A,N/A,N/A,N/A,N/A
,Climate change Dari A-F.sb3,49,tile12,show,N/A,N/A,N/A,N/A,N/A,N/A,N/A,N/A
,Climate change Dari A-F.sb3,49,tile13,show,N/A,N/A,N/A,N/A,N/A,N/A,N/A,N/A
,Climate change Dari A-F.sb3,49,tile14,show,N/A,N/A,N/A,N/A,N/A,N/A,N/A,N/A
,Climate change Dari A-F.sb3,49,tile15,show,N/A,N/A,N/A,N/A,N/A,N/A,N/A,N/A
,Climate change Dari A-F.sb3,49,tile16,show,N/A,N/A,N/A,N/A,N/A,N/A,N/A,N/A
,Climate change Dari A-F.sb3,49,tile17,show,N/A,N/A,N/A,N/A,N/A,N/A,N/A,N/A
,Climate change Dari A-F.sb3,49,tile18,show,N/A,N/A,N/A,N/A,N/A,N/A,N/A,N/A
,Climate change Dari A-F.sb3,49,tile19,show,N/A,N/A,N/A,N/A,N/A,N/A,N/A,N/A
,Climate change Dari A-F.sb3,49,tile20,show,N/A,N/A,N/A,N/A,N/A,N/A,N/A,N/A
,Climate change Dari A-F.sb3,49,tile21,show,N/A,N/A,N/A,N/A,N/A,N/A,N/A,N/A
,Climate change Dari A-F.sb3,49,tile22,show,N/A,N/A,N/A,N/A,N/A,N/A,N/A,N/A
,Climate change Dari A-F.sb3,49,tile23,show,N/A,N/A,N/A,N/A,N/A,N/A,N/A,N/A
,Climate change Dari A-F.sb3,49,tile24,show,N/A,N/A,N/A,N/A,N/A,N/A,N/A,N/A
,Climate change Dari A-F.sb3,49,tile25,show,N/A,N/A,N/A,N/A,N/A,N/A,N/A,N/A
,Climate change Dari A-F.sb3,49,tile26,show,N/A,N/A,N/A,N/A,N/A,N/A,N/A,N/A
,Climate change Dari A-F.sb3,49,tile27,show,N/A,N/A,N/A,N/A,N/A,N/A,N/A,N/A
,Climate change Dari A-F.sb3,49,tile28,show,N/A,N/A,N/A,N/A,N/A,N/A,N/A,N/A
,Climate change Dari A-F.sb3,49,tile29,show,N/A,N/A,N/A,N/A,N/A,N/A,N/A,N/A
,Climate change Dari A-F.sb3,49,tile30,show,N/A,N/A,N/A,N/A,N/A,N/A,N/A,N/A
,Climate change Dari A-F.sb3,49,tile31,show,N/A,N/A,N/A,N/A,N/A,N/A,N/A,N/A
,Climate change Dari A-F.sb3,49,tile32,show,N/A,N/A,N/A,N/A,N/A,N/A,N/A,N/A
,Climate change Dari A-F.sb3,49,tile33,show,N/A,N/A,N/A,N/A,N/A,N/A,N/A,N/A
,Climate change Dari A-F.sb3,49,tile34,show,N/A,N/A,N/A,N/A,N/A,N/A,N/A,N/A
,Climate change Dari A-F.sb3,49,tile35,show,N/A,N/A,N/A,N/A,N/A,N/A,N/A,N/A
,Climate change Dari A-F.sb3,49,tile36,show,N/A,N/A,N/A,N/A,N/A,N/A,N/A,N/A
,Climate change Dari A-F.sb3,49,tile37,show,N/A,N/A,N/A,N/A,N/A,N/A,N/A,N/A
,Climate change Dari A-F.sb3,49,tile38,show,N/A,N/A,N/A,N/A,N/A,N/A,N/A,N/A
,Climate change Dari A-F.sb3,49,tile39,show,N/A,N/A,N/A,N/A,N/A,N/A,N/A,N/A
,Climate change Dari A-F.sb3,49,tile40,show,N/A,N/A,N/A,N/A,N/A,N/A,N/A,N/A
,Climate change Dari A-F.sb3,49,tile41,show,N/A,N/A,N/A,N/A,N/A,N/A,N/A,N/A
,Climate change Dari A-F.sb3,49,tile42,show,N/A,N/A,N/A,N/A,N/A,N/A,N/A,N/A
,Climate change Dari A-F.sb3,49,tile43,show,N/A,N/A,N/A,N/A,N/A,N/A,N/A,N/A
,Climate change Dari A-F.sb3,49,tile44,show,N/A,N/A,N/A,N/A,N/A,N/A,N/A,N/A
,Climate change Dari A-F.sb3,49,tile45,show,N/A,N/A,N/A,N/A,N/A,N/A,N/A,N/A
,Climate change Dari A-F.sb3,49,tile46,show,N/A,N/A,N/A,N/A,N/A,N/A,N/A,N/A
,Climate change Dari A-F.sb3,49,tile47,show,N/A,N/A,N/A,N/A,N/A,N/A,N/A,N/A
,Climate change Dari A-F.sb3,49,tile48,show,N/A,N/A,N/A,N/A,N/A,N/A,N/A,N/A
,Climate change Dari A-F.sb3,49,event,broadcast ( v),N/A,N/A,N/A,N/A,N/A,N/A,N/A,N/A
,Eujin and Julia.sb3,12,Amon,say () for () seconds,say () for () seconds,N/A,N/A,N/A,N/A,N/A,N/A,N/A
,Eujin and Julia.sb3,12,Tree1,show,if <> then,N/A,N/A,N/A,N/A,N/A,N/A,N/A
,Eujin and Julia.sb3,12,Convertible2,change [ v] by (),N/A,N/A,N/A,N/A,N/A,N/A,N/A,N/A
,Eujin and Julia.sb3,12,Convertible4,change [ v] by (),N/A,N/A,N/A,N/A,N/A,N/A,N/A,N/A
,Eujin and Julia.sb3,12,Ball2,say () for () seconds,N/A,N/A,N/A,N/A,N/A,N/A,N/A,N/A
,Eujin and Julia.sb3,12,Ball3,set [ v] to (),N/A,N/A,N/A,N/A,N/A,N/A,N/A,N/A
,Eujin and Julia.sb3,12,Ball6,set [ v] to (),N/A,N/A,N/A,N/A,N/A,N/A,N/A,N/A
,Eujin and Julia.sb3,12,Penguin2,hide,N/A,N/A,N/A,N/A,N/A,N/A,N/A,N/A
,Eujin and Julia.sb3,12,Sprite6,if <> then,if <> then,N/A,N/A,N/A,N/A,N/A,N/A,N/A
,Rambunctious Recycling.sb3,4,box-enviro-1n,stop [ v],broadcast ( v),hide,switch backdrop to ( v),N/A,N/A,N/A,N/A,N/A
,Garrett and Justin_s banger project.sb3,2,Stage,forever,N/A,N/A,N/A,N/A,N/A,N/A,N/A,N/A
,Garrett and Justin_s banger project.sb3,2,Lumberjack-241574,if <> then,N/A,N/A,N/A,N/A,N/A,N/A,N/A,N/A
,"Dodge, Duck and Jump.sb3",1,Tree2,when I start as a clone,N/A,N/A,N/A,N/A,N/A,N/A,N/A,N/A
,Earth Vs Climate change Dodge ball game.sb3,1,Sprite3,forever,N/A,N/A,N/A,N/A,N/A,N/A,N/A,N/A
,♥crazy cows♥.sb3,8,eating-grass2,if <> then,N/A,N/A,N/A,N/A,N/A,N/A,N/A,N/A
,♥crazy cows♥.sb3,8,eating-grass5,turn right () degrees,N/A,N/A,N/A,N/A,N/A,N/A,N/A,N/A
,♥crazy cows♥.sb3,8,eating-grass7,turn right () degrees,N/A,N/A,N/A,N/A,N/A,N/A,N/A,N/A
,♥crazy cows♥.sb3,8,eating-grass8,turn right () degrees,N/A,N/A,N/A,N/A,N/A,N/A,N/A,N/A
,♥crazy cows♥.sb3,8,eating-grass9,turn right () degrees,N/A,N/A,N/A,N/A,N/A,N/A,N/A,N/A
,♥crazy cows♥.sb3,8,eating-grass10,if <> then,turn right () degrees,N/A,N/A,N/A,N/A,N/A,N/A,N/A
,♥crazy cows♥.sb3,8,eating-grass4,turn right () degrees,N/A,N/A,N/A,N/A,N/A,N/A,N/A,N/A
,Atmosphere game .sb3,1,go,if <> then,N/A,N/A,N/A,N/A,N/A,N/A,N/A,N/A
,Save The Ocean_ A Crab Game.sb3,4,Crab,touching color ()?,N/A,N/A,N/A,N/A,N/A,N/A,N/A,N/A
,Save The Ocean_ A Crab Game.sb3,4,Sprite5,<> and <>,<> and <>,<> and <>,N/A,N/A,N/A,N/A,N/A,N/A
,climate change game.sb3,1,Penguin3,say (),N/A,N/A,N/A,N/A,N/A,N/A,N/A,N/A
,SpAcE pOnG.sb3,1,Ball,forever,N/A,N/A,N/A,N/A,N/A,N/A,N/A,N/A
,Hydrosphere Box Game.sb3,4,picking up,hide,show,N/A,N/A,N/A,N/A,N/A,N/A,N/A
,Hydrosphere Box Game.sb3,4,cleaning,hide,show,N/A,N/A,N/A,N/A,N/A,N/A,N/A
,Co2 Game.sb3,4,Stage,clear graphic effects,N/A,N/A,N/A,N/A,N/A,N/A,N/A,N/A
,Co2 Game.sb3,4,Tree2,when I receive [ v],if <> then,N/A,N/A,N/A,N/A,N/A,N/A,N/A
,Co2 Game.sb3,4,Cloud4,forever,N/A,N/A,N/A,N/A,N/A,N/A,N/A,N/A
,Franki and Elena_s game.sb3,6,Paul,if <> then,N/A,N/A,N/A,N/A,N/A,N/A,N/A,N/A
,Franki and Elena_s game.sb3,6,Dan,if <> then,N/A,N/A,N/A,N/A,N/A,N/A,N/A,N/A
,Franki and Elena_s game.sb3,6,Amon,show,if <> then,N/A,N/A,N/A,N/A,N/A,N/A,N/A
,Franki and Elena_s game.sb3,6,D-Money Hip-Hop,if <> then,if <> then,N/A,N/A,N/A,N/A,N/A,N/A,N/A
,Kenny Michael.sb3,5,png,touching ( v)?,switch backdrop to ( v),when I receive [ v],if <> then,N/A,N/A,N/A,N/A,N/A
,Kenny Michael.sb3,5,carbonmolecule,touching ( v)?,N/A,N/A,N/A,N/A,N/A,N/A,N/A,N/A
,Episode (Carbon edition).sb3,1,Susie,if <> then,N/A,N/A,N/A,N/A,N/A,N/A,N/A,N/A
,systems from scratch.sb3,4,template,go to x: () y: (),N/A,N/A,N/A,N/A,N/A,N/A,N/A,N/A
,systems from scratch.sb3,4,loading_screen,go to x: () y: (),N/A,N/A,N/A,N/A,N/A,N/A,N/A,N/A
,systems from scratch.sb3,4,solar_button,change [ v] by (),N/A,N/A,N/A,N/A,N/A,N/A,N/A,N/A
,systems from scratch.sb3,4,co2_zapper_button,go to x: () y: (),N/A,N/A,N/A,N/A,N/A,N/A,N/A,N/A
,Reduce dat boi Co2 in the Atmosphere.sb3,5,Taco,when I receive [ v],N/A,N/A,N/A,N/A,N/A,N/A,N/A,N/A
,Reduce dat boi Co2 in the Atmosphere.sb3,5,Tree1,if <> then,N/A,N/A,N/A,N/A,N/A,N/A,N/A,N/A
,Reduce dat boi Co2 in the Atmosphere.sb3,5,wave ,when I receive [ v],N/A,N/A,N/A,N/A,N/A,N/A,N/A,N/A
,Reduce dat boi Co2 in the Atmosphere.sb3,5,364930,if <> then,N/A,N/A,N/A,N/A,N/A,N/A,N/A,N/A
,Reduce dat boi Co2 in the Atmosphere.sb3,5,800px_COLOURBOX3,broadcast ( v),N/A,N/A,N/A,N/A,N/A,N/A,N/A,N/A
,Chainsaw guy.sb3,8,tree,set y to (),N/A,N/A,N/A,N/A,N/A,N/A,N/A,N/A
,Chainsaw guy.sb3,8,CO2,wait () seconds,N/A,N/A,N/A,N/A,N/A,N/A,N/A,N/A
,Chainsaw guy.sb3,8,Crazy chainsaw person,create clone of ( v),if <> then,if <> then,if <> then,point in direction (),N/A,N/A,N/A,N/A
,Chainsaw guy.sb3,8,dq-menu-drinks-dasani-CAN-01,show,N/A,N/A,N/A,N/A,N/A,N/A,N/A,N/A
,Lasagna feat. Ludacris.sb3,2,Sprite1,when I receive [ v],broadcast ( v),N/A,N/A,N/A,N/A,N/A,N/A,N/A
,Fight the Pollution!.sb3,1,Stage,when I receive [ v],N/A,N/A,N/A,N/A,N/A,N/A,N/A,N/A
,Forest Defender Duo.sb3,5,Stage,wait () seconds,() < (),N/A,N/A,N/A,N/A,N/A,N/A,N/A
,Forest Defender Duo.sb3,5,test lazer,if <> then,N/A,N/A,N/A,N/A,N/A,N/A,N/A,N/A
,Forest Defender Duo.sb3,5,test enemy,point towards ( v),N/A,N/A,N/A,N/A,N/A,N/A,N/A,N/A
,Forest Defender Duo.sb3,5,test main object,() < (),N/A,N/A,N/A,N/A,N/A,N/A,N/A,N/A
,Climate change game!!!!.sb3,1,huge-numbers-of-people-will-die-from-air-pollution-in-the-next-20-years2,if <> then,N/A,N/A,N/A,N/A,N/A,N/A,N/A,N/A
,choosey choices.sb3,4,Convertible3,broadcast ( v),if <> then,switch costume to ( v),N/A,N/A,N/A,N/A,N/A,N/A
,choosey choices.sb3,4,Horse1,switch backdrop to ( v),N/A,N/A,N/A,N/A,N/A,N/A,N/A,N/A
,FartMan™.sb3,2,cow,if <> then,if <> then,N/A,N/A,N/A,N/A,N/A,N/A,N/A
,Climate Change Game (3).sb3,1,Button3,switch costume to ( v),N/A,N/A,N/A,N/A,N/A,N/A,N/A,N/A
,Meat Defeat!!! (1).sb3,6,gas,move () steps,go to x: () y: (),N/A,N/A,N/A,N/A,N/A,N/A,N/A
,Meat Defeat!!! (1).sb3,6,gas2,move () steps,go to x: () y: (),N/A,N/A,N/A,N/A,N/A,N/A,N/A
,Meat Defeat!!! (1).sb3,6,Sprite1,hide,N/A,N/A,N/A,N/A,N/A,N/A,N/A,N/A
,Meat Defeat!!! (1).sb3,6,Salad-PNG-Image3,if <> then,N/A,N/A,N/A,N/A,N/A,N/A,N/A,N/A
,Daniel Scott.sb3,2,AZ Hip-Hop,if <> then,if <> then,N/A,N/A,N/A,N/A,N/A,N/A,N/A
,_Be Green ($) or Be Clean (environmentally speaking).sb3,1,Button3,when I receive [ v],N/A,N/A,N/A,N/A,N/A,N/A,N/A,N/A
,Planet-Saving with Parker! (transportation-_strategy.sb3,6,Stage,forever,N/A,N/A,N/A,N/A,N/A,N/A,N/A,N/A
,Planet-Saving with Parker! (transportation-_strategy.sb3,6,Parker,switch costume to ( v),N/A,N/A,N/A,N/A,N/A,N/A,N/A,N/A
,Planet-Saving with Parker! (transportation-_strategy.sb3,6,Sprite3,repeat (),repeat (),wait () seconds,N/A,N/A,N/A,N/A,N/A,N/A
,Planet-Saving with Parker! (transportation-_strategy.sb3,6,Sprite5,broadcast ( v),N/A,N/A,N/A,N/A,N/A,N/A,N/A,N/A
,Carbon Emmisions.sb3,2,Dan,color () is touching ()?,N/A,N/A,N/A,N/A,N/A,N/A,N/A,N/A
,Carbon Emmisions.sb3,2,Car-Bug,hide,N/A,N/A,N/A,N/A,N/A,N/A,N/A,N/A
,Cycle of Consumerism.sb3,3,oven,go to x: () y: (),N/A,N/A,N/A,N/A,N/A,N/A,N/A,N/A
,Cycle of Consumerism.sb3,3,microwave,go to x: () y: (),N/A,N/A,N/A,N/A,N/A,N/A,N/A,N/A
,Cycle of Consumerism.sb3,3,Day 7 version4,go to x: () y: (),N/A,N/A,N/A,N/A,N/A,N/A,N/A,N/A
,Global Warming_ The Game.sb3,1,Paddle,if <> then,N/A,N/A,N/A,N/A,N/A,N/A,N/A,N/A
