url,filename,points,Abstraction,Parallelism,Logic,Synchronization,Flow control,User interactivity,Data representation,DuplicateScripts,DeadCode,SpriteNaming,BackdropNaming,Error,dashboard_mode
https://scratch.mit.edu/projects/957967074/,https://scratch.mit.edu/projects/957967074/,9,1,1,0,2,3,1,1,1,4,7,4,None,Default
https://scratch.mit.edu/projects/747653991/,https://scratch.mit.edu/projects/747653991/,18,2,3,3,2,3,2,3,1,2,1,1,None,Default
https://scratch.mit.edu/projects/882093984/,https://scratch.mit.edu/projects/882093984/,13,2,1,3,1,3,2,1,0,0,0,1,None,Default
https://scratch.mit.edu/projects/747653991/,https://scratch.mit.edu/projects/747653991/,18,2,3,3,2,3,2,3,1,2,1,1,None,Default
https://scratch.mit.edu/projects/747653991/,https://scratch.mit.edu/projects/747653991/,18,2,3,3,2,3,2,3,1,2,1,1,None,Default
