url,filename,number,spriteNaming1,spriteNaming2,spriteNaming3,spriteNaming4,spriteNaming5,spriteNaming6,spriteNaming7,spriteNaming8,spriteNaming9,spriteNaming10,spriteNaming11,spriteNaming12,spriteNaming13,spriteNaming14,spriteNaming15,spriteNaming16,spriteNaming17,spriteNaming18,spriteNaming19,spriteNaming20,spriteNaming21,spriteNaming22,spriteNaming23,spriteNaming24,spriteNaming25,spriteNaming26,spriteNaming27,spriteNaming28,spriteNaming29,spriteNaming30,spriteNaming31,spriteNaming32,spriteNaming33,spriteNaming34,spriteNaming35,spriteNaming36,spriteNaming37,spriteNaming38,spriteNaming39,spriteNaming40,spriteNaming41,spriteNaming42,spriteNaming43,spriteNaming44,spriteNaming45,spriteNaming46,spriteNaming47,spriteNaming48
,Deforestation Hailey and Remi_s Game.sb3,0,,,,,,,,,,,,,,,,,,,,,,,,,,,,,,,,,,,,,,,,,,,,,,,,
,Furnace Wiz (Official Deluxe Edition).sb3,1,Sprite1,,,,,,,,,,,,,,,,,,,,,,,,,,,,,,,,,,,,,,,,,,,,,,,
,Mariam Jenny .sb3,2,Sprite1,Sprite2,,,,,,,,,,,,,,,,,,,,,,,,,,,,,,,,,,,,,,,,,,,,,,
,save the polar bears.sb3,1,Sprite1,,,,,,,,,,,,,,,,,,,,,,,,,,,,,,,,,,,,,,,,,,,,,,,
,Rebecca and Ava_s game.sb3,5,Sprite2,Sprite3,Sprite4,Sprite5,Sprite6,,,,,,,,,,,,,,,,,,,,,,,,,,,,,,,,,,,,,,,,,,,
,tree game.sb3,3,Sprite1,Sprite2,Sprite3,,,,,,,,,,,,,,,,,,,,,,,,,,,,,,,,,,,,,,,,,,,,,
,"Deforestation By- Esther, Emily, Zero.sb3",4,Sprite3,Sprite5,Sprite8,Sprite1,,,,,,,,,,,,,,,,,,,,,,,,,,,,,,,,,,,,,,,,,,,,
,Carbon Game.sb3,0,,,,,,,,,,,,,,,,,,,,,,,,,,,,,,,,,,,,,,,,,,,,,,,,
,Carbon Annihilation.sb3,2,Sprite18,Sprite1,,,,,,,,,,,,,,,,,,,,,,,,,,,,,,,,,,,,,,,,,,,,,,
,Leyla and Erin-3 remix remix.sb3,7,Sprite7,Sprite1,Sprite2,Sprite3,Sprite4,Sprite5,Sprite6,,,,,,,,,,,,,,,,,,,,,,,,,,,,,,,,,,,,,,,,,
,CCTD - (Climate Change Tower Defense).sb3,0,,,,,,,,,,,,,,,,,,,,,,,,,,,,,,,,,,,,,,,,,,,,,,,,
,Mitigation - Elias Daniel- F Block.sb3,4,Sprite1,Sprite2,Sprite3,Sprite4,,,,,,,,,,,,,,,,,,,,,,,,,,,,,,,,,,,,,,,,,,,,
,Catch the CO2.sb3,0,,,,,,,,,,,,,,,,,,,,,,,,,,,,,,,,,,,,,,,,,,,,,,,,
,Lizzy & Sydney_s Game.sb3,0,,,,,,,,,,,,,,,,,,,,,,,,,,,,,,,,,,,,,,,,,,,,,,,,
,PAPA PETEY_S PRODUCT PRODUCTIONERIA.sb3,16,Sprite1,Sprite2,Sprite3,Sprite4,Sprite5,Sprite6,Sprite7,Sprite8,Sprite9,Sprite10,Sprite11,Sprite12,Sprite13,Sprite14,Sprite15,Sprite16,,,,,,,,,,,,,,,,,,,,,,,,,,,,,,,,
,Danilo and Alba Trees climate change.sb3,1,Sprite1,,,,,,,,,,,,,,,,,,,,,,,,,,,,,,,,,,,,,,,,,,,,,,,
,Save the Trees!.sb3,1,Sprite1,,,,,,,,,,,,,,,,,,,,,,,,,,,,,,,,,,,,,,,,,,,,,,,
,Climate Change Tetris.sb3,0,,,,,,,,,,,,,,,,,,,,,,,,,,,,,,,,,,,,,,,,,,,,,,,,
,climate change highway.sb3,7,Sprite1,Sprite11,Sprite2,Sprite3,Sprite4,Sprite5,Sprite6,,,,,,,,,,,,,,,,,,,,,,,,,,,,,,,,,,,,,,,,,
,Untitled-3.sb3,6,Sprite2,Sprite3,Sprite4,Sprite5,Sprite1,Sprite6,,,,,,,,,,,,,,,,,,,,,,,,,,,,,,,,,,,,,,,,,,
,Tigran and David Game.sb3,1,Sprite1,,,,,,,,,,,,,,,,,,,,,,,,,,,,,,,,,,,,,,,,,,,,,,,
,Farmer Joe_s Adventures (Annie and Josh).sb3,1,Sprite1,,,,,,,,,,,,,,,,,,,,,,,,,,,,,,,,,,,,,,,,,,,,,,,
,KARINE AND LANCE .sb3,1,Sprite1,,,,,,,,,,,,,,,,,,,,,,,,,,,,,,,,,,,,,,,,,,,,,,,
,STOP THOSE CARS!!!!!.sb3,0,,,,,,,,,,,,,,,,,,,,,,,,,,,,,,,,,,,,,,,,,,,,,,,,
,The _Fun_ Ocean Game.sb3,5,Sprite1,Sprite2,Sprite3,Sprite4,Sprite5,,,,,,,,,,,,,,,,,,,,,,,,,,,,,,,,,,,,,,,,,,,
,Dont Go With The Flow.sb3,4,Sprite2,Sprite1,Sprite3,Sprite4,,,,,,,,,,,,,,,,,,,,,,,,,,,,,,,,,,,,,,,,,,,,
,CAUSATION EVASION.sb3,0,,,,,,,,,,,,,,,,,,,,,,,,,,,,,,,,,,,,,,,,,,,,,,,,
,city creator .sb3,5,Sprite2,Sprite1,Sprite4,Sprite3,Sprite5,,,,,,,,,,,,,,,,,,,,,,,,,,,,,,,,,,,,,,,,,,,
,Tess and Nicole mitigame.sb3,0,,,,,,,,,,,,,,,,,,,,,,,,,,,,,,,,,,,,,,,,,,,,,,,,
,CO2 fr.sb3,1,Sprite1,,,,,,,,,,,,,,,,,,,,,,,,,,,,,,,,,,,,,,,,,,,,,,,
,Fortnite.sb3,4,Sprite1,Sprite2,Sprite3,Sprite4,,,,,,,,,,,,,,,,,,,,,,,,,,,,,,,,,,,,,,,,,,,,
,Climate Change Simulation .sb3,10,Sprite2,Sprite1,Sprite3,Sprite4,Sprite5,Sprite6,Sprite7,Sprite8,Sprite10,Sprite9,,,,,,,,,,,,,,,,,,,,,,,,,,,,,,,,,,,,,,
,sean and josh.sb3,1,Sprite1,,,,,,,,,,,,,,,,,,,,,,,,,,,,,,,,,,,,,,,,,,,,,,,
,Climate Change_ Taking Action.sb3,19,Sprite1,Sprite2,Sprite4,Sprite3,Sprite5,Sprite6,Sprite7,Sprite9,Sprite10,Sprite11,Sprite12,Sprite8,Sprite13,Sprite14,Sprite15,Sprite16,Sprite17,Sprite18,Sprite19,,,,,,,,,,,,,,,,,,,,,,,,,,,,,
,What Should you do_.sb3,14,Sprite1,Sprite3,Sprite2,Sprite4,Sprite5,Sprite6,Sprite7,Sprite8,Sprite9,Sprite10,Sprite11,Sprite12,Sprite13,Sprite14,,,,,,,,,,,,,,,,,,,,,,,,,,,,,,,,,,
,Toni and Elisabeth_s Game.sb3,3,Sprite1,Sprite2,Sprite3,,,,,,,,,,,,,,,,,,,,,,,,,,,,,,,,,,,,,,,,,,,,,
,Climate Clikerz.sb3,0,,,,,,,,,,,,,,,,,,,,,,,,,,,,,,,,,,,,,,,,,,,,,,,,
,Eujin and Julia.sb3,48,Sprite1,Sprite2,Sprite3,Sprite4,Sprite5,Sprite6,Sprite7,Sprite8,Sprite9,Sprite10,Sprite11,Sprite12,Sprite13,Sprite14,Sprite15,Sprite16,Sprite17,Sprite18,Sprite19,Sprite20,Sprite21,Sprite22,Sprite24,Sprite25,Sprite26,Sprite27,Sprite28,Sprite29,Sprite30,Sprite31,Sprite32,Sprite33,Sprite34,Sprite35,Sprite36,Sprite37,Sprite38,Sprite39,Sprite40,Sprite41,Sprite42,Sprite43,Sprite44,Sprite45,Sprite46,Sprite47,Sprite48,Sprite49
,Garrett and Justin_s banger project.sb3,2,Sprite1,Sprite2,,,,,,,,,,,,,,,,,,,,,,,,,,,,,,,,,,,,,,,,,,,,,,
,"Dodge, Duck and Jump.sb3",1,Sprite1,,,,,,,,,,,,,,,,,,,,,,,,,,,,,,,,,,,,,,,,,,,,,,,
,Earth Vs Climate change Dodge ball game.sb3,1,Sprite3,,,,,,,,,,,,,,,,,,,,,,,,,,,,,,,,,,,,,,,,,,,,,,,
,Climate Change Pong Finished Version.sb3,4,Sprite2,Sprite1,Sprite3,Sprite4,,,,,,,,,,,,,,,,,,,,,,,,,,,,,,,,,,,,,,,,,,,,
,Atmosphere game .sb3,0,,,,,,,,,,,,,,,,,,,,,,,,,,,,,,,,,,,,,,,,,,,,,,,,
,Save The Ocean_ A Crab Game.sb3,8,Sprite1,Sprite2,Sprite5,Sprite3,Sprite4,Sprite6,Sprite7,Sprite8,,,,,,,,,,,,,,,,,,,,,,,,,,,,,,,,,,,,,,,,
,Franki and Elena_s game.sb3,0,,,,,,,,,,,,,,,,,,,,,,,,,,,,,,,,,,,,,,,,,,,,,,,,
,Factory Game Thalia and Jehan .sb3,0,,,,,,,,,,,,,,,,,,,,,,,,,,,,,,,,,,,,,,,,,,,,,,,,
,Episode (Carbon edition).sb3,16,Sprite24,Sprite25,Sprite26,Sprite27,Sprite21,Sprite22,Sprite23,Sprite28,Sprite29,Sprite30,Sprite31,Sprite32,Sprite33,Sprite34,Sprite35,Sprite36,,,,,,,,,,,,,,,,,,,,,,,,,,,,,,,,
,Reduce dat boi Co2 in the Atmosphere.sb3,0,,,,,,,,,,,,,,,,,,,,,,,,,,,,,,,,,,,,,,,,,,,,,,,,
,Chainsaw guy.sb3,3,Sprite1,Sprite2,Sprite4,,,,,,,,,,,,,,,,,,,,,,,,,,,,,,,,,,,,,,,,,,,,,
,New Science Scratch.sb3,0,,,,,,,,,,,,,,,,,,,,,,,,,,,,,,,,,,,,,,,,,,,,,,,,
,Austin & Clarence.sb3,0,,,,,,,,,,,,,,,,,,,,,,,,,,,,,,,,,,,,,,,,,,,,,,,,
,Lasagna feat. Ludacris.sb3,1,Sprite1,,,,,,,,,,,,,,,,,,,,,,,,,,,,,,,,,,,,,,,,,,,,,,,
,heewon and audrey.sb3,1,Sprite1,,,,,,,,,,,,,,,,,,,,,,,,,,,,,,,,,,,,,,,,,,,,,,,
,Forest Defender Duo.sb3,2,Sprite1,Sprite2,,,,,,,,,,,,,,,,,,,,,,,,,,,,,,,,,,,,,,,,,,,,,,
,choosey choices.sb3,0,,,,,,,,,,,,,,,,,,,,,,,,,,,,,,,,,,,,,,,,,,,,,,,,
,Katharine and Carla_s Game.sb3,1,Sprite1,,,,,,,,,,,,,,,,,,,,,,,,,,,,,,,,,,,,,,,,,,,,,,,
,Daniel Scott.sb3,1,Sprite1,,,,,,,,,,,,,,,,,,,,,,,,,,,,,,,,,,,,,,,,,,,,,,,
,_Be Green ($) or Be Clean (environmentally speaking).sb3,0,,,,,,,,,,,,,,,,,,,,,,,,,,,,,,,,,,,,,,,,,,,,,,,,
,Climate Change Game.sb3,0,,,,,,,,,,,,,,,,,,,,,,,,,,,,,,,,,,,,,,,,,,,,,,,,
,Cycle of Consumerism.sb3,37,Sprite4,Sprite1,Sprite2,Sprite6,Sprite10,Sprite24,Sprite5,Sprite7,Sprite9,Sprite8,Sprite11,Sprite12,Sprite13,Sprite14,Sprite15,Sprite16,Sprite17,Sprite18,Sprite19,Sprite20,Sprite21,Sprite34,Sprite35,Sprite30,Sprite25,Sprite22,Sprite23,Sprite26,Sprite3,Sprite27,Sprite28,Sprite29,Sprite37,Sprite31,Sprite32,Sprite36,Sprite33,,,,,,,,,,,
