url,filename,number,sprite,deadCode1,deadCode2
https://scratch.mit.edu/projects/957967074/,https://scratch.mit.edu/projects/957967074/,4,Sprite1,hide,broadcast ( v)
https://scratch.mit.edu/projects/957967074/,https://scratch.mit.edu/projects/957967074/,4,Sprite6,broadcast ( v),hide
https://scratch.mit.edu/projects/747653991/,https://scratch.mit.edu/projects/747653991/,2,BACKPACK!,forever,N/A
https://scratch.mit.edu/projects/747653991/,https://scratch.mit.edu/projects/747653991/,2,Sort,forever,N/A
https://scratch.mit.edu/projects/953962827/,https://scratch.mit.edu/projects/953962827/,5,Sprite3,repeat (),broadcast ( v)
https://scratch.mit.edu/projects/953962827/,https://scratch.mit.edu/projects/953962827/,5,Sprite6,broadcast ( v),N/A
https://scratch.mit.edu/projects/953962827/,https://scratch.mit.edu/projects/953962827/,5,Sprite8,() - (),broadcast ( v)
