url,filename,number
https://scratch.mit.edu/projects/948664627/,https://scratch.mit.edu/projects/948664627/,1
https://scratch.mit.edu/projects/948664627/,https://scratch.mit.edu/projects/948664627/,1
https://scratch.mit.edu/projects/948664627/,https://scratch.mit.edu/projects/948664627/,1
https://scratch.mit.edu/projects/948664627/,https://scratch.mit.edu/projects/948664627/,1
https://scratch.mit.edu/projects/948664627/,https://scratch.mit.edu/projects/948664627/,1
https://scratch.mit.edu/projects/948664627/,https://scratch.mit.edu/projects/948664627/,1
https://scratch.mit.edu/projects/948664627/,https://scratch.mit.edu/projects/948664627/,1
https://scratch.mit.edu/projects/948664627/,https://scratch.mit.edu/projects/948664627/,1
