url,filename,points,Abstraction,Parallelism,Logic,Synchronization,Flow control,User interactivity,Data representation,DuplicateScripts,DeadCode,SpriteNaming,BackdropNaming,Error,dashboard_mode
https://scratch.mit.edu/projects/948664627/,https://scratch.mit.edu/projects/948664627/,7,1,0,0,1,2,2,1,0,0,0,1,None,Default
https://scratch.mit.edu/projects/948664627/,https://scratch.mit.edu/projects/948664627/,7,1,0,0,1,2,2,1,0,0,0,1,None,Default
https://scratch.mit.edu/projects/948664627/,https://scratch.mit.edu/projects/948664627/,7,1,0,0,1,2,2,1,0,0,0,1,None,Default
https://scratch.mit.edu/projects/948664627/,https://scratch.mit.edu/projects/948664627/,7,1,0,0,1,2,2,1,0,0,0,1,None,Default
https://scratch.mit.edu/projects/948664627/,https://scratch.mit.edu/projects/948664627/,7,1,0,0,1,2,2,1,0,0,0,1,None,Default
https://scratch.mit.edu/projects/948664627/,https://scratch.mit.edu/projects/948664627/,7,1,0,0,1,2,2,1,0,0,0,1,None,Default
https://scratch.mit.edu/projects/948664627/,https://scratch.mit.edu/projects/948664627/,7,1,0,0,1,2,2,1,0,0,0,1,None,Default
https://scratch.mit.edu/projects/948664627/,https://scratch.mit.edu/projects/948664627/,7,1,0,0,1,2,2,1,0,0,0,1,None,Default
