url,filename,number,sprite,deadCode1,deadCode2
https://scratch.mit.edu/projects/948664627/,https://scratch.mit.edu/projects/948664627/,0,scripts,Stage,Smiling Critters 2.0
https://scratch.mit.edu/projects/948664627/,https://scratch.mit.edu/projects/948664627/,0,scripts,Stage,Smiling Critters 2.0
https://scratch.mit.edu/projects/948664627/,https://scratch.mit.edu/projects/948664627/,0,scripts,Stage,Smiling Critters 2.0
https://scratch.mit.edu/projects/948664627/,https://scratch.mit.edu/projects/948664627/,0,scripts,Stage,Smiling Critters 2.0
https://scratch.mit.edu/projects/948664627/,https://scratch.mit.edu/projects/948664627/,0,scripts,Stage,Smiling Critters 2.0
https://scratch.mit.edu/projects/948664627/,https://scratch.mit.edu/projects/948664627/,0,scripts,Stage,Smiling Critters 2.0
https://scratch.mit.edu/projects/948664627/,https://scratch.mit.edu/projects/948664627/,0,scripts,Stage,Smiling Critters 2.0
https://scratch.mit.edu/projects/948664627/,https://scratch.mit.edu/projects/948664627/,0,scripts,Stage,Smiling Critters 2.0
