url,filename,number,spriteNaming1,spriteNaming2,spriteNaming3,spriteNaming4,spriteNaming5,spriteNaming6,spriteNaming7,spriteNaming8,spriteNaming9,spriteNaming10,spriteNaming11,spriteNaming12,spriteNaming13,spriteNaming14,spriteNaming15,spriteNaming16,spriteNaming17,spriteNaming18,spriteNaming19,spriteNaming20,spriteNaming21,spriteNaming22,spriteNaming23,spriteNaming24,spriteNaming25,spriteNaming26,spriteNaming27,spriteNaming28,spriteNaming29,spriteNaming30,spriteNaming31,spriteNaming32,spriteNaming33,spriteNaming34,spriteNaming35,spriteNaming36,spriteNaming37,spriteNaming38,spriteNaming39,spriteNaming40,spriteNaming41,spriteNaming42,spriteNaming43,spriteNaming44,spriteNaming45,spriteNaming46,spriteNaming47,spriteNaming48,spriteNaming49,spriteNaming50,spriteNaming51,spriteNaming52,spriteNaming53,spriteNaming54,spriteNaming55,spriteNaming56,spriteNaming57,spriteNaming58,spriteNaming59,spriteNaming60,spriteNaming61,spriteNaming62,spriteNaming63,spriteNaming64,spriteNaming65,spriteNaming66,spriteNaming67,spriteNaming68,spriteNaming69,spriteNaming70,spriteNaming71,spriteNaming72,spriteNaming73,spriteNaming74,spriteNaming75,spriteNaming76,spriteNaming77,spriteNaming78,spriteNaming79,spriteNaming80,spriteNaming81
,Happy Fishing!.sb3,5,Sprite3,Sprite1,Sprite2,Sprite5,Sprite4,,,,,,,,,,,,,,,,,,,,,,,,,,,,,,,,,,,,,,,,,,,,,,,,,,,,,,,,,,,,,,,,,,,,,,,,,,,,
,birdygethem.sb3,0,,,,,,,,,,,,,,,,,,,,,,,,,,,,,,,,,,,,,,,,,,,,,,,,,,,,,,,,,,,,,,,,,,,,,,,,,,,,,,,,,
,PLANTING TREES.sb3,2,Sprite1,Sprite2,,,,,,,,,,,,,,,,,,,,,,,,,,,,,,,,,,,,,,,,,,,,,,,,,,,,,,,,,,,,,,,,,,,,,,,,,,,,,,,
,GAME SUMMERS TIRABASSI.sb3,0,,,,,,,,,,,,,,,,,,,,,,,,,,,,,,,,,,,,,,,,,,,,,,,,,,,,,,,,,,,,,,,,,,,,,,,,,,,,,,,,,
,Climate change game-jassec.sb3,0,,,,,,,,,,,,,,,,,,,,,,,,,,,,,,,,,,,,,,,,,,,,,,,,,,,,,,,,,,,,,,,,,,,,,,,,,,,,,,,,,
,Edie Bella Animation Challenge.sb3,0,,,,,,,,,,,,,,,,,,,,,,,,,,,,,,,,,,,,,,,,,,,,,,,,,,,,,,,,,,,,,,,,,,,,,,,,,,,,,,,,,
,Nawal Noia and Alena.sb3,1,Sprite2,,,,,,,,,,,,,,,,,,,,,,,,,,,,,,,,,,,,,,,,,,,,,,,,,,,,,,,,,,,,,,,,,,,,,,,,,,,,,,,,
,Furnace Wiz (Official Deluxe Edition).sb3,1,Sprite1,,,,,,,,,,,,,,,,,,,,,,,,,,,,,,,,,,,,,,,,,,,,,,,,,,,,,,,,,,,,,,,,,,,,,,,,,,,,,,,,
,Patrick and Sawyer Climate Game.sb3,0,,,,,,,,,,,,,,,,,,,,,,,,,,,,,,,,,,,,,,,,,,,,,,,,,,,,,,,,,,,,,,,,,,,,,,,,,,,,,,,,,
,Tetris  game.sb3,2,Sprite1,Sprite2,,,,,,,,,,,,,,,,,,,,,,,,,,,,,,,,,,,,,,,,,,,,,,,,,,,,,,,,,,,,,,,,,,,,,,,,,,,,,,,
,Jonas Kaden BETA.sb3,0,,,,,,,,,,,,,,,,,,,,,,,,,,,,,,,,,,,,,,,,,,,,,,,,,,,,,,,,,,,,,,,,,,,,,,,,,,,,,,,,,
,Co2 vs. shellfish.sb3,1,Sprite1,,,,,,,,,,,,,,,,,,,,,,,,,,,,,,,,,,,,,,,,,,,,,,,,,,,,,,,,,,,,,,,,,,,,,,,,,,,,,,,,
,Albedo Project.sb3,1,Sprite1,,,,,,,,,,,,,,,,,,,,,,,,,,,,,,,,,,,,,,,,,,,,,,,,,,,,,,,,,,,,,,,,,,,,,,,,,,,,,,,,
,The Greenhouse Effect.sb3,5,Sprite1,Sprite2,Sprite3,Sprite4,Sprite5,,,,,,,,,,,,,,,,,,,,,,,,,,,,,,,,,,,,,,,,,,,,,,,,,,,,,,,,,,,,,,,,,,,,,,,,,,,,
,Car Bike Atmosphere.sb3,1,Sprite1,,,,,,,,,,,,,,,,,,,,,,,,,,,,,,,,,,,,,,,,,,,,,,,,,,,,,,,,,,,,,,,,,,,,,,,,,,,,,,,,
,Falling Fruit Fiesta.sb3,0,,,,,,,,,,,,,,,,,,,,,,,,,,,,,,,,,,,,,,,,,,,,,,,,,,,,,,,,,,,,,,,,,,,,,,,,,,,,,,,,,
,What Should you do?.sb3,14,Sprite1,Sprite3,Sprite2,Sprite4,Sprite5,Sprite6,Sprite7,Sprite8,Sprite9,Sprite10,Sprite11,Sprite12,Sprite13,Sprite14,,,,,,,,,,,,,,,,,,,,,,,,,,,,,,,,,,,,,,,,,,,,,,,,,,,,,,,,,,,,,,,,,,,
,Roberto and Ethan  -.sb3,1,Sprite1,,,,,,,,,,,,,,,,,,,,,,,,,,,,,,,,,,,,,,,,,,,,,,,,,,,,,,,,,,,,,,,,,,,,,,,,,,,,,,,,
,Isaiah and Nelson's Project.sb3,5,Sprite1,Sprite2,Sprite3,Sprite4,Sprite5,,,,,,,,,,,,,,,,,,,,,,,,,,,,,,,,,,,,,,,,,,,,,,,,,,,,,,,,,,,,,,,,,,,,,,,,,,,,
,Loggers.sb3,0,,,,,,,,,,,,,,,,,,,,,,,,,,,,,,,,,,,,,,,,,,,,,,,,,,,,,,,,,,,,,,,,,,,,,,,,,,,,,,,,,
,Factory Game remix.sb3,0,,,,,,,,,,,,,,,,,,,,,,,,,,,,,,,,,,,,,,,,,,,,,,,,,,,,,,,,,,,,,,,,,,,,,,,,,,,,,,,,,
,albedo melting ice.sb3,1,Sprite1,,,,,,,,,,,,,,,,,,,,,,,,,,,,,,,,,,,,,,,,,,,,,,,,,,,,,,,,,,,,,,,,,,,,,,,,,,,,,,,,
,Farmer Joe's Adventures (Annie and Josh).sb3,1,Sprite1,,,,,,,,,,,,,,,,,,,,,,,,,,,,,,,,,,,,,,,,,,,,,,,,,,,,,,,,,,,,,,,,,,,,,,,,,,,,,,,,
,co2 game.sb3,0,,,,,,,,,,,,,,,,,,,,,,,,,,,,,,,,,,,,,,,,,,,,,,,,,,,,,,,,,,,,,,,,,,,,,,,,,,,,,,,,,
,Yum Project.sb3,0,,,,,,,,,,,,,,,,,,,,,,,,,,,,,,,,,,,,,,,,,,,,,,,,,,,,,,,,,,,,,,,,,,,,,,,,,,,,,,,,,
,save the polar bears.sb3,1,Sprite1,,,,,,,,,,,,,,,,,,,,,,,,,,,,,,,,,,,,,,,,,,,,,,,,,,,,,,,,,,,,,,,,,,,,,,,,,,,,,,,,
,Joe and Aidan climate change slingshot thingy.sb3,5,Sprite1,Sprite2,Sprite3,Sprite4,Sprite5,,,,,,,,,,,,,,,,,,,,,,,,,,,,,,,,,,,,,,,,,,,,,,,,,,,,,,,,,,,,,,,,,,,,,,,,,,,,
,Lumberjack simulator.sb3,1,Sprite1,,,,,,,,,,,,,,,,,,,,,,,,,,,,,,,,,,,,,,,,,,,,,,,,,,,,,,,,,,,,,,,,,,,,,,,,,,,,,,,,
,beat the heat.sb3,5,Sprite1,Sprite2,Sprite3,Sprite4,Sprite5,,,,,,,,,,,,,,,,,,,,,,,,,,,,,,,,,,,,,,,,,,,,,,,,,,,,,,,,,,,,,,,,,,,,,,,,,,,,
,Stop Global Warming_(2).sb3,16,Sprite1,Sprite2,Sprite3,Sprite4,Sprite5,Sprite6,Sprite7,Sprite8,Sprite9,Sprite10,Sprite11,Sprite12,Sprite13,Sprite14,Sprite15,Sprite16,,,,,,,,,,,,,,,,,,,,,,,,,,,,,,,,,,,,,,,,,,,,,,,,,,,,,,,,,,,,,,,,,
,Save The Ocean: A Crab Game.sb3,8,Sprite1,Sprite2,Sprite5,Sprite3,Sprite4,Sprite6,Sprite7,Sprite8,,,,,,,,,,,,,,,,,,,,,,,,,,,,,,,,,,,,,,,,,,,,,,,,,,,,,,,,,,,,,,,,,,,,,,,,,
,Climate Change Mario.sb3,0,,,,,,,,,,,,,,,,,,,,,,,,,,,,,,,,,,,,,,,,,,,,,,,,,,,,,,,,,,,,,,,,,,,,,,,,,,,,,,,,,
,Save the Sky.sb3,2,Sprite2,Sprite1,,,,,,,,,,,,,,,,,,,,,,,,,,,,,,,,,,,,,,,,,,,,,,,,,,,,,,,,,,,,,,,,,,,,,,,,,,,,,,,
,Overloading Our Carbon Reservoirs.sb3,0,,,,,,,,,,,,,,,,,,,,,,,,,,,,,,,,,,,,,,,,,,,,,,,,,,,,,,,,,,,,,,,,,,,,,,,,,,,,,,,,,
,plants help the enviroment.sb3,0,,,,,,,,,,,,,,,,,,,,,,,,,,,,,,,,,,,,,,,,,,,,,,,,,,,,,,,,,,,,,,,,,,,,,,,,,,,,,,,,,
,The Water Cycle (Lucy & Celia).sb3,2,Sprite1,Sprite2,,,,,,,,,,,,,,,,,,,,,,,,,,,,,,,,,,,,,,,,,,,,,,,,,,,,,,,,,,,,,,,,,,,,,,,,,,,,,,,
,Isabel and Masha.sb3,24,Sprite2,Sprite3,Sprite4,Sprite5,Sprite6,Sprite7,Sprite8,Sprite9,Sprite10,Sprite21,Sprite12,Sprite13,Sprite14,Sprite15,Sprite16,Sprite17,Sprite18,Sprite19,Sprite20,Sprite22,Sprite23,Sprite24,Sprite25,Sprite26,,,,,,,,,,,,,,,,,,,,,,,,,,,,,,,,,,,,,,,,,,,,,,,,,,,,,,,,,
,Factories Taking Over The Atmosphere.sb3,11,Sprite7,Sprite2,Sprite3,Sprite5,Sprite6,Sprite8,Sprite9,Sprite10,Sprite11,Sprite12,Sprite13,,,,,,,,,,,,,,,,,,,,,,,,,,,,,,,,,,,,,,,,,,,,,,,,,,,,,,,,,,,,,,,,,,,,,,
,Talia Celia.sb3,0,,,,,,,,,,,,,,,,,,,,,,,,,,,,,,,,,,,,,,,,,,,,,,,,,,,,,,,,,,,,,,,,,,,,,,,,,,,,,,,,,
,Yinyao Duan.sb3,3,Sprite1,Sprite2,Sprite3,,,,,,,,,,,,,,,,,,,,,,,,,,,,,,,,,,,,,,,,,,,,,,,,,,,,,,,,,,,,,,,,,,,,,,,,,,,,,,
,Dat Boi Gets Around.sb3,0,,,,,,,,,,,,,,,,,,,,,,,,,,,,,,,,,,,,,,,,,,,,,,,,,,,,,,,,,,,,,,,,,,,,,,,,,,,,,,,,,
,CO2 Stopper Copter.sb3,4,Sprite1,Sprite2,Sprite3,Sprite4,,,,,,,,,,,,,,,,,,,,,,,,,,,,,,,,,,,,,,,,,,,,,,,,,,,,,,,,,,,,,,,,,,,,,,,,,,,,,
,Save the earth.sb3,0,,,,,,,,,,,,,,,,,,,,,,,,,,,,,,,,,,,,,,,,,,,,,,,,,,,,,,,,,,,,,,,,,,,,,,,,,,,,,,,,,
,Save the Polor Bear.sb3,0,,,,,,,,,,,,,,,,,,,,,,,,,,,,,,,,,,,,,,,,,,,,,,,,,,,,,,,,,,,,,,,,,,,,,,,,,,,,,,,,,
,"Dumphy-Manfredi, Boris Scratch Project.sb3",6,Sprite1,Sprite2,Sprite6,Sprite3,Sprite7,Sprite8,,,,,,,,,,,,,,,,,,,,,,,,,,,,,,,,,,,,,,,,,,,,,,,,,,,,,,,,,,,,,,,,,,,,,,,,,,,
,tree game.sb3,3,Sprite1,Sprite2,Sprite3,,,,,,,,,,,,,,,,,,,,,,,,,,,,,,,,,,,,,,,,,,,,,,,,,,,,,,,,,,,,,,,,,,,,,,,,,,,,,,
,Untitled-2.sb3,1,Sprite1,,,,,,,,,,,,,,,,,,,,,,,,,,,,,,,,,,,,,,,,,,,,,,,,,,,,,,,,,,,,,,,,,,,,,,,,,,,,,,,,
,Global Warming: The Game.sb3,2,Sprite2,Sprite4,,,,,,,,,,,,,,,,,,,,,,,,,,,,,,,,,,,,,,,,,,,,,,,,,,,,,,,,,,,,,,,,,,,,,,,,,,,,,,,
,Soccer Game.sb3,0,,,,,,,,,,,,,,,,,,,,,,,,,,,,,,,,,,,,,,,,,,,,,,,,,,,,,,,,,,,,,,,,,,,,,,,,,,,,,,,,,
,Climate Change Project.sb3,20,Sprite1,Sprite2,Sprite3,Sprite4,Sprite5,Sprite7,Sprite8,Sprite6,Sprite9,Sprite10,Sprite11,Sprite12,Sprite13,Sprite14,Sprite15,Sprite16,Sprite17,Sprite18,Sprite19,Sprite20,,,,,,,,,,,,,,,,,,,,,,,,,,,,,,,,,,,,,,,,,,,,,,,,,,,,,,,,,,,,,
,CO2 Crusher.sb3,1,Sprite3,,,,,,,,,,,,,,,,,,,,,,,,,,,,,,,,,,,,,,,,,,,,,,,,,,,,,,,,,,,,,,,,,,,,,,,,,,,,,,,,
,Mark Jeremy.sb3,1,Sprite1,,,,,,,,,,,,,,,,,,,,,,,,,,,,,,,,,,,,,,,,,,,,,,,,,,,,,,,,,,,,,,,,,,,,,,,,,,,,,,,,
,Zampieri Zucchero Project.sb3,1,Sprite1,,,,,,,,,,,,,,,,,,,,,,,,,,,,,,,,,,,,,,,,,,,,,,,,,,,,,,,,,,,,,,,,,,,,,,,,,,,,,,,,
,"CARBON CLICKING (Arjun, the other one was screwed up so I made a new one).sb3",3,Sprite1,Sprite3,Sprite2,,,,,,,,,,,,,,,,,,,,,,,,,,,,,,,,,,,,,,,,,,,,,,,,,,,,,,,,,,,,,,,,,,,,,,,,,,,,,,
,Untitled_(2).sb3,1,Sprite1,,,,,,,,,,,,,,,,,,,,,,,,,,,,,,,,,,,,,,,,,,,,,,,,,,,,,,,,,,,,,,,,,,,,,,,,,,,,,,,,
,Climate Change Game_(2).sb3,0,,,,,,,,,,,,,,,,,,,,,,,,,,,,,,,,,,,,,,,,,,,,,,,,,,,,,,,,,,,,,,,,,,,,,,,,,,,,,,,,,
,DO NOT PLAY THIS GAME. PLAY THE OTHER ONE!.sb3,2,Sprite2,Sprite1,,,,,,,,,,,,,,,,,,,,,,,,,,,,,,,,,,,,,,,,,,,,,,,,,,,,,,,,,,,,,,,,,,,,,,,,,,,,,,,
,Water Levels-LilyStaceyHenri.sb3,0,,,,,,,,,,,,,,,,,,,,,,,,,,,,,,,,,,,,,,,,,,,,,,,,,,,,,,,,,,,,,,,,,,,,,,,,,,,,,,,,,
,Scratch Trivia Game remix.sb3,2,Sprite1,Sprite2,,,,,,,,,,,,,,,,,,,,,,,,,,,,,,,,,,,,,,,,,,,,,,,,,,,,,,,,,,,,,,,,,,,,,,,,,,,,,,,
,Pool Day.sb3,0,,,,,,,,,,,,,,,,,,,,,,,,,,,,,,,,,,,,,,,,,,,,,,,,,,,,,,,,,,,,,,,,,,,,,,,,,,,,,,,,,
,Pollution Game.sb3,6,Sprite1,Sprite2,Sprite3,Sprite6,Sprite4,Sprite5,,,,,,,,,,,,,,,,,,,,,,,,,,,,,,,,,,,,,,,,,,,,,,,,,,,,,,,,,,,,,,,,,,,,,,,,,,,
,Abby and Grace's project.sb3,0,,,,,,,,,,,,,,,,,,,,,,,,,,,,,,,,,,,,,,,,,,,,,,,,,,,,,,,,,,,,,,,,,,,,,,,,,,,,,,,,,
,Drive the Planet to an End.sb3,3,Sprite1,Sprite2,Sprite3,,,,,,,,,,,,,,,,,,,,,,,,,,,,,,,,,,,,,,,,,,,,,,,,,,,,,,,,,,,,,,,,,,,,,,,,,,,,,,
,This Sea Level Rise is Terrible_(2).sb3,0,,,,,,,,,,,,,,,,,,,,,,,,,,,,,,,,,,,,,,,,,,,,,,,,,,,,,,,,,,,,,,,,,,,,,,,,,,,,,,,,,
,Kori-Reign Kourtney Animation Challange.sb3,1,Sprite1,,,,,,,,,,,,,,,,,,,,,,,,,,,,,,,,,,,,,,,,,,,,,,,,,,,,,,,,,,,,,,,,,,,,,,,,,,,,,,,,
,Bronson and Jacek Scratch Project.sb3,34,Sprite1,Sprite2,Sprite3,Sprite4,Sprite5,Sprite6,Sprite7,Sprite8,Sprite9,Sprite10,Sprite11,Sprite12,Sprite13,Sprite14,Sprite15,Sprite16,Sprite17,Sprite18,Sprite19,Sprite20,Sprite21,Sprite22,Sprite23,Sprite24,Sprite25,Sprite26,Sprite27,Sprite28,Sprite29,Sprite30,Sprite31,Sprite32,Sprite33,Sprite34,,,,,,,,,,,,,,,,,,,,,,,,,,,,,,,,,,,,,,,,,,,,,,,
,Climate Change in Life Decision.sb3,10,Sprite1,Sprite3,Sprite2,Sprite4,Sprite5,Sprite6,Sprite7,Sprite8,Sprite12,Sprite13,,,,,,,,,,,,,,,,,,,,,,,,,,,,,,,,,,,,,,,,,,,,,,,,,,,,,,,,,,,,,,,,,,,,,,,
,"scratch game Liz, Ava.sb3",0,,,,,,,,,,,,,,,,,,,,,,,,,,,,,,,,,,,,,,,,,,,,,,,,,,,,,,,,,,,,,,,,,,,,,,,,,,,,,,,,,
,Zhimin and Isabella.sb3,7,Sprite1,Sprite4,Sprite5,Sprite6,Sprite7,Sprite3,Sprite8,,,,,,,,,,,,,,,,,,,,,,,,,,,,,,,,,,,,,,,,,,,,,,,,,,,,,,,,,,,,,,,,,,,,,,,,,,
,Project electro.sb3,3,Sprite1,Sprite2,Sprite4,,,,,,,,,,,,,,,,,,,,,,,,,,,,,,,,,,,,,,,,,,,,,,,,,,,,,,,,,,,,,,,,,,,,,,,,,,,,,,
,Super Chad Bro..sb3,10,Sprite1,Sprite3,Sprite4,Sprite5,Sprite2,Sprite6,Sprite7,Sprite8,Sprite10,Sprite9,,,,,,,,,,,,,,,,,,,,,,,,,,,,,,,,,,,,,,,,,,,,,,,,,,,,,,,,,,,,,,,,,,,,,,,
,Climate Pong_(2).sb3,2,Sprite1,Sprite2,,,,,,,,,,,,,,,,,,,,,,,,,,,,,,,,,,,,,,,,,,,,,,,,,,,,,,,,,,,,,,,,,,,,,,,,,,,,,,,
,Greenhouse Gases Game.sb3,1,Sprite1,,,,,,,,,,,,,,,,,,,,,,,,,,,,,,,,,,,,,,,,,,,,,,,,,,,,,,,,,,,,,,,,,,,,,,,,,,,,,,,,
,city creator.sb3,5,Sprite2,Sprite1,Sprite4,Sprite3,Sprite5,,,,,,,,,,,,,,,,,,,,,,,,,,,,,,,,,,,,,,,,,,,,,,,,,,,,,,,,,,,,,,,,,,,,,,,,,,,,
,DestroyingTheWorld.inc.exe..sb3,0,,,,,,,,,,,,,,,,,,,,,,,,,,,,,,,,,,,,,,,,,,,,,,,,,,,,,,,,,,,,,,,,,,,,,,,,,,,,,,,,,
,Climate change- Emari Wakefield and Julia Machado.sb3,1,Sprite1,,,,,,,,,,,,,,,,,,,,,,,,,,,,,,,,,,,,,,,,,,,,,,,,,,,,,,,,,,,,,,,,,,,,,,,,,,,,,,,,
,Brooke_Miranda.sb3,0,,,,,,,,,,,,,,,,,,,,,,,,,,,,,,,,,,,,,,,,,,,,,,,,,,,,,,,,,,,,,,,,,,,,,,,,,,,,,,,,,
,Alex and Hannah's project.sb3,4,Sprite1,Sprite2,Sprite11,Sprite3,,,,,,,,,,,,,,,,,,,,,,,,,,,,,,,,,,,,,,,,,,,,,,,,,,,,,,,,,,,,,,,,,,,,,,,,,,,,,
,"Michael, Katya, Phillip project.sb3",0,,,,,,,,,,,,,,,,,,,,,,,,,,,,,,,,,,,,,,,,,,,,,,,,,,,,,,,,,,,,,,,,,,,,,,,,,,,,,,,,,
,Tree Doggo.sb3,7,Sprite4,Sprite5,Sprite6,Sprite1,Sprite2,Sprite3,Sprite7,,,,,,,,,,,,,,,,,,,,,,,,,,,,,,,,,,,,,,,,,,,,,,,,,,,,,,,,,,,,,,,,,,,,,,,,,,
,Julia and Meri's Game.sb3,0,,,,,,,,,,,,,,,,,,,,,,,,,,,,,,,,,,,,,,,,,,,,,,,,,,,,,,,,,,,,,,,,,,,,,,,,,,,,,,,,,
,"Deforestation By- Esther, Emily, Zero.sb3",4,Sprite3,Sprite5,Sprite8,Sprite1,,,,,,,,,,,,,,,,,,,,,,,,,,,,,,,,,,,,,,,,,,,,,,,,,,,,,,,,,,,,,,,,,,,,,,,,,,,,,
,Carbon Game.sb3,0,,,,,,,,,,,,,,,,,,,,,,,,,,,,,,,,,,,,,,,,,,,,,,,,,,,,,,,,,,,,,,,,,,,,,,,,,,,,,,,,,
,COLLECT THE CO2.sb3,0,,,,,,,,,,,,,,,,,,,,,,,,,,,,,,,,,,,,,,,,,,,,,,,,,,,,,,,,,,,,,,,,,,,,,,,,,,,,,,,,,
,Carbon Annihilation.sb3,2,Sprite18,Sprite1,,,,,,,,,,,,,,,,,,,,,,,,,,,,,,,,,,,,,,,,,,,,,,,,,,,,,,,,,,,,,,,,,,,,,,,,,,,,,,,
,Leyla and Erin-3 remix remix.sb3,7,Sprite7,Sprite1,Sprite2,Sprite3,Sprite4,Sprite5,Sprite6,,,,,,,,,,,,,,,,,,,,,,,,,,,,,,,,,,,,,,,,,,,,,,,,,,,,,,,,,,,,,,,,,,,,,,,,,,
,Deforestation.sb3,0,,,,,,,,,,,,,,,,,,,,,,,,,,,,,,,,,,,,,,,,,,,,,,,,,,,,,,,,,,,,,,,,,,,,,,,,,,,,,,,,,
,CCTD - (Climate Change Tower Defense).sb3,0,,,,,,,,,,,,,,,,,,,,,,,,,,,,,,,,,,,,,,,,,,,,,,,,,,,,,,,,,,,,,,,,,,,,,,,,,,,,,,,,,
,Climate Change Choose Your Own Adventure.sb3,1,Sprite 1,,,,,,,,,,,,,,,,,,,,,,,,,,,,,,,,,,,,,,,,,,,,,,,,,,,,,,,,,,,,,,,,,,,,,,,,,,,,,,,,
,Albedo Pong.sb3,10,Sprite2,Sprite5,Sprite3,Sprite4,Sprite11,Sprite1,Sprite6,Sprite7,Sprite8,Sprite9,,,,,,,,,,,,,,,,,,,,,,,,,,,,,,,,,,,,,,,,,,,,,,,,,,,,,,,,,,,,,,,,,,,,,,,
,Climate Change choices.sb3,3,Sprite1,Sprite2,Sprite3,,,,,,,,,,,,,,,,,,,,,,,,,,,,,,,,,,,,,,,,,,,,,,,,,,,,,,,,,,,,,,,,,,,,,,,,,,,,,,
,Brian and Kyle.sb3,6,Sprite1,Sprite2,Sprite3,Sprite4,Sprite5,Sprite6,,,,,,,,,,,,,,,,,,,,,,,,,,,,,,,,,,,,,,,,,,,,,,,,,,,,,,,,,,,,,,,,,,,,,,,,,,,
,Penguin Saver- By Holland and Andrew.sb3,22,Sprite2,Sprite9,Sprite3,Sprite4,Sprite5,Sprite6,Sprite7,Sprite8,Sprite10,Sprite11,Sprite12,Sprite13,Sprite14,Sprite15,Sprite16,Sprite18,Sprite19,Sprite20,Sprite21,Sprite1,Sprite22,Sprite17,,,,,,,,,,,,,,,,,,,,,,,,,,,,,,,,,,,,,,,,,,,,,,,,,,,,,,,,,,,
,Mitigation - Elias Daniel- F Block.sb3,4,Sprite1,Sprite2,Sprite3,Sprite4,,,,,,,,,,,,,,,,,,,,,,,,,,,,,,,,,,,,,,,,,,,,,,,,,,,,,,,,,,,,,,,,,,,,,,,,,,,,,
,Climate Change Project: Saving the penguin.sb3,2,Sprite1,Sprite2,,,,,,,,,,,,,,,,,,,,,,,,,,,,,,,,,,,,,,,,,,,,,,,,,,,,,,,,,,,,,,,,,,,,,,,,,,,,,,,
,Help the Turtle!.sb3,6,Sprite1,Sprite2,Sprite3,Sprite4,Sprite5,Sprite6,,,,,,,,,,,,,,,,,,,,,,,,,,,,,,,,,,,,,,,,,,,,,,,,,,,,,,,,,,,,,,,,,,,,,,,,,,,
,CARbon Killer.sb3,1,Sprite1,,,,,,,,,,,,,,,,,,,,,,,,,,,,,,,,,,,,,,,,,,,,,,,,,,,,,,,,,,,,,,,,,,,,,,,,,,,,,,,,
,Deforestation Hailey and Remi's Game.sb3,0,,,,,,,,,,,,,,,,,,,,,,,,,,,,,,,,,,,,,,,,,,,,,,,,,,,,,,,,,,,,,,,,,,,,,,,,,,,,,,,,,
,Ice Cap Hero!.sb3,4,Sprite1,Sprite2,Sprite3,Sprite4,,,,,,,,,,,,,,,,,,,,,,,,,,,,,,,,,,,,,,,,,,,,,,,,,,,,,,,,,,,,,,,,,,,,,,,,,,,,,
,Untitled-3_(4).sb3,6,Sprite2,Sprite3,Sprite4,Sprite5,Sprite1,Sprite6,,,,,,,,,,,,,,,,,,,,,,,,,,,,,,,,,,,,,,,,,,,,,,,,,,,,,,,,,,,,,,,,,,,,,,,,,,,
,Ella and Olivia's Game.sb3,1,Sprite1,,,,,,,,,,,,,,,,,,,,,,,,,,,,,,,,,,,,,,,,,,,,,,,,,,,,,,,,,,,,,,,,,,,,,,,,,,,,,,,,
,Logan and Braiden scratch proj D block.sb3,0,,,,,,,,,,,,,,,,,,,,,,,,,,,,,,,,,,,,,,,,,,,,,,,,,,,,,,,,,,,,,,,,,,,,,,,,,,,,,,,,,
,Truegreen7.sb3,1,Sprite1,,,,,,,,,,,,,,,,,,,,,,,,,,,,,,,,,,,,,,,,,,,,,,,,,,,,,,,,,,,,,,,,,,,,,,,,,,,,,,,,
,Catch the CO2.sb3,0,,,,,,,,,,,,,,,,,,,,,,,,,,,,,,,,,,,,,,,,,,,,,,,,,,,,,,,,,,,,,,,,,,,,,,,,,,,,,,,,,
,snowflake collect.sb3,0,,,,,,,,,,,,,,,,,,,,,,,,,,,,,,,,,,,,,,,,,,,,,,,,,,,,,,,,,,,,,,,,,,,,,,,,,,,,,,,,,
,ERIC AND ROSIE ANIMATION CHALLENGE.sb3,0,,,,,,,,,,,,,,,,,,,,,,,,,,,,,,,,,,,,,,,,,,,,,,,,,,,,,,,,,,,,,,,,,,,,,,,,,,,,,,,,,
,Aman and Brady Project.sb3,2,Sprite1,Sprite2,,,,,,,,,,,,,,,,,,,,,,,,,,,,,,,,,,,,,,,,,,,,,,,,,,,,,,,,,,,,,,,,,,,,,,,,,,,,,,,
,The Chosen One.sb3,0,,,,,,,,,,,,,,,,,,,,,,,,,,,,,,,,,,,,,,,,,,,,,,,,,,,,,,,,,,,,,,,,,,,,,,,,,,,,,,,,,
,"Melica, Jaycee, Natsuka Climate Change Game.sb3",21,Sprite3,Sprite4,Sprite15,Sprite9,Sprite10,Sprite12,Sprite14,Sprite16,Sprite17,Sprite18,Sprite19,Sprite5,Sprite1,Sprite6,Sprite7,Sprite21,Sprite22,Sprite23,Sprite24,Sprite26,Sprite8,,,,,,,,,,,,,,,,,,,,,,,,,,,,,,,,,,,,,,,,,,,,,,,,,,,,,,,,,,,,
,CO2 journey.sb3,7,Sprite1,Sprite2,Sprite3,Sprite4,Sprite6,Sprite5,Sprite7,,,,,,,,,,,,,,,,,,,,,,,,,,,,,,,,,,,,,,,,,,,,,,,,,,,,,,,,,,,,,,,,,,,,,,,,,,
,Space CO2.sb3,1,Sprite1,,,,,,,,,,,,,,,,,,,,,,,,,,,,,,,,,,,,,,,,,,,,,,,,,,,,,,,,,,,,,,,,,,,,,,,,,,,,,,,,
,Elsa saves the world alebdo style.sb3,1,Sprite1,,,,,,,,,,,,,,,,,,,,,,,,,,,,,,,,,,,,,,,,,,,,,,,,,,,,,,,,,,,,,,,,,,,,,,,,,,,,,,,,
,DON'T TOUCH THE WATER.sb3,1,Sprite2,,,,,,,,,,,,,,,,,,,,,,,,,,,,,,,,,,,,,,,,,,,,,,,,,,,,,,,,,,,,,,,,,,,,,,,,,,,,,,,,
,co2 emmision game.sb3,0,,,,,,,,,,,,,,,,,,,,,,,,,,,,,,,,,,,,,,,,,,,,,,,,,,,,,,,,,,,,,,,,,,,,,,,,,,,,,,,,,
,Save the Planet!.sb3,0,,,,,,,,,,,,,,,,,,,,,,,,,,,,,,,,,,,,,,,,,,,,,,,,,,,,,,,,,,,,,,,,,,,,,,,,,,,,,,,,,
,Carbon Run_(2).sb3,1,Sprite1,,,,,,,,,,,,,,,,,,,,,,,,,,,,,,,,,,,,,,,,,,,,,,,,,,,,,,,,,,,,,,,,,,,,,,,,,,,,,,,,
,Car.sb3,0,,,,,,,,,,,,,,,,,,,,,,,,,,,,,,,,,,,,,,,,,,,,,,,,,,,,,,,,,,,,,,,,,,,,,,,,,,,,,,,,,
,CO2 emissions Game.sb3,3,Sprite1,Sprite2,Sprite3,,,,,,,,,,,,,,,,,,,,,,,,,,,,,,,,,,,,,,,,,,,,,,,,,,,,,,,,,,,,,,,,,,,,,,,,,,,,,,
,`_(3).sb3,2,Sprite1,Sprite2,,,,,,,,,,,,,,,,,,,,,,,,,,,,,,,,,,,,,,,,,,,,,,,,,,,,,,,,,,,,,,,,,,,,,,,,,,,,,,,
,Scratch CO2 Project.sb3,0,,,,,,,,,,,,,,,,,,,,,,,,,,,,,,,,,,,,,,,,,,,,,,,,,,,,,,,,,,,,,,,,,,,,,,,,,,,,,,,,,
,"You Can Stop Climate Change, One Shopping Trip At A Time!.sb3",1,Sprite1,,,,,,,,,,,,,,,,,,,,,,,,,,,,,,,,,,,,,,,,,,,,,,,,,,,,,,,,,,,,,,,,,,,,,,,,,,,,,,,,
,Franki and Elena's game.sb3,0,,,,,,,,,,,,,,,,,,,,,,,,,,,,,,,,,,,,,,,,,,,,,,,,,,,,,,,,,,,,,,,,,,,,,,,,,,,,,,,,,
,Greenhouse Effect Pong Game.sb3,2,Sprite3,Sprite4,,,,,,,,,,,,,,,,,,,,,,,,,,,,,,,,,,,,,,,,,,,,,,,,,,,,,,,,,,,,,,,,,,,,,,,,,,,,,,,
,Super Planty Bros (Drew and Sasha).sb3,2,Sprite2,Sprite1,,,,,,,,,,,,,,,,,,,,,,,,,,,,,,,,,,,,,,,,,,,,,,,,,,,,,,,,,,,,,,,,,,,,,,,,,,,,,,,
,Lumberjack Attack.sb3,0,,,,,,,,,,,,,,,,,,,,,,,,,,,,,,,,,,,,,,,,,,,,,,,,,,,,,,,,,,,,,,,,,,,,,,,,,,,,,,,,,
,Danilo and Alba Trees climate change.sb3,1,Sprite1,,,,,,,,,,,,,,,,,,,,,,,,,,,,,,,,,,,,,,,,,,,,,,,,,,,,,,,,,,,,,,,,,,,,,,,,,,,,,,,,
,SofiaKevinAnimationChallenge.sb3,1,Sprite1,,,,,,,,,,,,,,,,,,,,,,,,,,,,,,,,,,,,,,,,,,,,,,,,,,,,,,,,,,,,,,,,,,,,,,,,,,,,,,,,
,Save the Trees!.sb3,1,Sprite1,,,,,,,,,,,,,,,,,,,,,,,,,,,,,,,,,,,,,,,,,,,,,,,,,,,,,,,,,,,,,,,,,,,,,,,,,,,,,,,,
,Climate Change Game_(3).sb3,0,,,,,,,,,,,,,,,,,,,,,,,,,,,,,,,,,,,,,,,,,,,,,,,,,,,,,,,,,,,,,,,,,,,,,,,,,,,,,,,,,
,CO2 Drop.sb3,17,Sprite3,Sprite5,Sprite6,Sprite7,Sprite8,Sprite11,Sprite12,Sprite13,Sprite14,Sprite15,Sprite16,Sprite2,Sprite1,Sprite4,Sprite9,Sprite10,Sprite17,,,,,,,,,,,,,,,,,,,,,,,,,,,,,,,,,,,,,,,,,,,,,,,,,,,,,,,,,,,,,,,,
,PONG CLIMATE CHANGE.sb3,2,Sprite1,Sprite3,,,,,,,,,,,,,,,,,,,,,,,,,,,,,,,,,,,,,,,,,,,,,,,,,,,,,,,,,,,,,,,,,,,,,,,,,,,,,,,
,Carbon Run.sb3,5,Sprite1,Sprite2,Sprite3,Sprite5,Sprite6,,,,,,,,,,,,,,,,,,,,,,,,,,,,,,,,,,,,,,,,,,,,,,,,,,,,,,,,,,,,,,,,,,,,,,,,,,,,
,Harsh Tree Why Me..sb3,1,Sprite2,,,,,,,,,,,,,,,,,,,,,,,,,,,,,,,,,,,,,,,,,,,,,,,,,,,,,,,,,,,,,,,,,,,,,,,,,,,,,,,,
,The Night sky.sb3,0,,,,,,,,,,,,,,,,,,,,,,,,,,,,,,,,,,,,,,,,,,,,,,,,,,,,,,,,,,,,,,,,,,,,,,,,,,,,,,,,,
,Project Climate Change-Sarah and Shuva.sb3,29,Sprite1,Sprite19,Sprite3,Sprite5,Sprite4,Sprite6,Sprite7,Sprite8,Sprite9,Sprite10,Sprite11,Sprite23,Sprite20,Sprite2,Sprite18,Sprite17,Sprite13,Sprite14,Sprite15,Sprite16,Sprite12,Sprite21,Sprite22,Sprite24,Sprite25,Sprite26,Sprite27,Sprite28,Sprite29,,,,,,,,,,,,,,,,,,,,,,,,,,,,,,,,,,,,,,,,,,,,,,,,,,,,
,Everyday Life and Climate Change.sb3,10,Sprite1,Sprite2,Sprite3,Sprite4,Sprite5,Sprite6,Sprite7,Sprite8,Sprite9,Sprite10,,,,,,,,,,,,,,,,,,,,,,,,,,,,,,,,,,,,,,,,,,,,,,,,,,,,,,,,,,,,,,,,,,,,,,,
,Don't Get Burned!.sb3,1,Sprite1,,,,,,,,,,,,,,,,,,,,,,,,,,,,,,,,,,,,,,,,,,,,,,,,,,,,,,,,,,,,,,,,,,,,,,,,,,,,,,,,
,Save the World from Co2!.sb3,6,Sprite1,Sprite2,Sprite3,Sprite4,Sprite5,Sprite6,,,,,,,,,,,,,,,,,,,,,,,,,,,,,,,,,,,,,,,,,,,,,,,,,,,,,,,,,,,,,,,,,,,,,,,,,,,
,Save The Trees_(2).sb3,2,Sprite1,Sprite2,,,,,,,,,,,,,,,,,,,,,,,,,,,,,,,,,,,,,,,,,,,,,,,,,,,,,,,,,,,,,,,,,,,,,,,,,,,,,,,
,STORY.sb3,0,,,,,,,,,,,,,,,,,,,,,,,,,,,,,,,,,,,,,,,,,,,,,,,,,,,,,,,,,,,,,,,,,,,,,,,,,,,,,,,,,
,Grayson Josh Animation Challenge.sb3,1,Sprite1,,,,,,,,,,,,,,,,,,,,,,,,,,,,,,,,,,,,,,,,,,,,,,,,,,,,,,,,,,,,,,,,,,,,,,,,,,,,,,,,
,Fight Wanda the Evil Lumberjack.sb3,0,,,,,,,,,,,,,,,,,,,,,,,,,,,,,,,,,,,,,,,,,,,,,,,,,,,,,,,,,,,,,,,,,,,,,,,,,,,,,,,,,
,Co2 Catch.sb3,0,,,,,,,,,,,,,,,,,,,,,,,,,,,,,,,,,,,,,,,,,,,,,,,,,,,,,,,,,,,,,,,,,,,,,,,,,,,,,,,,,
,Energy Efficiency.sb3,0,,,,,,,,,,,,,,,,,,,,,,,,,,,,,,,,,,,,,,,,,,,,,,,,,,,,,,,,,,,,,,,,,,,,,,,,,,,,,,,,,
,Catch the CO2_(2).sb3,0,,,,,,,,,,,,,,,,,,,,,,,,,,,,,,,,,,,,,,,,,,,,,,,,,,,,,,,,,,,,,,,,,,,,,,,,,,,,,,,,,
,Climate Change- Ice Melting.sb3,20,Sprite1,Sprite3,Sprite4,Sprite2,Sprite5,Sprite6,Sprite7,Sprite9,Sprite8,Sprite10,Sprite11,Sprite13,Sprite14,Sprite16,Sprite17,Sprite18,Sprite20,Sprite19,Sprite12,Sprite15,,,,,,,,,,,,,,,,,,,,,,,,,,,,,,,,,,,,,,,,,,,,,,,,,,,,,,,,,,,,,
,Climate Change Tetris.sb3,0,,,,,,,,,,,,,,,,,,,,,,,,,,,,,,,,,,,,,,,,,,,,,,,,,,,,,,,,,,,,,,,,,,,,,,,,,,,,,,,,,
,climate change highway.sb3,7,Sprite1,Sprite11,Sprite2,Sprite3,Sprite4,Sprite5,Sprite6,,,,,,,,,,,,,,,,,,,,,,,,,,,,,,,,,,,,,,,,,,,,,,,,,,,,,,,,,,,,,,,,,,,,,,,,,,
,sam.sb3,81,Sprite2,Sprite3,Sprite14,Sprite4,Sprite5,Sprite6,Sprite7,Sprite8,Sprite9,Sprite10,Sprite15,Sprite17,Sprite18,Sprite1,Sprite19,Sprite20,Sprite21,Sprite22,Sprite23,Sprite24,Sprite25,Sprite26,Sprite27,Sprite28,Sprite29,Sprite30,Sprite31,Sprite32,Sprite33,Sprite34,Sprite35,Sprite16,Sprite36,Sprite37,Sprite38,Sprite39,Sprite40,Sprite41,Sprite42,Sprite43,Sprite44,Sprite45,Sprite46,Sprite47,Sprite48,Sprite49,Sprite50,Sprite51,Sprite52,Sprite53,Sprite54,Sprite55,Sprite56,Sprite57,Sprite59,Sprite60,Sprite68,Sprite69,Sprite70,Sprite71,Sprite72,Sprite73,Sprite74,Sprite75,Sprite76,Sprite77,Sprite78,Sprite79,Sprite80,Sprite81,Sprite82,Sprite83,Sprite84,Sprite58,Sprite61,Sprite62,Sprite63,Sprite64,Sprite66,Sprite67,Sprite98
,catch the CO2 by Olivia and Polina.sb3,0,,,,,,,,,,,,,,,,,,,,,,,,,,,,,,,,,,,,,,,,,,,,,,,,,,,,,,,,,,,,,,,,,,,,,,,,,,,,,,,,,
,Untitled-3.sb3,0,,,,,,,,,,,,,,,,,,,,,,,,,,,,,,,,,,,,,,,,,,,,,,,,,,,,,,,,,,,,,,,,,,,,,,,,,,,,,,,,,
,Pollution Control.sb3,2,Sprite1,Sprite2,,,,,,,,,,,,,,,,,,,,,,,,,,,,,,,,,,,,,,,,,,,,,,,,,,,,,,,,,,,,,,,,,,,,,,,,,,,,,,,
,Temperature Changes.sb3,1,Sprite3,,,,,,,,,,,,,,,,,,,,,,,,,,,,,,,,,,,,,,,,,,,,,,,,,,,,,,,,,,,,,,,,,,,,,,,,,,,,,,,,
,Co2 Game_(2).sb3,0,,,,,,,,,,,,,,,,,,,,,,,,,,,,,,,,,,,,,,,,,,,,,,,,,,,,,,,,,,,,,,,,,,,,,,,,,,,,,,,,,
,Don't Burn Up!.sb3,59,Sprite1,Sprite2,Sprite4,Sprite5,Sprite6,Sprite7,Sprite8,Sprite9,Sprite10,Sprite11,Sprite12,Sprite13,Sprite3,Sprite14,Sprite15,Sprite16,Sprite17,Sprite18,Sprite19,Sprite20,Sprite21,Sprite22,Sprite23,Sprite24,Sprite25,Sprite26,Sprite27,Sprite28,Sprite29,Sprite30,Sprite31,Sprite32,Sprite33,Sprite34,Sprite35,Sprite36,Sprite37,Sprite38,Sprite39,Sprite40,Sprite41,Sprite42,Sprite43,Sprite44,Sprite45,Sprite46,Sprite47,Sprite48,Sprite49,Sprite50,Sprite51,Sprite52,Sprite53,Sprite54,Sprite55,Sprite56,Sprite57,Sprite58,Sprite59,,,,,,,,,,,,,,,,,,,,,,
,Ella and Arsema animation Challenge.sb3,1,Sprite1,,,,,,,,,,,,,,,,,,,,,,,,,,,,,,,,,,,,,,,,,,,,,,,,,,,,,,,,,,,,,,,,,,,,,,,,,,,,,,,,
,Ocean CO2.sb3,0,,,,,,,,,,,,,,,,,,,,,,,,,,,,,,,,,,,,,,,,,,,,,,,,,,,,,,,,,,,,,,,,,,,,,,,,,,,,,,,,,
,Sugar Maple Survival.sb3,2,Sprite1,Sprite 2,,,,,,,,,,,,,,,,,,,,,,,,,,,,,,,,,,,,,,,,,,,,,,,,,,,,,,,,,,,,,,,,,,,,,,,,,,,,,,,
,Reducing carbon maze.sb3,2,Sprite1,Sprite2,,,,,,,,,,,,,,,,,,,,,,,,,,,,,,,,,,,,,,,,,,,,,,,,,,,,,,,,,,,,,,,,,,,,,,,,,,,,,,,
,Factory Game Thalia and Jehan.sb3,0,,,,,,,,,,,,,,,,,,,,,,,,,,,,,,,,,,,,,,,,,,,,,,,,,,,,,,,,,,,,,,,,,,,,,,,,,,,,,,,,,
,Untitled.sb3,0,,,,,,,,,,,,,,,,,,,,,,,,,,,,,,,,,,,,,,,,,,,,,,,,,,,,,,,,,,,,,,,,,,,,,,,,,,,,,,,,,
,Co2 Collector.sb3,0,,,,,,,,,,,,,,,,,,,,,,,,,,,,,,,,,,,,,,,,,,,,,,,,,,,,,,,,,,,,,,,,,,,,,,,,,,,,,,,,,
,WACK-A-GAS.sb3,0,,,,,,,,,,,,,,,,,,,,,,,,,,,,,,,,,,,,,,,,,,,,,,,,,,,,,,,,,,,,,,,,,,,,,,,,,,,,,,,,,
,Scratch Project: Helen & Condoleezza.sb3,0,,,,,,,,,,,,,,,,,,,,,,,,,,,,,,,,,,,,,,,,,,,,,,,,,,,,,,,,,,,,,,,,,,,,,,,,,,,,,,,,,
,New School Project.sb3,7,Sprite1,Sprite2,Sprite3,Sprite4,Sprite5,Sprite6,Sprite7,,,,,,,,,,,,,,,,,,,,,,,,,,,,,,,,,,,,,,,,,,,,,,,,,,,,,,,,,,,,,,,,,,,,,,,,,,
,jumpy tree.sb3,2,Sprite1,Sprite2,,,,,,,,,,,,,,,,,,,,,,,,,,,,,,,,,,,,,,,,,,,,,,,,,,,,,,,,,,,,,,,,,,,,,,,,,,,,,,,
,Hit the Target.sb3,21,Sprite4,Sprite1,Sprite2,Sprite5,Sprite7,Sprite8,Sprite9,Sprite3,Sprite6,Sprite10,Sprite11,Sprite12,Sprite13,Sprite14,Sprite15,Sprite16,Sprite17,Sprite18,Sprite19,Sprite20,Sprite22,,,,,,,,,,,,,,,,,,,,,,,,,,,,,,,,,,,,,,,,,,,,,,,,,,,,,,,,,,,,
,Tigran and David Game.sb3,1,Sprite1,,,,,,,,,,,,,,,,,,,,,,,,,,,,,,,,,,,,,,,,,,,,,,,,,,,,,,,,,,,,,,,,,,,,,,,,,,,,,,,,
,`.sb3,1,Sprite1,,,,,,,,,,,,,,,,,,,,,,,,,,,,,,,,,,,,,,,,,,,,,,,,,,,,,,,,,,,,,,,,,,,,,,,,,,,,,,,,
,Carbon Clouds.sb3,15,Sprite1,Sprite2,Sprite3,Sprite4,Sprite5,Sprite6,Sprite7,Sprite8,Sprite13,Sprite9,Sprite10,Sprite11,Sprite12,Sprite14,Sprite15,,,,,,,,,,,,,,,,,,,,,,,,,,,,,,,,,,,,,,,,,,,,,,,,,,,,,,,,,,,,,,,,,,
,Picking Up Trash Helps The World: Mitigation.sb3,0,,,,,,,,,,,,,,,,,,,,,,,,,,,,,,,,,,,,,,,,,,,,,,,,,,,,,,,,,,,,,,,,,,,,,,,,,,,,,,,,,
,Climate change project:BEAR MAZE.sb3,3,Sprite1,Sprite2,Sprite3,,,,,,,,,,,,,,,,,,,,,,,,,,,,,,,,,,,,,,,,,,,,,,,,,,,,,,,,,,,,,,,,,,,,,,,,,,,,,,
,Climate change game.sb3,0,,,,,,,,,,,,,,,,,,,,,,,,,,,,,,,,,,,,,,,,,,,,,,,,,,,,,,,,,,,,,,,,,,,,,,,,,,,,,,,,,
,Climate Change.sb3,0,,,,,,,,,,,,,,,,,,,,,,,,,,,,,,,,,,,,,,,,,,,,,,,,,,,,,,,,,,,,,,,,,,,,,,,,,,,,,,,,,
,Save Snows and Pennys Home! (Multiplayer).sb3,0,,,,,,,,,,,,,,,,,,,,,,,,,,,,,,,,,,,,,,,,,,,,,,,,,,,,,,,,,,,,,,,,,,,,,,,,,,,,,,,,,
,Save My House.sb3,0,,,,,,,,,,,,,,,,,,,,,,,,,,,,,,,,,,,,,,,,,,,,,,,,,,,,,,,,,,,,,,,,,,,,,,,,,,,,,,,,,
,Aidan and Yuval's game.sb3,1,Sprite1,,,,,,,,,,,,,,,,,,,,,,,,,,,,,,,,,,,,,,,,,,,,,,,,,,,,,,,,,,,,,,,,,,,,,,,,,,,,,,,,
,Carbon Destroyer.sb3,4,Sprite3,Sprite1,Sprite2,Sprite4,,,,,,,,,,,,,,,,,,,,,,,,,,,,,,,,,,,,,,,,,,,,,,,,,,,,,,,,,,,,,,,,,,,,,,,,,,,,,
,Allison Elizabeth-2.sb3,14,Sprite12,Sprite1,Sprite2,Sprite3,Sprite4,Sprite5,Sprite6,Sprite8,Sprite9,Sprite10,Sprite7,Sprite11,Sprite13,Sprite14,,,,,,,,,,,,,,,,,,,,,,,,,,,,,,,,,,,,,,,,,,,,,,,,,,,,,,,,,,,,,,,,,,,
,Take Action! - heymynamestrey.sb3,12,Sprite1,Sprite2,Sprite3,Sprite4,Sprite5,Sprite6,Sprite8,Sprite7,Sprite9,Sprite10,Sprite11,Sprite12,,,,,,,,,,,,,,,,,,,,,,,,,,,,,,,,,,,,,,,,,,,,,,,,,,,,,,,,,,,,,,,,,,,,,
,Saving earth with quiz.sb3,0,,,,,,,,,,,,,,,,,,,,,,,,,,,,,,,,,,,,,,,,,,,,,,,,,,,,,,,,,,,,,,,,,,,,,,,,,,,,,,,,,
,Zach and Nico.sb3,0,,,,,,,,,,,,,,,,,,,,,,,,,,,,,,,,,,,,,,,,,,,,,,,,,,,,,,,,,,,,,,,,,,,,,,,,,,,,,,,,,
,factory.sb3,0,,,,,,,,,,,,,,,,,,,,,,,,,,,,,,,,,,,,,,,,,,,,,,,,,,,,,,,,,,,,,,,,,,,,,,,,,,,,,,,,,
,Climate tower defense.sb3,2,Sprite1,Sprite2,,,,,,,,,,,,,,,,,,,,,,,,,,,,,,,,,,,,,,,,,,,,,,,,,,,,,,,,,,,,,,,,,,,,,,,,,,,,,,,
,Click the cars!.sb3,0,,,,,,,,,,,,,,,,,,,,,,,,,,,,,,,,,,,,,,,,,,,,,,,,,,,,,,,,,,,,,,,,,,,,,,,,,,,,,,,,,
,Climate Change Game-2.sb3,26,Sprite1,Sprite2,Sprite3,Sprite4,Sprite5,Sprite6,Sprite7,Sprite8,Sprite9,Sprite10,Sprite15,Sprite17,Sprite16,Sprite11,Sprite12,Sprite13,Sprite14,Sprite18,Sprite20,Sprite21,Sprite23,Sprite19,Sprite24,Sprite25,Sprite26,Sprite27,,,,,,,,,,,,,,,,,,,,,,,,,,,,,,,,,,,,,,,,,,,,,,,,,,,,,,,
,Guy+Sonia-Lower the Carbon!.sb3,0,,,,,,,,,,,,,,,,,,,,,,,,,,,,,,,,,,,,,,,,,,,,,,,,,,,,,,,,,,,,,,,,,,,,,,,,,,,,,,,,,
,Pet Earth!.sb3,4,Sprite1,Sprite2,Sprite3,Sprite4,,,,,,,,,,,,,,,,,,,,,,,,,,,,,,,,,,,,,,,,,,,,,,,,,,,,,,,,,,,,,,,,,,,,,,,,,,,,,
,Stacy's Adventure.sb3,5,Sprite1,Sprite3,Sprite4,Sprite6,Sprite5,,,,,,,,,,,,,,,,,,,,,,,,,,,,,,,,,,,,,,,,,,,,,,,,,,,,,,,,,,,,,,,,,,,,,,,,,,,,
,PAPA PETEY'S PRODUCT PRODUCTIONERIA.sb3,16,Sprite1,Sprite2,Sprite3,Sprite4,Sprite5,Sprite6,Sprite7,Sprite8,Sprite9,Sprite10,Sprite11,Sprite12,Sprite13,Sprite14,Sprite15,Sprite16,,,,,,,,,,,,,,,,,,,,,,,,,,,,,,,,,,,,,,,,,,,,,,,,,,,,,,,,,,,,,,,,,
,The Battle Against Radiation.sb3,0,,,,,,,,,,,,,,,,,,,,,,,,,,,,,,,,,,,,,,,,,,,,,,,,,,,,,,,,,,,,,,,,,,,,,,,,,,,,,,,,,
,Tyson.sb3,0,,,,,,,,,,,,,,,,,,,,,,,,,,,,,,,,,,,,,,,,,,,,,,,,,,,,,,,,,,,,,,,,,,,,,,,,,,,,,,,,,
,Adventures of TreeGuy.sb3,1,Sprite1,,,,,,,,,,,,,,,,,,,,,,,,,,,,,,,,,,,,,,,,,,,,,,,,,,,,,,,,,,,,,,,,,,,,,,,,,,,,,,,,
,Save the Earth.sb3,0,,,,,,,,,,,,,,,,,,,,,,,,,,,,,,,,,,,,,,,,,,,,,,,,,,,,,,,,,,,,,,,,,,,,,,,,,,,,,,,,,
,Preventing Climate Change Emerald.sb3,27,Sprite1,Sprite2,Sprite15,Sprite16,Sprite3,Sprite4,Sprite5,Sprite6,Sprite7,Sprite8,Sprite9,Sprite10,Sprite11,Sprite12,Sprite14,Sprite17,Sprite18,Sprite13,Sprite19,Sprite20,Sprite21,Sprite22,Sprite23,Sprite24,Sprite25,Sprite26,Sprite27,,,,,,,,,,,,,,,,,,,,,,,,,,,,,,,,,,,,,,,,,,,,,,,,,,,,,,
,Ahmet-Ofer.sb3,3,Sprite1,Sprite2,Sprite3,,,,,,,,,,,,,,,,,,,,,,,,,,,,,,,,,,,,,,,,,,,,,,,,,,,,,,,,,,,,,,,,,,,,,,,,,,,,,,
,Ice Pong.sb3,0,,,,,,,,,,,,,,,,,,,,,,,,,,,,,,,,,,,,,,,,,,,,,,,,,,,,,,,,,,,,,,,,,,,,,,,,,,,,,,,,,
,Project I guess.sb3,1,Sprite1,,,,,,,,,,,,,,,,,,,,,,,,,,,,,,,,,,,,,,,,,,,,,,,,,,,,,,,,,,,,,,,,,,,,,,,,,,,,,,,,
,Kendel and Ben's game.sb3,6,Sprite1,Sprite11,Sprite6,Sprite10,Sprite9,Sprite8,,,,,,,,,,,,,,,,,,,,,,,,,,,,,,,,,,,,,,,,,,,,,,,,,,,,,,,,,,,,,,,,,,,,,,,,,,,
,Save The Trees_(3).sb3,15,Sprite8,Sprite3,Sprite2,Sprite4,Sprite5,Sprite6,Sprite7,Sprite9,Sprite10,Sprite11,Sprite12,Sprite13,Sprite14,Sprite1,Sprite15,,,,,,,,,,,,,,,,,,,,,,,,,,,,,,,,,,,,,,,,,,,,,,,,,,,,,,,,,,,,,,,,,,
,help the polar bear.sb3,0,,,,,,,,,,,,,,,,,,,,,,,,,,,,,,,,,,,,,,,,,,,,,,,,,,,,,,,,,,,,,,,,,,,,,,,,,,,,,,,,,
,Collect the CO2.sb3,11,Sprite1,Sprite2,Sprite3,Sprite4,Sprite5,Sprite6,Sprite7,Sprite8,Sprite9,Sprite11,Sprite12,,,,,,,,,,,,,,,,,,,,,,,,,,,,,,,,,,,,,,,,,,,,,,,,,,,,,,,,,,,,,,,,,,,,,,
,STOP THOSE CARS!!!!!.sb3,0,,,,,,,,,,,,,,,,,,,,,,,,,,,,,,,,,,,,,,,,,,,,,,,,,,,,,,,,,,,,,,,,,,,,,,,,,,,,,,,,,
,Climate Valley.sb3,6,Sprite1,Sprite3,Sprite4,Sprite5,Sprite6,Sprite2,,,,,,,,,,,,,,,,,,,,,,,,,,,,,,,,,,,,,,,,,,,,,,,,,,,,,,,,,,,,,,,,,,,,,,,,,,,
,Preventing CO2 from coming into the Earth.sb3,1,Sprite1,,,,,,,,,,,,,,,,,,,,,,,,,,,,,,,,,,,,,,,,,,,,,,,,,,,,,,,,,,,,,,,,,,,,,,,,,,,,,,,,
,Sydney _ Daniella game.sb3,0,,,,,,,,,,,,,,,,,,,,,,,,,,,,,,,,,,,,,,,,,,,,,,,,,,,,,,,,,,,,,,,,,,,,,,,,,,,,,,,,,
,The Carbon Challenge.sb3,3,Sprite2,Sprite1,Sprite4,,,,,,,,,,,,,,,,,,,,,,,,,,,,,,,,,,,,,,,,,,,,,,,,,,,,,,,,,,,,,,,,,,,,,,,,,,,,,,
,Nic Austin Animation Challenge.sb3,1,Sprite1,,,,,,,,,,,,,,,,,,,,,,,,,,,,,,,,,,,,,,,,,,,,,,,,,,,,,,,,,,,,,,,,,,,,,,,,,,,,,,,,
,Anjali and Mariana-3.sb3,3,Sprite1,Sprite2,Sprite3,,,,,,,,,,,,,,,,,,,,,,,,,,,,,,,,,,,,,,,,,,,,,,,,,,,,,,,,,,,,,,,,,,,,,,,,,,,,,,
,Trees vs. The World.sb3,0,,,,,,,,,,,,,,,,,,,,,,,,,,,,,,,,,,,,,,,,,,,,,,,,,,,,,,,,,,,,,,,,,,,,,,,,,,,,,,,,,
,Infrared Invasion.sb3,1,Sprite1,,,,,,,,,,,,,,,,,,,,,,,,,,,,,,,,,,,,,,,,,,,,,,,,,,,,,,,,,,,,,,,,,,,,,,,,,,,,,,,,
,"Latifah M.,Sophie N.,Ava M..sb3",3,Sprite1,Sprite2,Sprite4,,,,,,,,,,,,,,,,,,,,,,,,,,,,,,,,,,,,,,,,,,,,,,,,,,,,,,,,,,,,,,,,,,,,,,,,,,,,,,
,Save the Amazon!.sb3,6,Sprite1,Sprite2,Sprite3,Sprite4,Sprite5,Sprite6,,,,,,,,,,,,,,,,,,,,,,,,,,,,,,,,,,,,,,,,,,,,,,,,,,,,,,,,,,,,,,,,,,,,,,,,,,,
,Factory Builder 2000.sb3,14,Sprite2,Sprite3,Sprite1,Sprite4,Sprite5,Sprite6,Sprite7,Sprite8,Sprite9,Sprite10,Sprite11,Sprite12,Sprite13,Sprite14,,,,,,,,,,,,,,,,,,,,,,,,,,,,,,,,,,,,,,,,,,,,,,,,,,,,,,,,,,,,,,,,,,,
,Saving The Earth One Seed At A Time.sb3,6,Sprite1,Sprite6,Sprite3,Sprite4,Sprite5,Sprite7,,,,,,,,,,,,,,,,,,,,,,,,,,,,,,,,,,,,,,,,,,,,,,,,,,,,,,,,,,,,,,,,,,,,,,,,,,,
,Modes of Transportation affects on climate change.sb3,4,Sprite1,Sprite2,Sprite3,Sprite4,,,,,,,,,,,,,,,,,,,,,,,,,,,,,,,,,,,,,,,,,,,,,,,,,,,,,,,,,,,,,,,,,,,,,,,,,,,,,
,Becca and Alana Climate change.sb3,62,Sprite1,Sprite2,Sprite3,Sprite4,Sprite5,Sprite6,Sprite7,Sprite8,Sprite9,Sprite10,Sprite11,Sprite12,Sprite13,Sprite14,Sprite15,Sprite16,Sprite17,Sprite18,Sprite19,Sprite20,Sprite21,Sprite22,Sprite23,Sprite24,Sprite25,Sprite26,Sprite27,Sprite28,Sprite29,Sprite30,Sprite31,Sprite32,Sprite33,Sprite34,Sprite35,Sprite36,Sprite37,Sprite38,Sprite39,Sprite40,Sprite41,Sprite42,Sprite43,Sprite44,Sprite45,Sprite46,Sprite47,Sprite48,Sprite49,Sprite50,Sprite51,Sprite52,Sprite53,Sprite54,Sprite55,Sprite56,Sprite57,Sprite58,Sprite59,Sprite60,Sprite61,Sprite62,,,,,,,,,,,,,,,,,,,
,Forest.sb3,0,,,,,,,,,,,,,,,,,,,,,,,,,,,,,,,,,,,,,,,,,,,,,,,,,,,,,,,,,,,,,,,,,,,,,,,,,,,,,,,,,
,Heat Havoc.sb3,2,Sprite1,Sprite2,,,,,,,,,,,,,,,,,,,,,,,,,,,,,,,,,,,,,,,,,,,,,,,,,,,,,,,,,,,,,,,,,,,,,,,,,,,,,,,
,Sinking Penguin.sb3,0,,,,,,,,,,,,,,,,,,,,,,,,,,,,,,,,,,,,,,,,,,,,,,,,,,,,,,,,,,,,,,,,,,,,,,,,,,,,,,,,,
,What can we do?.sb3,2,Sprite1,Sprite2,,,,,,,,,,,,,,,,,,,,,,,,,,,,,,,,,,,,,,,,,,,,,,,,,,,,,,,,,,,,,,,,,,,,,,,,,,,,,,,
,ice saver.sb3,2,Sprite4,Sprite3,,,,,,,,,,,,,,,,,,,,,,,,,,,,,,,,,,,,,,,,,,,,,,,,,,,,,,,,,,,,,,,,,,,,,,,,,,,,,,,
,Melting Glaciers.sb3,9,Sprite1,Sprite2,Sprite3,Sprite4,Sprite6,Sprite7,Sprite8,Sprite5,Sprite9,,,,,,,,,,,,,,,,,,,,,,,,,,,,,,,,,,,,,,,,,,,,,,,,,,,,,,,,,,,,,,,,,,,,,,,,
,Plant Man IV.sb3,2,Sprite16,Sprite1,,,,,,,,,,,,,,,,,,,,,,,,,,,,,,,,,,,,,,,,,,,,,,,,,,,,,,,,,,,,,,,,,,,,,,,,,,,,,,,
,SophieDante Animation Challenge.sb3,2,Sprite1,Sprite2,,,,,,,,,,,,,,,,,,,,,,,,,,,,,,,,,,,,,,,,,,,,,,,,,,,,,,,,,,,,,,,,,,,,,,,,,,,,,,,
,Adventure Through the House! - Climate Change.sb3,1,Sprite1,,,,,,,,,,,,,,,,,,,,,,,,,,,,,,,,,,,,,,,,,,,,,,,,,,,,,,,,,,,,,,,,,,,,,,,,,,,,,,,,
,Solar Radiation.sb3,3,Sprite2,Sprite3,Sprite4,,,,,,,,,,,,,,,,,,,,,,,,,,,,,,,,,,,,,,,,,,,,,,,,,,,,,,,,,,,,,,,,,,,,,,,,,,,,,,
,Helen Luci Animation Challenge.sb3,0,,,,,,,,,,,,,,,,,,,,,,,,,,,,,,,,,,,,,,,,,,,,,,,,,,,,,,,,,,,,,,,,,,,,,,,,,,,,,,,,,
,Windmill project ava and lilly scratch.sb3,0,,,,,,,,,,,,,,,,,,,,,,,,,,,,,,,,,,,,,,,,,,,,,,,,,,,,,,,,,,,,,,,,,,,,,,,,,,,,,,,,,
,Dont break the ice remix emily and maddie.sb3,20,Sprite40,Sprite2,Sprite3,Sprite6,Sprite7,Sprite8,Sprite10,Sprite11,Sprite13,Sprite14,Sprite20,Sprite4,Sprite21,Sprite22,Sprite26,Sprite28,Sprite16,Sprite23,Sprite24,Sprite5,,,,,,,,,,,,,,,,,,,,,,,,,,,,,,,,,,,,,,,,,,,,,,,,,,,,,,,,,,,,,
,Sammie and Alex Carbon Cycle Project.sb3,4,Sprite1,Sprite2,Sprite3,Sprite4,,,,,,,,,,,,,,,,,,,,,,,,,,,,,,,,,,,,,,,,,,,,,,,,,,,,,,,,,,,,,,,,,,,,,,,,,,,,,
,Save The Atmosphere.sb3,1,Sprite1,,,,,,,,,,,,,,,,,,,,,,,,,,,,,,,,,,,,,,,,,,,,,,,,,,,,,,,,,,,,,,,,,,,,,,,,,,,,,,,,
,"Lex, Gigi Animation Challenge.sb3",5,Sprite1,Sprite2,Sprite3,Sprite4,Sprite5,,,,,,,,,,,,,,,,,,,,,,,,,,,,,,,,,,,,,,,,,,,,,,,,,,,,,,,,,,,,,,,,,,,,,,,,,,,,
,Dont Go With The Flow.sb3,4,Sprite2,Sprite1,Sprite3,Sprite4,,,,,,,,,,,,,,,,,,,,,,,,,,,,,,,,,,,,,,,,,,,,,,,,,,,,,,,,,,,,,,,,,,,,,,,,,,,,,
,Space Game 1: Climate Change.sb3,9,Sprite1,Sprite2,Sprite3,Sprite4,Sprite5,Sprite6,Sprite7,Sprite8,Sprite9,,,,,,,,,,,,,,,,,,,,,,,,,,,,,,,,,,,,,,,,,,,,,,,,,,,,,,,,,,,,,,,,,,,,,,,,
,Molly and Alishba's scratch science game  copy-2 copy copy copy.sb3,0,,,,,,,,,,,,,,,,,,,,,,,,,,,,,,,,,,,,,,,,,,,,,,,,,,,,,,,,,,,,,,,,,,,,,,,,,,,,,,,,,
,Climate Clicker (Realsed).sb3,8,Sprite1,Sprite2,Sprite3,Sprite4,Sprite5,Sprite6,Sprite8,Sprite9,,,,,,,,,,,,,,,,,,,,,,,,,,,,,,,,,,,,,,,,,,,,,,,,,,,,,,,,,,,,,,,,,,,,,,,,,
,Untitled-2_(4).sb3,0,,,,,,,,,,,,,,,,,,,,,,,,,,,,,,,,,,,,,,,,,,,,,,,,,,,,,,,,,,,,,,,,,,,,,,,,,,,,,,,,,
,CAUSATION EVASION.sb3,0,,,,,,,,,,,,,,,,,,,,,,,,,,,,,,,,,,,,,,,,,,,,,,,,,,,,,,,,,,,,,,,,,,,,,,,,,,,,,,,,,
,Beat the Robot.sb3,1,Sprite2,,,,,,,,,,,,,,,,,,,,,,,,,,,,,,,,,,,,,,,,,,,,,,,,,,,,,,,,,,,,,,,,,,,,,,,,,,,,,,,,
,Climate Change with BOIKS.sb3,14,Sprite1,Sprite2,Sprite3,Sprite4,Sprite5,Sprite6,Sprite7,Sprite8,Sprite9,Sprite10,Sprite11,Sprite12,Sprite13,Sprite14,,,,,,,,,,,,,,,,,,,,,,,,,,,,,,,,,,,,,,,,,,,,,,,,,,,,,,,,,,,,,,,,,,,
,SOPHIA AND MADDIE.sb3,0,,,,,,,,,,,,,,,,,,,,,,,,,,,,,,,,,,,,,,,,,,,,,,,,,,,,,,,,,,,,,,,,,,,,,,,,,,,,,,,,,
,venice overflowww.sb3,9,Sprite1,Sprite6,Sprite5,Sprite3,Sprite2,Sprite4,Sprite7,Sprite8,Sprite9,,,,,,,,,,,,,,,,,,,,,,,,,,,,,,,,,,,,,,,,,,,,,,,,,,,,,,,,,,,,,,,,,,,,,,,,
,Game John And Harry.sb3,2,Sprite1,Sprite2,,,,,,,,,,,,,,,,,,,,,,,,,,,,,,,,,,,,,,,,,,,,,,,,,,,,,,,,,,,,,,,,,,,,,,,,,,,,,,,
,Flood the World.sb3,1,Sprite1,,,,,,,,,,,,,,,,,,,,,,,,,,,,,,,,,,,,,,,,,,,,,,,,,,,,,,,,,,,,,,,,,,,,,,,,,,,,,,,,
,Sydra and Nayla.sb3,10,Sprite1,Sprite2,Sprite3,Sprite4,Sprite5,Sprite6,Sprite7,Sprite8,Sprite9,Sprite10,,,,,,,,,,,,,,,,,,,,,,,,,,,,,,,,,,,,,,,,,,,,,,,,,,,,,,,,,,,,,,,,,,,,,,,
,ENOZO STOPPER.sb3,1,Sprite1,,,,,,,,,,,,,,,,,,,,,,,,,,,,,,,,,,,,,,,,,,,,,,,,,,,,,,,,,,,,,,,,,,,,,,,,,,,,,,,,
,The Choice.sb3,3,Sprite2,Sprite3,Sprite5,,,,,,,,,,,,,,,,,,,,,,,,,,,,,,,,,,,,,,,,,,,,,,,,,,,,,,,,,,,,,,,,,,,,,,,,,,,,,,
,Cool Climate Game.sb3,0,,,,,,,,,,,,,,,,,,,,,,,,,,,,,,,,,,,,,,,,,,,,,,,,,,,,,,,,,,,,,,,,,,,,,,,,,,,,,,,,,
,Aji Jesu Game.sb3,9,Sprite1,Sprite2,Sprite3,Sprite4,Sprite5,Sprite6,Sprite7,Sprite8,Sprite9,,,,,,,,,,,,,,,,,,,,,,,,,,,,,,,,,,,,,,,,,,,,,,,,,,,,,,,,,,,,,,,,,,,,,,,,
,Building wackamole in the city of Hainsboro.sb3,0,,,,,,,,,,,,,,,,,,,,,,,,,,,,,,,,,,,,,,,,,,,,,,,,,,,,,,,,,,,,,,,,,,,,,,,,,,,,,,,,,
,Zara's Co2 Adventure Minaya and Daniel.sb3,1,Sprite1,,,,,,,,,,,,,,,,,,,,,,,,,,,,,,,,,,,,,,,,,,,,,,,,,,,,,,,,,,,,,,,,,,,,,,,,,,,,,,,,
,Save the polar bears NOW!.sb3,1,Sprite2,,,,,,,,,,,,,,,,,,,,,,,,,,,,,,,,,,,,,,,,,,,,,,,,,,,,,,,,,,,,,,,,,,,,,,,,,,,,,,,,
,Hudson Animation Challenge.sb3,0,,,,,,,,,,,,,,,,,,,,,,,,,,,,,,,,,,,,,,,,,,,,,,,,,,,,,,,,,,,,,,,,,,,,,,,,,,,,,,,,,
,Emily and haley Greenhouse effect.sb3,38,Sprite2,Sprite3,Sprite4,Sprite5,Sprite6,Sprite7,Sprite8,Sprite9,Sprite10,Sprite11,Sprite12,Sprite13,Sprite14,Sprite15,Sprite16,Sprite17,Sprite18,Sprite19,Sprite20,Sprite21,Sprite22,Sprite23,Sprite24,Sprite25,Sprite26,Sprite27,Sprite28,Sprite29,Sprite30,Sprite31,Sprite32,Sprite33,Sprite34,Sprite35,Sprite36,Sprite37,Sprite38,Sprite39,,,,,,,,,,,,,,,,,,,,,,,,,,,,,,,,,,,,,,,,,,,
,the climate change simulation.sb3,0,,,,,,,,,,,,,,,,,,,,,,,,,,,,,,,,,,,,,,,,,,,,,,,,,,,,,,,,,,,,,,,,,,,,,,,,,,,,,,,,,
,Tess and Nicole mitigame.sb3,0,,,,,,,,,,,,,,,,,,,,,,,,,,,,,,,,,,,,,,,,,,,,,,,,,,,,,,,,,,,,,,,,,,,,,,,,,,,,,,,,,
,Science Game.sb3,21,Sprite2,Sprite3,Sprite4,Sprite5,Sprite6,Sprite7,Sprite8,Sprite9,Sprite10,Sprite11,Sprite12,Sprite13,Sprite14,Sprite15,Sprite16,Sprite17,Sprite18,Sprite19,Sprite20,Sprite21,Sprite22,,,,,,,,,,,,,,,,,,,,,,,,,,,,,,,,,,,,,,,,,,,,,,,,,,,,,,,,,,,,
,Carbon Footprint Game.sb3,5,Sprite1,Sprite2,Sprite3,Sprite4,Sprite5,,,,,,,,,,,,,,,,,,,,,,,,,,,,,,,,,,,,,,,,,,,,,,,,,,,,,,,,,,,,,,,,,,,,,,,,,,,,
,Harrison And Constantinos.sb3,2,Sprite3,Sprite1,,,,,,,,,,,,,,,,,,,,,,,,,,,,,,,,,,,,,,,,,,,,,,,,,,,,,,,,,,,,,,,,,,,,,,,,,,,,,,,
,government simulator.sb3,7,Sprite1,Sprite2,Sprite3,Sprite4,Sprite5,Sprite6,Sprite7,,,,,,,,,,,,,,,,,,,,,,,,,,,,,,,,,,,,,,,,,,,,,,,,,,,,,,,,,,,,,,,,,,,,,,,,,,
,Ruler of the City.sb3,17,Sprite1,Sprite2,Sprite3,Sprite4,Sprite5,Sprite6,Sprite7,Sprite8,Sprite9,Sprite10,Sprite11,Sprite12,Sprite13,Sprite14,Sprite15,Sprite16,Sprite17,,,,,,,,,,,,,,,,,,,,,,,,,,,,,,,,,,,,,,,,,,,,,,,,,,,,,,,,,,,,,,,,
,_.sb3,3,Sprite1,Sprite2,Sprite3,,,,,,,,,,,,,,,,,,,,,,,,,,,,,,,,,,,,,,,,,,,,,,,,,,,,,,,,,,,,,,,,,,,,,,,,,,,,,,
,Albedo Barrier.sb3,3,Sprite1,Sprite2,Sprite3,,,,,,,,,,,,,,,,,,,,,,,,,,,,,,,,,,,,,,,,,,,,,,,,,,,,,,,,,,,,,,,,,,,,,,,,,,,,,,
,CO2 fr.sb3,1,Sprite1,,,,,,,,,,,,,,,,,,,,,,,,,,,,,,,,,,,,,,,,,,,,,,,,,,,,,,,,,,,,,,,,,,,,,,,,,,,,,,,,
,Car Game.sb3,1,Sprite1,,,,,,,,,,,,,,,,,,,,,,,,,,,,,,,,,,,,,,,,,,,,,,,,,,,,,,,,,,,,,,,,,,,,,,,,,,,,,,,,
,Deforestation Game.sb3,0,,,,,,,,,,,,,,,,,,,,,,,,,,,,,,,,,,,,,,,,,,,,,,,,,,,,,,,,,,,,,,,,,,,,,,,,,,,,,,,,,
,Potato's adventure.sb3,5,Sprite1,Sprite2,Sprite3,Sprite4,Sprite6,,,,,,,,,,,,,,,,,,,,,,,,,,,,,,,,,,,,,,,,,,,,,,,,,,,,,,,,,,,,,,,,,,,,,,,,,,,,
,Plants vs Co2.sb3,2,Sprite2,Sprite1,,,,,,,,,,,,,,,,,,,,,,,,,,,,,,,,,,,,,,,,,,,,,,,,,,,,,,,,,,,,,,,,,,,,,,,,,,,,,,,
,Trees vs LumberJack.sb3,0,,,,,,,,,,,,,,,,,,,,,,,,,,,,,,,,,,,,,,,,,,,,,,,,,,,,,,,,,,,,,,,,,,,,,,,,,,,,,,,,,
,IvGroup7s2 Max Dylan.sb3,9,Sprite1,Sprite2,Sprite4,Sprite5,Sprite6,Sprite7,Sprite8,Sprite9,Sprite10,,,,,,,,,,,,,,,,,,,,,,,,,,,,,,,,,,,,,,,,,,,,,,,,,,,,,,,,,,,,,,,,,,,,,,,,
,World and Climate Changing Game_(2).sb3,1,Sprite1,,,,,,,,,,,,,,,,,,,,,,,,,,,,,,,,,,,,,,,,,,,,,,,,,,,,,,,,,,,,,,,,,,,,,,,,,,,,,,,,
,Global Warming.sb3,15,Sprite3,Sprite4,Sprite2,Sprite5,Sprite7,Sprite6,Sprite8,Sprite9,Sprite11,Sprite13,Sprite14,Sprite15,Sprite16,Sprite17,Sprite10,,,,,,,,,,,,,,,,,,,,,,,,,,,,,,,,,,,,,,,,,,,,,,,,,,,,,,,,,,,,,,,,,,
,The Polar Bear.sb3,7,Sprite1,Sprite2,Sprite3,Sprite4,Sprite5,Sprite6,Sprite7,,,,,,,,,,,,,,,,,,,,,,,,,,,,,,,,,,,,,,,,,,,,,,,,,,,,,,,,,,,,,,,,,,,,,,,,,,
,Co2 DASH.sb3,7,Sprite1,Sprite2,Sprite3,Sprite5,Sprite4,Sprite6,Sprite7,,,,,,,,,,,,,,,,,,,,,,,,,,,,,,,,,,,,,,,,,,,,,,,,,,,,,,,,,,,,,,,,,,,,,,,,,,
,Climate Change and the CO2 Succa.sb3,0,,,,,,,,,,,,,,,,,,,,,,,,,,,,,,,,,,,,,,,,,,,,,,,,,,,,,,,,,,,,,,,,,,,,,,,,,,,,,,,,,
,Cut it out.sb3,0,,,,,,,,,,,,,,,,,,,,,,,,,,,,,,,,,,,,,,,,,,,,,,,,,,,,,,,,,,,,,,,,,,,,,,,,,,,,,,,,,
,Neo Jonathan.sb3,4,Sprite2,Sprite3,Sprite4,Sprite5,,,,,,,,,,,,,,,,,,,,,,,,,,,,,,,,,,,,,,,,,,,,,,,,,,,,,,,,,,,,,,,,,,,,,,,,,,,,,
,Tree Project - Elizabeth and Victoria.sb3,2,Sprite1,Sprite2,,,,,,,,,,,,,,,,,,,,,,,,,,,,,,,,,,,,,,,,,,,,,,,,,,,,,,,,,,,,,,,,,,,,,,,,,,,,,,,
,"New Day, New Fish.sb3",4,Sprite1,Sprite2,Sprite3,Sprite4,,,,,,,,,,,,,,,,,,,,,,,,,,,,,,,,,,,,,,,,,,,,,,,,,,,,,,,,,,,,,,,,,,,,,,,,,,,,,
,Co2 Survival.sb3,2,Sprite2,Sprite1,,,,,,,,,,,,,,,,,,,,,,,,,,,,,,,,,,,,,,,,,,,,,,,,,,,,,,,,,,,,,,,,,,,,,,,,,,,,,,,
,Evan and Mitch.sb3,0,,,,,,,,,,,,,,,,,,,,,,,,,,,,,,,,,,,,,,,,,,,,,,,,,,,,,,,,,,,,,,,,,,,,,,,,,,,,,,,,,
,Adventures Through Ice.sb3,0,,,,,,,,,,,,,,,,,,,,,,,,,,,,,,,,,,,,,,,,,,,,,,,,,,,,,,,,,,,,,,,,,,,,,,,,,,,,,,,,,
,scratch project.sb3,0,,,,,,,,,,,,,,,,,,,,,,,,,,,,,,,,,,,,,,,,,,,,,,,,,,,,,,,,,,,,,,,,,,,,,,,,,,,,,,,,,
,trash collect.sb3,0,,,,,,,,,,,,,,,,,,,,,,,,,,,,,,,,,,,,,,,,,,,,,,,,,,,,,,,,,,,,,,,,,,,,,,,,,,,,,,,,,
,Fighting Emissions.sb3,0,,,,,,,,,,,,,,,,,,,,,,,,,,,,,,,,,,,,,,,,,,,,,,,,,,,,,,,,,,,,,,,,,,,,,,,,,,,,,,,,,
,KARINE AND LANCE.sb3,1,Sprite1,,,,,,,,,,,,,,,,,,,,,,,,,,,,,,,,,,,,,,,,,,,,,,,,,,,,,,,,,,,,,,,,,,,,,,,,,,,,,,,,
,JakeJaleikaAnimationChallenge.sb3,0,,,,,,,,,,,,,,,,,,,,,,,,,,,,,,,,,,,,,,,,,,,,,,,,,,,,,,,,,,,,,,,,,,,,,,,,,,,,,,,,,
,Deforestation Game_(2).sb3,21,Sprite1,Sprite2,Sprite4,Sprite3,Sprite9,Sprite14,Sprite6,Sprite19,Sprite8,Sprite15,Sprite13,Sprite16,Sprite10,Sprite11,Sprite7,Sprite17,Sprite18,Sprite12,Sprite5,Sprite20,Sprite21,,,,,,,,,,,,,,,,,,,,,,,,,,,,,,,,,,,,,,,,,,,,,,,,,,,,,,,,,,,,
,Carbon Clicker.sb3,25,Sprite1,Sprite2,Sprite3,Sprite4,Sprite5,Sprite6,Sprite7,Sprite8,Sprite9,Sprite10,Sprite11,Sprite12,Sprite13,Sprite14,Sprite15,Sprite16,Sprite17,Sprite18,Sprite19,Sprite20,Sprite21,Sprite22,Sprite23,Sprite24,Sprite25,,,,,,,,,,,,,,,,,,,,,,,,,,,,,,,,,,,,,,,,,,,,,,,,,,,,,,,,
,Save Us.sb3,23,Sprite1,Sprite2,Sprite3,Sprite4,Sprite5,Sprite6,Sprite7,Sprite8,Sprite9,Sprite10,Sprite11,Sprite12,Sprite13,Sprite14,Sprite15,Sprite16,Sprite17,Sprite18,Sprite19,Sprite20,Sprite21,Sprite22,Sprite23,,,,,,,,,,,,,,,,,,,,,,,,,,,,,,,,,,,,,,,,,,,,,,,,,,,,,,,,,,
,Trees vs CO2.sb3,10,Sprite1,Sprite4,Sprite5,Sprite2,Sprite6,Sprite7,Sprite8,Sprite9,Sprite10,Sprite11,,,,,,,,,,,,,,,,,,,,,,,,,,,,,,,,,,,,,,,,,,,,,,,,,,,,,,,,,,,,,,,,,,,,,,,
,CO2 Footprints.sb3,22,Sprite1,Sprite2,Sprite3,Sprite4,Sprite5,Sprite6,Sprite7,Sprite8,Sprite9,Sprite10,Sprite11,Sprite12,Sprite13,Sprite14,Sprite15,Sprite16,Sprite17,Sprite18,Sprite19,Sprite20,Sprite21,Sprite22,,,,,,,,,,,,,,,,,,,,,,,,,,,,,,,,,,,,,,,,,,,,,,,,,,,,,,,,,,,
,Save The Trees.sb3,2,Sprite1,Sprite2,,,,,,,,,,,,,,,,,,,,,,,,,,,,,,,,,,,,,,,,,,,,,,,,,,,,,,,,,,,,,,,,,,,,,,,,,,,,,,,
,Industry Interlopers.sb3,0,,,,,,,,,,,,,,,,,,,,,,,,,,,,,,,,,,,,,,,,,,,,,,,,,,,,,,,,,,,,,,,,,,,,,,,,,,,,,,,,,
,Erez and Erik.sb3,3,Sprite1,Sprite2,Sprite3,,,,,,,,,,,,,,,,,,,,,,,,,,,,,,,,,,,,,,,,,,,,,,,,,,,,,,,,,,,,,,,,,,,,,,,,,,,,,,
,Chasing CO2.sb3,0,,,,,,,,,,,,,,,,,,,,,,,,,,,,,,,,,,,,,,,,,,,,,,,,,,,,,,,,,,,,,,,,,,,,,,,,,,,,,,,,,
,Climate Change Game_(5).sb3,8,Sprite1,Sprite4,Sprite5,Sprite2,Sprite3,Sprite6,Sprite7,Sprite8,,,,,,,,,,,,,,,,,,,,,,,,,,,,,,,,,,,,,,,,,,,,,,,,,,,,,,,,,,,,,,,,,,,,,,,,,
,Deflecting UV Rays.sb3,2,Sprite2,Sprite1,,,,,,,,,,,,,,,,,,,,,,,,,,,,,,,,,,,,,,,,,,,,,,,,,,,,,,,,,,,,,,,,,,,,,,,,,,,,,,,
,Fortnite.sb3,4,Sprite1,Sprite2,Sprite3,Sprite4,,,,,,,,,,,,,,,,,,,,,,,,,,,,,,,,,,,,,,,,,,,,,,,,,,,,,,,,,,,,,,,,,,,,,,,,,,,,,
,climate change sort game.sb3,0,,,,,,,,,,,,,,,,,,,,,,,,,,,,,,,,,,,,,,,,,,,,,,,,,,,,,,,,,,,,,,,,,,,,,,,,,,,,,,,,,
,Can you balance climate change?.sb3,4,Sprite1,Sprite2,Sprite3,Sprite4,,,,,,,,,,,,,,,,,,,,,,,,,,,,,,,,,,,,,,,,,,,,,,,,,,,,,,,,,,,,,,,,,,,,,,,,,,,,,
,Saving Antarctica.sb3,1,Sprite2,,,,,,,,,,,,,,,,,,,,,,,,,,,,,,,,,,,,,,,,,,,,,,,,,,,,,,,,,,,,,,,,,,,,,,,,,,,,,,,,
,Save the Penguins!!!.sb3,2,Sprite1,Sprite2,,,,,,,,,,,,,,,,,,,,,,,,,,,,,,,,,,,,,,,,,,,,,,,,,,,,,,,,,,,,,,,,,,,,,,,,,,,,,,,
,sean and josh.sb3,1,Sprite1,,,,,,,,,,,,,,,,,,,,,,,,,,,,,,,,,,,,,,,,,,,,,,,,,,,,,,,,,,,,,,,,,,,,,,,,,,,,,,,,
,Carbon Maze.sb3,1,Sprite1,,,,,,,,,,,,,,,,,,,,,,,,,,,,,,,,,,,,,,,,,,,,,,,,,,,,,,,,,,,,,,,,,,,,,,,,,,,,,,,,
,"CL, LL climate change game.sb3",3,Sprite1,Sprite2,Sprite3,,,,,,,,,,,,,,,,,,,,,,,,,,,,,,,,,,,,,,,,,,,,,,,,,,,,,,,,,,,,,,,,,,,,,,,,,,,,,,
,What humans can do.sb3,11,Sprite1,Sprite2,Sprite3,Sprite4,Sprite5,Sprite6,Sprite7,Sprite8,Sprite9,Sprite10,Sprite11,,,,,,,,,,,,,,,,,,,,,,,,,,,,,,,,,,,,,,,,,,,,,,,,,,,,,,,,,,,,,,,,,,,,,,
,Climate Clicker_(2).sb3,3,SpriteSpeakerTab,Sprite1,Sprite2,,,,,,,,,,,,,,,,,,,,,,,,,,,,,,,,,,,,,,,,,,,,,,,,,,,,,,,,,,,,,,,,,,,,,,,,,,,,,,
,Untitled-2_(2).sb3,1,Sprite1,,,,,,,,,,,,,,,,,,,,,,,,,,,,,,,,,,,,,,,,,,,,,,,,,,,,,,,,,,,,,,,,,,,,,,,,,,,,,,,,
,Sarita Gabe Game.sb3,4,Sprite1,Sprite2,Sprite3,Sprite4,,,,,,,,,,,,,,,,,,,,,,,,,,,,,,,,,,,,,,,,,,,,,,,,,,,,,,,,,,,,,,,,,,,,,,,,,,,,,
,Climate Jumper.sb3,4,Sprite1,Sprite2,Sprite3,Sprite4,,,,,,,,,,,,,,,,,,,,,,,,,,,,,,,,,,,,,,,,,,,,,,,,,,,,,,,,,,,,,,,,,,,,,,,,,,,,,
,Reforestation and Deforestation- Saving this land.sb3,5,Sprite5,Sprite1,Sprite2,Sprite3,Sprite4,,,,,,,,,,,,,,,,,,,,,,,,,,,,,,,,,,,,,,,,,,,,,,,,,,,,,,,,,,,,,,,,,,,,,,,,,,,,
,Atmosphere Pong.sb3,0,,,,,,,,,,,,,,,,,,,,,,,,,,,,,,,,,,,,,,,,,,,,,,,,,,,,,,,,,,,,,,,,,,,,,,,,,,,,,,,,,
,Christmas Chaos.sb3,0,,,,,,,,,,,,,,,,,,,,,,,,,,,,,,,,,,,,,,,,,,,,,,,,,,,,,,,,,,,,,,,,,,,,,,,,,,,,,,,,,
,OliviaEmilyAnimaionChalllenge.sb3,0,,,,,,,,,,,,,,,,,,,,,,,,,,,,,,,,,,,,,,,,,,,,,,,,,,,,,,,,,,,,,,,,,,,,,,,,,,,,,,,,,
,Save the polar bear.sb3,0,,,,,,,,,,,,,,,,,,,,,,,,,,,,,,,,,,,,,,,,,,,,,,,,,,,,,,,,,,,,,,,,,,,,,,,,,,,,,,,,,
,Avery's Life.sb3,4,Sprite1,Sprite2,Sprite3,Sprite5,,,,,,,,,,,,,,,,,,,,,,,,,,,,,,,,,,,,,,,,,,,,,,,,,,,,,,,,,,,,,,,,,,,,,,,,,,,,,
,Save the penguin :).sb3,0,,,,,,,,,,,,,,,,,,,,,,,,,,,,,,,,,,,,,,,,,,,,,,,,,,,,,,,,,,,,,,,,,,,,,,,,,,,,,,,,,
,Save Blue Town from Rising Temperature.sb3,3,Sprite1,Sprite2,Sprite3,,,,,,,,,,,,,,,,,,,,,,,,,,,,,,,,,,,,,,,,,,,,,,,,,,,,,,,,,,,,,,,,,,,,,,,,,,,,,,
,This Sea Level Rise is Terrible.sb3,0,,,,,,,,,,,,,,,,,,,,,,,,,,,,,,,,,,,,,,,,,,,,,,,,,,,,,,,,,,,,,,,,,,,,,,,,,,,,,,,,,
,Climate Change Game_(8).sb3,0,,,,,,,,,,,,,,,,,,,,,,,,,,,,,,,,,,,,,,,,,,,,,,,,,,,,,,,,,,,,,,,,,,,,,,,,,,,,,,,,,
,climate change project finished.sb3,13,Sprite1,Sprite2,Sprite3,Sprite4,Sprite5,Sprite6,Sprite7,Sprite8,Sprite9,Sprite10,Sprite11,Sprite12,Sprite13,,,,,,,,,,,,,,,,,,,,,,,,,,,,,,,,,,,,,,,,,,,,,,,,,,,,,,,,,,,,,,,,,,,,
,The Green House Game.sb3,1,Sprite1,,,,,,,,,,,,,,,,,,,,,,,,,,,,,,,,,,,,,,,,,,,,,,,,,,,,,,,,,,,,,,,,,,,,,,,,,,,,,,,,
,The Climate Game.sb3,0,,,,,,,,,,,,,,,,,,,,,,,,,,,,,,,,,,,,,,,,,,,,,,,,,,,,,,,,,,,,,,,,,,,,,,,,,,,,,,,,,
,Science Project.sb3,1,Sprite1,,,,,,,,,,,,,,,,,,,,,,,,,,,,,,,,,,,,,,,,,,,,,,,,,,,,,,,,,,,,,,,,,,,,,,,,,,,,,,,,
,Leaf Me Alone Carbon.com.net.org.io.exe.mp3.mp4.sb3,1,Sprite1,,,,,,,,,,,,,,,,,,,,,,,,,,,,,,,,,,,,,,,,,,,,,,,,,,,,,,,,,,,,,,,,,,,,,,,,,,,,,,,,
,save the penguin!.sb3,0,,,,,,,,,,,,,,,,,,,,,,,,,,,,,,,,,,,,,,,,,,,,,,,,,,,,,,,,,,,,,,,,,,,,,,,,,,,,,,,,,
,David & Peter.sb3,3,Sprite2,Sprite3,Sprite1,,,,,,,,,,,,,,,,,,,,,,,,,,,,,,,,,,,,,,,,,,,,,,,,,,,,,,,,,,,,,,,,,,,,,,,,,,,,,,
,Maggie and Shveni- Water Cycle Game.sb3,2,Sprite2,Sprite1,,,,,,,,,,,,,,,,,,,,,,,,,,,,,,,,,,,,,,,,,,,,,,,,,,,,,,,,,,,,,,,,,,,,,,,,,,,,,,,
,jabby.sb3,1,Sprite2,,,,,,,,,,,,,,,,,,,,,,,,,,,,,,,,,,,,,,,,,,,,,,,,,,,,,,,,,,,,,,,,,,,,,,,,,,,,,,,,
,✨ Cow Fartopia ✨ [DEMO].sb3,2,Sprite1,Sprite2,,,,,,,,,,,,,,,,,,,,,,,,,,,,,,,,,,,,,,,,,,,,,,,,,,,,,,,,,,,,,,,,,,,,,,,,,,,,,,,
,Gil Avieli and Sam Atalla.sb3,3,Sprite1,Sprite2,Sprite3,,,,,,,,,,,,,,,,,,,,,,,,,,,,,,,,,,,,,,,,,,,,,,,,,,,,,,,,,,,,,,,,,,,,,,,,,,,,,,
,EszterJordan.sb3,0,,,,,,,,,,,,,,,,,,,,,,,,,,,,,,,,,,,,,,,,,,,,,,,,,,,,,,,,,,,,,,,,,,,,,,,,,,,,,,,,,
,Mitigation Game.sb3,2,Sprite1,Sprite2,,,,,,,,,,,,,,,,,,,,,,,,,,,,,,,,,,,,,,,,,,,,,,,,,,,,,,,,,,,,,,,,,,,,,,,,,,,,,,,
,capture the CO2.sb3,0,,,,,,,,,,,,,,,,,,,,,,,,,,,,,,,,,,,,,,,,,,,,,,,,,,,,,,,,,,,,,,,,,,,,,,,,,,,,,,,,,
,Ryan D and Weller B CC Game.sb3,2,Sprite4,Sprite1,,,,,,,,,,,,,,,,,,,,,,,,,,,,,,,,,,,,,,,,,,,,,,,,,,,,,,,,,,,,,,,,,,,,,,,,,,,,,,,
,Isabella and Sarah-3.sb3,1,Sprite1,,,,,,,,,,,,,,,,,,,,,,,,,,,,,,,,,,,,,,,,,,,,,,,,,,,,,,,,,,,,,,,,,,,,,,,,,,,,,,,,
,Save The Fish.sb3,0,,,,,,,,,,,,,,,,,,,,,,,,,,,,,,,,,,,,,,,,,,,,,,,,,,,,,,,,,,,,,,,,,,,,,,,,,,,,,,,,,
,Bikes over cars.sb3,0,,,,,,,,,,,,,,,,,,,,,,,,,,,,,,,,,,,,,,,,,,,,,,,,,,,,,,,,,,,,,,,,,,,,,,,,,,,,,,,,,
,Super Carbon Bros.sb3,1,Sprite1,,,,,,,,,,,,,,,,,,,,,,,,,,,,,,,,,,,,,,,,,,,,,,,,,,,,,,,,,,,,,,,,,,,,,,,,,,,,,,,,
,Garrett and Justin's banger project.sb3,2,Sprite1,Sprite2,,,,,,,,,,,,,,,,,,,,,,,,,,,,,,,,,,,,,,,,,,,,,,,,,,,,,,,,,,,,,,,,,,,,,,,,,,,,,,,
,Choices of the Player.sb3,1,Sprite1,,,,,,,,,,,,,,,,,,,,,,,,,,,,,,,,,,,,,,,,,,,,,,,,,,,,,,,,,,,,,,,,,,,,,,,,,,,,,,,,
,Penguin game.sb3,0,,,,,,,,,,,,,,,,,,,,,,,,,,,,,,,,,,,,,,,,,,,,,,,,,,,,,,,,,,,,,,,,,,,,,,,,,,,,,,,,,
,trees and stuff.sb3,0,,,,,,,,,,,,,,,,,,,,,,,,,,,,,,,,,,,,,,,,,,,,,,,,,,,,,,,,,,,,,,,,,,,,,,,,,,,,,,,,,
,Deforestation_(2).sb3,3,Sprite1,Sprite2,Sprite3,,,,,,,,,,,,,,,,,,,,,,,,,,,,,,,,,,,,,,,,,,,,,,,,,,,,,,,,,,,,,,,,,,,,,,,,,,,,,,
,Gabe Umut-2.sb3,0,,,,,,,,,,,,,,,,,,,,,,,,,,,,,,,,,,,,,,,,,,,,,,,,,,,,,,,,,,,,,,,,,,,,,,,,,,,,,,,,,
,Andrew & Will's Scratch Game: Save The World!.sb3,0,,,,,,,,,,,,,,,,,,,,,,,,,,,,,,,,,,,,,,,,,,,,,,,,,,,,,,,,,,,,,,,,,,,,,,,,,,,,,,,,,
,Jocey and Natasha.sb3,2,Sprite1,Sprite2,,,,,,,,,,,,,,,,,,,,,,,,,,,,,,,,,,,,,,,,,,,,,,,,,,,,,,,,,,,,,,,,,,,,,,,,,,,,,,,
,Save the City!.sb3,3,Sprite2,Sprite3,Sprite4,,,,,,,,,,,,,,,,,,,,,,,,,,,,,,,,,,,,,,,,,,,,,,,,,,,,,,,,,,,,,,,,,,,,,,,,,,,,,,
,Climate Clikerz.sb3,0,,,,,,,,,,,,,,,,,,,,,,,,,,,,,,,,,,,,,,,,,,,,,,,,,,,,,,,,,,,,,,,,,,,,,,,,,,,,,,,,,
,climate change Co2.sb3,0,,,,,,,,,,,,,,,,,,,,,,,,,,,,,,,,,,,,,,,,,,,,,,,,,,,,,,,,,,,,,,,,,,,,,,,,,,,,,,,,,
,climate change pong.sb3,0,,,,,,,,,,,,,,,,,,,,,,,,,,,,,,,,,,,,,,,,,,,,,,,,,,,,,,,,,,,,,,,,,,,,,,,,,,,,,,,,,
,trinity _ emma animation challenge.sb3,5,Sprite2,Sprite1,Sprite3,Sprite4,Sprite5,,,,,,,,,,,,,,,,,,,,,,,,,,,,,,,,,,,,,,,,,,,,,,,,,,,,,,,,,,,,,,,,,,,,,,,,,,,,
,Meat Defeat!!!.sb3,9,Sprite1,Sprite2,Sprite5,Sprite6,Sprite8,Sprite3,Sprite4,Sprite7,Sprite9,,,,,,,,,,,,,,,,,,,,,,,,,,,,,,,,,,,,,,,,,,,,,,,,,,,,,,,,,,,,,,,,,,,,,,,,
,Joe and Charlie Final Project.sb3,0,,,,,,,,,,,,,,,,,,,,,,,,,,,,,,,,,,,,,,,,,,,,,,,,,,,,,,,,,,,,,,,,,,,,,,,,,,,,,,,,,
,Jackson and Q's Scratch Project.sb3,4,Sprite2,Sprite3,Sprite1,Sprite4,,,,,,,,,,,,,,,,,,,,,,,,,,,,,,,,,,,,,,,,,,,,,,,,,,,,,,,,,,,,,,,,,,,,,,,,,,,,,
,Terrific Tree.sb3,1,Sprite1,,,,,,,,,,,,,,,,,,,,,,,,,,,,,,,,,,,,,,,,,,,,,,,,,,,,,,,,,,,,,,,,,,,,,,,,,,,,,,,,
,Adeventures of Albedude ©.sb3,25,Sprite1,Sprite2,Sprite3,Sprite4,Sprite5,Sprite6,Sprite7,Sprite8,Sprite9,Sprite10,Sprite11,Sprite12,Sprite13,Sprite14,Sprite15,Sprite16,Sprite17,Sprite18,Sprite19,Sprite20,Sprite21,Sprite22,Sprite23,Sprite24,Sprite25,,,,,,,,,,,,,,,,,,,,,,,,,,,,,,,,,,,,,,,,,,,,,,,,,,,,,,,,
,Polar bear emerald3a.sb3,0,,,,,,,,,,,,,,,,,,,,,,,,,,,,,,,,,,,,,,,,,,,,,,,,,,,,,,,,,,,,,,,,,,,,,,,,,,,,,,,,,
,AirMania.sb3,9,Sprite1,Sprite2,Sprite3,Sprite4,Sprite5,Sprite6,Sprite9,Sprite10,Sprite7,,,,,,,,,,,,,,,,,,,,,,,,,,,,,,,,,,,,,,,,,,,,,,,,,,,,,,,,,,,,,,,,,,,,,,,,
,Decoposition.sb3,0,,,,,,,,,,,,,,,,,,,,,,,,,,,,,,,,,,,,,,,,,,,,,,,,,,,,,,,,,,,,,,,,,,,,,,,,,,,,,,,,,
,Zach Chase game.sb3,4,Sprite1,Sprite2,Sprite3,Sprite4,,,,,,,,,,,,,,,,,,,,,,,,,,,,,,,,,,,,,,,,,,,,,,,,,,,,,,,,,,,,,,,,,,,,,,,,,,,,,
,Jadon Ethan animation challenge.sb3,3,Sprite1,Sprite2,Sprite3,,,,,,,,,,,,,,,,,,,,,,,,,,,,,,,,,,,,,,,,,,,,,,,,,,,,,,,,,,,,,,,,,,,,,,,,,,,,,,
,smol bean.sb3,3,Sprite2,Sprite3,Sprite 4,,,,,,,,,,,,,,,,,,,,,,,,,,,,,,,,,,,,,,,,,,,,,,,,,,,,,,,,,,,,,,,,,,,,,,,,,,,,,,
,Be Green ($) or Be Clean (environmentally speaking).sb3,0,,,,,,,,,,,,,,,,,,,,,,,,,,,,,,,,,,,,,,,,,,,,,,,,,,,,,,,,,,,,,,,,,,,,,,,,,,,,,,,,,
,Climate Change Game_(10).sb3,0,,,,,,,,,,,,,,,,,,,,,,,,,,,,,,,,,,,,,,,,,,,,,,,,,,,,,,,,,,,,,,,,,,,,,,,,,,,,,,,,,
,Save the Ocean!.sb3,0,,,,,,,,,,,,,,,,,,,,,,,,,,,,,,,,,,,,,,,,,,,,,,,,,,,,,,,,,,,,,,,,,,,,,,,,,,,,,,,,,
,Climate Change project.sb3,0,,,,,,,,,,,,,,,,,,,,,,,,,,,,,,,,,,,,,,,,,,,,,,,,,,,,,,,,,,,,,,,,,,,,,,,,,,,,,,,,,
,climate change game_(2).sb3,0,,,,,,,,,,,,,,,,,,,,,,,,,,,,,,,,,,,,,,,,,,,,,,,,,,,,,,,,,,,,,,,,,,,,,,,,,,,,,,,,,
,Climate Change Game_(7).sb3,0,,,,,,,,,,,,,,,,,,,,,,,,,,,,,,,,,,,,,,,,,,,,,,,,,,,,,,,,,,,,,,,,,,,,,,,,,,,,,,,,,
,CO2 destroyer.sb3,9,Sprite1,Sprite2,Sprite3,Sprite4,Sprite6,Sprite7,Sprite8,Sprite9,Sprite5,,,,,,,,,,,,,,,,,,,,,,,,,,,,,,,,,,,,,,,,,,,,,,,,,,,,,,,,,,,,,,,,,,,,,,,,
,Lilli and Shanae Climate Change Game.sb3,0,,,,,,,,,,,,,,,,,,,,,,,,,,,,,,,,,,,,,,,,,,,,,,,,,,,,,,,,,,,,,,,,,,,,,,,,,,,,,,,,,
,Climate change Dari A-F.sb3,0,,,,,,,,,,,,,,,,,,,,,,,,,,,,,,,,,,,,,,,,,,,,,,,,,,,,,,,,,,,,,,,,,,,,,,,,,,,,,,,,,
,Recycle-man.sb3,0,,,,,,,,,,,,,,,,,,,,,,,,,,,,,,,,,,,,,,,,,,,,,,,,,,,,,,,,,,,,,,,,,,,,,,,,,,,,,,,,,
,Humanity vs Carbon vs Plants- Nolan and Chima.sb3,33,Sprite1,Sprite2,Sprite3,Sprite4,Sprite5,Sprite6,Sprite7,Sprite8,Sprite9,Sprite10,Sprite11,Sprite12,Sprite13,Sprite14,Sprite15,Sprite16,Sprite17,Sprite18,Sprite19,Sprite20,Sprite21,Sprite24,Sprite22,Sprite23,Sprite25,Sprite26,Sprite27,Sprite28,Sprite29,Sprite30,Sprite31,Sprite32,Sprite33,,,,,,,,,,,,,,,,,,,,,,,,,,,,,,,,,,,,,,,,,,,,,,,,
,Planet-Saving with Parker! (transportation->strategy.sb3,8,Sprite1,Sprite2,Sprite3,Sprite4,Sprite5,Sprite6,Sprite7,Sprite8,,,,,,,,,,,,,,,,,,,,,,,,,,,,,,,,,,,,,,,,,,,,,,,,,,,,,,,,,,,,,,,,,,,,,,,,,
,The Best Game You've Ever Played *No Guarentee.sb3,40,Sprite1,Sprite2,Sprite3,Sprite5,Sprite4,Sprite6,Sprite7,Sprite8,Sprite9,Sprite12,Sprite10,Sprite11,Sprite13,Sprite14,Sprite15,Sprite16,Sprite17,Sprite18,Sprite20,Sprite21,Sprite19,Sprite22,Sprite23,Sprite24,Sprite25,Sprite26,Sprite27,Sprite28,Sprite29,Sprite30,Sprite31,Sprite32,Sprite33,Sprite34,Sprite35,Sprite36,Sprite37,Sprite38,Sprite39,Sprite40,,,,,,,,,,,,,,,,,,,,,,,,,,,,,,,,,,,,,,,,,
,Substantial Farming Simulator.sb3,0,,,,,,,,,,,,,,,,,,,,,,,,,,,,,,,,,,,,,,,,,,,,,,,,,,,,,,,,,,,,,,,,,,,,,,,,,,,,,,,,,
,Brendan and Nathan's project.sb3,0,,,,,,,,,,,,,,,,,,,,,,,,,,,,,,,,,,,,,,,,,,,,,,,,,,,,,,,,,,,,,,,,,,,,,,,,,,,,,,,,,
,Car or Bike?.sb3,2,Sprite1,Sprite2,,,,,,,,,,,,,,,,,,,,,,,,,,,,,,,,,,,,,,,,,,,,,,,,,,,,,,,,,,,,,,,,,,,,,,,,,,,,,,,
,extreme climate.sb3,1,Sprite1,,,,,,,,,,,,,,,,,,,,,,,,,,,,,,,,,,,,,,,,,,,,,,,,,,,,,,,,,,,,,,,,,,,,,,,,,,,,,,,,
,Eujin and Julia.sb3,48,Sprite1,Sprite2,Sprite3,Sprite4,Sprite5,Sprite6,Sprite7,Sprite8,Sprite9,Sprite10,Sprite11,Sprite12,Sprite13,Sprite14,Sprite15,Sprite16,Sprite17,Sprite18,Sprite19,Sprite20,Sprite21,Sprite22,Sprite24,Sprite25,Sprite26,Sprite27,Sprite28,Sprite29,Sprite30,Sprite31,Sprite32,Sprite33,Sprite34,Sprite35,Sprite36,Sprite37,Sprite38,Sprite39,Sprite40,Sprite41,Sprite42,Sprite43,Sprite44,Sprite45,Sprite46,Sprite47,Sprite48,Sprite49,,,,,,,,,,,,,,,,,,,,,,,,,,,,,,,,,
,Co2 Clouds Game.sb3,0,,,,,,,,,,,,,,,,,,,,,,,,,,,,,,,,,,,,,,,,,,,,,,,,,,,,,,,,,,,,,,,,,,,,,,,,,,,,,,,,,
,Climate Change Project_(2).sb3,20,Sprite1,Sprite2,Sprite3,Sprite4,Sprite5,Sprite7,Sprite8,Sprite6,Sprite9,Sprite10,Sprite11,Sprite12,Sprite13,Sprite14,Sprite15,Sprite16,Sprite17,Sprite18,Sprite19,Sprite20,,,,,,,,,,,,,,,,,,,,,,,,,,,,,,,,,,,,,,,,,,,,,,,,,,,,,,,,,,,,,
,Climate change.sb3,2,Sprite1,Sprite2,,,,,,,,,,,,,,,,,,,,,,,,,,,,,,,,,,,,,,,,,,,,,,,,,,,,,,,,,,,,,,,,,,,,,,,,,,,,,,,
,Kevin_Ben Animation Challenge.sb3,2,Sprite1,Sprite2,,,,,,,,,,,,,,,,,,,,,,,,,,,,,,,,,,,,,,,,,,,,,,,,,,,,,,,,,,,,,,,,,,,,,,,,,,,,,,,
,Polar Saving.sb3,9,Sprite2,Sprite3,Sprite1,Sprite5,Sprite6,Sprite7,Sprite8,Sprite9,Sprite10,,,,,,,,,,,,,,,,,,,,,,,,,,,,,,,,,,,,,,,,,,,,,,,,,,,,,,,,,,,,,,,,,,,,,,,,
,Rambunctious Recycling.sb3,0,,,,,,,,,,,,,,,,,,,,,,,,,,,,,,,,,,,,,,,,,,,,,,,,,,,,,,,,,,,,,,,,,,,,,,,,,,,,,,,,,
,Crab runner.sb3,2,Sprite1,Sprite2,,,,,,,,,,,,,,,,,,,,,,,,,,,,,,,,,,,,,,,,,,,,,,,,,,,,,,,,,,,,,,,,,,,,,,,,,,,,,,,
,Roy: A Life Well Lived.sb3,0,,,,,,,,,,,,,,,,,,,,,,,,,,,,,,,,,,,,,,,,,,,,,,,,,,,,,,,,,,,,,,,,,,,,,,,,,,,,,,,,,
,ice tray albedo edition.sb3,0,,,,,,,,,,,,,,,,,,,,,,,,,,,,,,,,,,,,,,,,,,,,,,,,,,,,,,,,,,,,,,,,,,,,,,,,,,,,,,,,,
,puffs of smoke.sb3,0,,,,,,,,,,,,,,,,,,,,,,,,,,,,,,,,,,,,,,,,,,,,,,,,,,,,,,,,,,,,,,,,,,,,,,,,,,,,,,,,,
,Climate Control.sb3,1,Sprite1,,,,,,,,,,,,,,,,,,,,,,,,,,,,,,,,,,,,,,,,,,,,,,,,,,,,,,,,,,,,,,,,,,,,,,,,,,,,,,,,
,Help Save the Earth!!!.sb3,0,,,,,,,,,,,,,,,,,,,,,,,,,,,,,,,,,,,,,,,,,,,,,,,,,,,,,,,,,,,,,,,,,,,,,,,,,,,,,,,,,
,"Dodge, Duck and Jump.sb3",1,Sprite1,,,,,,,,,,,,,,,,,,,,,,,,,,,,,,,,,,,,,,,,,,,,,,,,,,,,,,,,,,,,,,,,,,,,,,,,,,,,,,,,
,Science Project radiation.sb3,12,Sprite1,Sprite2,Sprite3,Sprite4,Sprite5,Sprite6,Sprite7,Sprite8,Sprite9,Sprite10,Sprite11,Sprite12,,,,,,,,,,,,,,,,,,,,,,,,,,,,,,,,,,,,,,,,,,,,,,,,,,,,,,,,,,,,,,,,,,,,,
,Greenhouse Affect.sb3,2,Sprite1,Sprite2,,,,,,,,,,,,,,,,,,,,,,,,,,,,,,,,,,,,,,,,,,,,,,,,,,,,,,,,,,,,,,,,,,,,,,,,,,,,,,,
,Comfortable Climate :).sb3,11,Sprite2,Sprite3,Sprite4,Sprite6,Sprite7,Sprite8,Sprite9,Sprite10,Sprite1,Sprite5,Sprite11,,,,,,,,,,,,,,,,,,,,,,,,,,,,,,,,,,,,,,,,,,,,,,,,,,,,,,,,,,,,,,,,,,,,,,
,Earth Vs Climate change Dodge ball game.sb3,1,Sprite3,,,,,,,,,,,,,,,,,,,,,,,,,,,,,,,,,,,,,,,,,,,,,,,,,,,,,,,,,,,,,,,,,,,,,,,,,,,,,,,,
,Welcome to the Greenhouse.sb3,1,Sprite1,,,,,,,,,,,,,,,,,,,,,,,,,,,,,,,,,,,,,,,,,,,,,,,,,,,,,,,,,,,,,,,,,,,,,,,,,,,,,,,,
,♥crazy cows♥.sb3,15,Sprite2,Sprite3,Sprite5,Sprite6,Sprite7,Sprite8,Sprite9,Sprite4,Sprite1,Sprite11,Sprite12,Sprite10,Sprite13,Sprite14,Sprite15,,,,,,,,,,,,,,,,,,,,,,,,,,,,,,,,,,,,,,,,,,,,,,,,,,,,,,,,,,,,,,,,,,
,CO2 Game.sb3,4,Sprite2,Sprite3,Sprite4,Sprite5,,,,,,,,,,,,,,,,,,,,,,,,,,,,,,,,,,,,,,,,,,,,,,,,,,,,,,,,,,,,,,,,,,,,,,,,,,,,,
,Climate Change Pong Finished Version.sb3,4,Sprite2,Sprite1,Sprite3,Sprite4,,,,,,,,,,,,,,,,,,,,,,,,,,,,,,,,,,,,,,,,,,,,,,,,,,,,,,,,,,,,,,,,,,,,,,,,,,,,,
,Water.sb3,2,Sprite1,Sprite2,,,,,,,,,,,,,,,,,,,,,,,,,,,,,,,,,,,,,,,,,,,,,,,,,,,,,,,,,,,,,,,,,,,,,,,,,,,,,,,
,Dat Albedo.sb3,2,Sprite1,Sprite2,,,,,,,,,,,,,,,,,,,,,,,,,,,,,,,,,,,,,,,,,,,,,,,,,,,,,,,,,,,,,,,,,,,,,,,,,,,,,,,
,Garden Simulator 2k17.sb3,8,Sprite1,Sprite6,Sprite2,Sprite3,Sprite4,Sprite5,Sprite8,Sprite7,,,,,,,,,,,,,,,,,,,,,,,,,,,,,,,,,,,,,,,,,,,,,,,,,,,,,,,,,,,,,,,,,,,,,,,,,
,A Day of Choices.sb3,0,,,,,,,,,,,,,,,,,,,,,,,,,,,,,,,,,,,,,,,,,,,,,,,,,,,,,,,,,,,,,,,,,,,,,,,,,,,,,,,,,
,Lily and Liza's Project Deforestation.sb3,0,,,,,,,,,,,,,,,,,,,,,,,,,,,,,,,,,,,,,,,,,,,,,,,,,,,,,,,,,,,,,,,,,,,,,,,,,,,,,,,,,
,Cow catch game.sb3,1,Sprite1,,,,,,,,,,,,,,,,,,,,,,,,,,,,,,,,,,,,,,,,,,,,,,,,,,,,,,,,,,,,,,,,,,,,,,,,,,,,,,,,
,Factory Pollution.sb3,1,Sprite2,,,,,,,,,,,,,,,,,,,,,,,,,,,,,,,,,,,,,,,,,,,,,,,,,,,,,,,,,,,,,,,,,,,,,,,,,,,,,,,,
,Save the Fishy.sb3,0,,,,,,,,,,,,,,,,,,,,,,,,,,,,,,,,,,,,,,,,,,,,,,,,,,,,,,,,,,,,,,,,,,,,,,,,,,,,,,,,,
,JacksonNatalieproject.sb3,2,Sprite3,Sprite1,,,,,,,,,,,,,,,,,,,,,,,,,,,,,,,,,,,,,,,,,,,,,,,,,,,,,,,,,,,,,,,,,,,,,,,,,,,,,,,
,Artem Tsukasa.sb3,22,Sprite1,Sprite2,Sprite3,Sprite4,Sprite5,Sprite6,Sprite7,Sprite8,Sprite9,Sprite10,Sprite11,Sprite12,Sprite13,Sprite14,Sprite16,Sprite15,Sprite17,Sprite18,Sprite19,Sprite20,Sprite21,Sprite22,,,,,,,,,,,,,,,,,,,,,,,,,,,,,,,,,,,,,,,,,,,,,,,,,,,,,,,,,,,
,Tom and Mahbod Climate Change Game.sb3,1,Sprite2,,,,,,,,,,,,,,,,,,,,,,,,,,,,,,,,,,,,,,,,,,,,,,,,,,,,,,,,,,,,,,,,,,,,,,,,,,,,,,,,
,welkn;kmCX 'lkSD ow EV;Iw oP iwb'lkNSFPVON.sb3,1,Sprite1,,,,,,,,,,,,,,,,,,,,,,,,,,,,,,,,,,,,,,,,,,,,,,,,,,,,,,,,,,,,,,,,,,,,,,,,,,,,,,,,
,Lizzy & Sydney's Game.sb3,0,,,,,,,,,,,,,,,,,,,,,,,,,,,,,,,,,,,,,,,,,,,,,,,,,,,,,,,,,,,,,,,,,,,,,,,,,,,,,,,,,
,Destroy the World.sb3,0,,,,,,,,,,,,,,,,,,,,,,,,,,,,,,,,,,,,,,,,,,,,,,,,,,,,,,,,,,,,,,,,,,,,,,,,,,,,,,,,,
,Maroon2018C9.sb3,1,Sprite1,,,,,,,,,,,,,,,,,,,,,,,,,,,,,,,,,,,,,,,,,,,,,,,,,,,,,,,,,,,,,,,,,,,,,,,,,,,,,,,,
,climate change game.sb3,0,,,,,,,,,,,,,,,,,,,,,,,,,,,,,,,,,,,,,,,,,,,,,,,,,,,,,,,,,,,,,,,,,,,,,,,,,,,,,,,,,
,Sydney Forristall and Samuel Gordon.sb3,3,Sprite1,Sprite2,Sprite4,,,,,,,,,,,,,,,,,,,,,,,,,,,,,,,,,,,,,,,,,,,,,,,,,,,,,,,,,,,,,,,,,,,,,,,,,,,,,,
,Reflecting Ice Project.sb3,0,,,,,,,,,,,,,,,,,,,,,,,,,,,,,,,,,,,,,,,,,,,,,,,,,,,,,,,,,,,,,,,,,,,,,,,,,,,,,,,,,
,Guardian of the Forest.sb3,0,,,,,,,,,,,,,,,,,,,,,,,,,,,,,,,,,,,,,,,,,,,,,,,,,,,,,,,,,,,,,,,,,,,,,,,,,,,,,,,,,
,This World Is Crumbling T.W.I.C..sb3,0,,,,,,,,,,,,,,,,,,,,,,,,,,,,,,,,,,,,,,,,,,,,,,,,,,,,,,,,,,,,,,,,,,,,,,,,,,,,,,,,,
,Mitigation Master!.sb3,0,,,,,,,,,,,,,,,,,,,,,,,,,,,,,,,,,,,,,,,,,,,,,,,,,,,,,,,,,,,,,,,,,,,,,,,,,,,,,,,,,
,TreezRKool.sb3,1,Sprite2,,,,,,,,,,,,,,,,,,,,,,,,,,,,,,,,,,,,,,,,,,,,,,,,,,,,,,,,,,,,,,,,,,,,,,,,,,,,,,,,
,SpAcE pOnG.sb3,1,Sprite1,,,,,,,,,,,,,,,,,,,,,,,,,,,,,,,,,,,,,,,,,,,,,,,,,,,,,,,,,,,,,,,,,,,,,,,,,,,,,,,,
,Game Thingy.sb3,3,Sprite1,Sprite2,Sprite3,,,,,,,,,,,,,,,,,,,,,,,,,,,,,,,,,,,,,,,,,,,,,,,,,,,,,,,,,,,,,,,,,,,,,,,,,,,,,,
,Troubled Waters.sb3,5,Sprite1,Sprite2,Sprite4,Sprite5,Sprite6,,,,,,,,,,,,,,,,,,,,,,,,,,,,,,,,,,,,,,,,,,,,,,,,,,,,,,,,,,,,,,,,,,,,,,,,,,,,
,Hydrosphere Box Game.sb3,0,,,,,,,,,,,,,,,,,,,,,,,,,,,,,,,,,,,,,,,,,,,,,,,,,,,,,,,,,,,,,,,,,,,,,,,,,,,,,,,,,
,Liam and Sam scratch project.sb3,1,Sprite2,,,,,,,,,,,,,,,,,,,,,,,,,,,,,,,,,,,,,,,,,,,,,,,,,,,,,,,,,,,,,,,,,,,,,,,,,,,,,,,,
,Yvonne and Esha.sb3,0,,,,,,,,,,,,,,,,,,,,,,,,,,,,,,,,,,,,,,,,,,,,,,,,,,,,,,,,,,,,,,,,,,,,,,,,,,,,,,,,,
,Super Saver of Exciting Earth.sb3,4,Sprite1,Sprite2,Sprite4,Sprite3,,,,,,,,,,,,,,,,,,,,,,,,,,,,,,,,,,,,,,,,,,,,,,,,,,,,,,,,,,,,,,,,,,,,,,,,,,,,,
,reducing co2 maze by madi and paige.sb3,0,,,,,,,,,,,,,,,,,,,,,,,,,,,,,,,,,,,,,,,,,,,,,,,,,,,,,,,,,,,,,,,,,,,,,,,,,,,,,,,,,
,Unwanted Co2.sb3,1,Sprite1,,,,,,,,,,,,,,,,,,,,,,,,,,,,,,,,,,,,,,,,,,,,,,,,,,,,,,,,,,,,,,,,,,,,,,,,,,,,,,,,
,Brick Breaker remix.sb3,0,,,,,,,,,,,,,,,,,,,,,,,,,,,,,,,,,,,,,,,,,,,,,,,,,,,,,,,,,,,,,,,,,,,,,,,,,,,,,,,,,
,Catch the Monkey.sb3,8,Sprite1,Sprite3,Sprite4,Sprite5,Sprite2,Sprite6,Sprite7,Sprite8,,,,,,,,,,,,,,,,,,,,,,,,,,,,,,,,,,,,,,,,,,,,,,,,,,,,,,,,,,,,,,,,,,,,,,,,,
,Aris and Rana.sb3,11,Sprite2,Sprite1,Sprite3,Sprite4,Sprite5,Sprite6,Sprite7,Sprite8,Sprite9,Sprite10,Sprite11,,,,,,,,,,,,,,,,,,,,,,,,,,,,,,,,,,,,,,,,,,,,,,,,,,,,,,,,,,,,,,,,,,,,,,
,`_(2).sb3,5,Sprite1,Sprite2,Sprite4,Sprite5,Sprite3,,,,,,,,,,,,,,,,,,,,,,,,,,,,,,,,,,,,,,,,,,,,,,,,,,,,,,,,,,,,,,,,,,,,,,,,,,,,
,Joci and Becky Climate Change Games.sb3,9,Sprite1,Sprite2,Sprite3,Sprite4,Sprite5,Sprite6,Sprite7,Sprite8,Sprite9,,,,,,,,,,,,,,,,,,,,,,,,,,,,,,,,,,,,,,,,,,,,,,,,,,,,,,,,,,,,,,,,,,,,,,,,
,Flood Dodge.sb3,0,,,,,,,,,,,,,,,,,,,,,,,,,,,,,,,,,,,,,,,,,,,,,,,,,,,,,,,,,,,,,,,,,,,,,,,,,,,,,,,,,
,Hurricane Paddle.sb3,0,,,,,,,,,,,,,,,,,,,,,,,,,,,,,,,,,,,,,,,,,,,,,,,,,,,,,,,,,,,,,,,,,,,,,,,,,,,,,,,,,
,Climate Change Game_(4).sb3,13,Sprite2,Sprite1,Sprite3,Sprite4,Sprite5,Sprite6,Sprite7,Sprite8,Sprite10,Sprite9,Sprite11,Sprite12,Sprite13,,,,,,,,,,,,,,,,,,,,,,,,,,,,,,,,,,,,,,,,,,,,,,,,,,,,,,,,,,,,,,,,,,,,
,Co2 Game.sb3,0,,,,,,,,,,,,,,,,,,,,,,,,,,,,,,,,,,,,,,,,,,,,,,,,,,,,,,,,,,,,,,,,,,,,,,,,,,,,,,,,,
,Cars and co2.sb3,2,Sprite1,Sprite2,,,,,,,,,,,,,,,,,,,,,,,,,,,,,,,,,,,,,,,,,,,,,,,,,,,,,,,,,,,,,,,,,,,,,,,,,,,,,,,
,Eat The Carbon by Barry and Kyrene.sb3,1,Sprite1,,,,,,,,,,,,,,,,,,,,,,,,,,,,,,,,,,,,,,,,,,,,,,,,,,,,,,,,,,,,,,,,,,,,,,,,,,,,,,,,
,Climate Change Simulation.sb3,10,Sprite2,Sprite1,Sprite3,Sprite4,Sprite5,Sprite6,Sprite7,Sprite8,Sprite10,Sprite9,,,,,,,,,,,,,,,,,,,,,,,,,,,,,,,,,,,,,,,,,,,,,,,,,,,,,,,,,,,,,,,,,,,,,,,
,Preventing Greenhouse Gases With Paul the Poler Bear.sb3,0,,,,,,,,,,,,,,,,,,,,,,,,,,,,,,,,,,,,,,,,,,,,,,,,,,,,,,,,,,,,,,,,,,,,,,,,,,,,,,,,,
,Kenny Michael.sb3,0,,,,,,,,,,,,,,,,,,,,,,,,,,,,,,,,,,,,,,,,,,,,,,,,,,,,,,,,,,,,,,,,,,,,,,,,,,,,,,,,,
,Climate Change Game Hannah and Andrew.sb3,0,,,,,,,,,,,,,,,,,,,,,,,,,,,,,,,,,,,,,,,,,,,,,,,,,,,,,,,,,,,,,,,,,,,,,,,,,,,,,,,,,
,Climate Change Game_(6).sb3,6,Sprite2,Sprite4,Sprite5,Sprite3,Sprite6,Sprite7,,,,,,,,,,,,,,,,,,,,,,,,,,,,,,,,,,,,,,,,,,,,,,,,,,,,,,,,,,,,,,,,,,,,,,,,,,,
,Stop Global Warming.sb3,16,Sprite1,Sprite2,Sprite3,Sprite4,Sprite5,Sprite6,Sprite7,Sprite8,Sprite9,Sprite10,Sprite11,Sprite12,Sprite13,Sprite14,Sprite15,Sprite16,,,,,,,,,,,,,,,,,,,,,,,,,,,,,,,,,,,,,,,,,,,,,,,,,,,,,,,,,,,,,,,,,
,qsd.sb3,1,Sprite1,,,,,,,,,,,,,,,,,,,,,,,,,,,,,,,,,,,,,,,,,,,,,,,,,,,,,,,,,,,,,,,,,,,,,,,,,,,,,,,,
,Impacts on wildlife.sb3,3,Sprite1,Sprite2,Sprite3,,,,,,,,,,,,,,,,,,,,,,,,,,,,,,,,,,,,,,,,,,,,,,,,,,,,,,,,,,,,,,,,,,,,,,,,,,,,,,
,Choose Your Adventure.sb3,0,,,,,,,,,,,,,,,,,,,,,,,,,,,,,,,,,,,,,,,,,,,,,,,,,,,,,,,,,,,,,,,,,,,,,,,,,,,,,,,,,
,Untitled_(3).sb3,0,,,,,,,,,,,,,,,,,,,,,,,,,,,,,,,,,,,,,,,,,,,,,,,,,,,,,,,,,,,,,,,,,,,,,,,,,,,,,,,,,
,Polar Bear Fixes Climate Change.sb3,2,Sprite2,Sprite5,,,,,,,,,,,,,,,,,,,,,,,,,,,,,,,,,,,,,,,,,,,,,,,,,,,,,,,,,,,,,,,,,,,,,,,,,,,,,,,
,carbon crab.sb3,4,Sprite1,Sprite2,Sprite3,Sprite4,,,,,,,,,,,,,,,,,,,,,,,,,,,,,,,,,,,,,,,,,,,,,,,,,,,,,,,,,,,,,,,,,,,,,,,,,,,,,
,Earth vs. Floods.sb3,0,,,,,,,,,,,,,,,,,,,,,,,,,,,,,,,,,,,,,,,,,,,,,,,,,,,,,,,,,,,,,,,,,,,,,,,,,,,,,,,,,
,Class Project Sage and Nora.sb3,0,,,,,,,,,,,,,,,,,,,,,,,,,,,,,,,,,,,,,,,,,,,,,,,,,,,,,,,,,,,,,,,,,,,,,,,,,,,,,,,,,
,Episode (Carbon edition).sb3,16,Sprite24,Sprite25,Sprite26,Sprite27,Sprite21,Sprite22,Sprite23,Sprite28,Sprite29,Sprite30,Sprite31,Sprite32,Sprite33,Sprite34,Sprite35,Sprite36,,,,,,,,,,,,,,,,,,,,,,,,,,,,,,,,,,,,,,,,,,,,,,,,,,,,,,,,,,,,,,,,,
,Sun Ray Shielder.sb3,2,Sprite1,Sprite2,,,,,,,,,,,,,,,,,,,,,,,,,,,,,,,,,,,,,,,,,,,,,,,,,,,,,,,,,,,,,,,,,,,,,,,,,,,,,,,
,Climate Change Cha Cha Slide.sb3,14,Sprite1,Sprite2,Sprite3,Sprite4,Sprite5,Sprite6,Sprite7,Sprite8,Sprite9,Sprite10,Sprite11,Sprite12,Sprite13,Sprite14,,,,,,,,,,,,,,,,,,,,,,,,,,,,,,,,,,,,,,,,,,,,,,,,,,,,,,,,,,,,,,,,,,,
,Heat absorber.sb3,22,Sprite1,Sprite2,Sprite3,Sprite4,Sprite5,Sprite6,Sprite7,Sprite8,Sprite9,Sprite10,Sprite11,Sprite12,Sprite13,Sprite14,Sprite15,Sprite16,Sprite17,Sprite18,Sprite19,Sprite20,Sprite21,Sprite22,,,,,,,,,,,,,,,,,,,,,,,,,,,,,,,,,,,,,,,,,,,,,,,,,,,,,,,,,,,
,systems from scratch.sb3,0,,,,,,,,,,,,,,,,,,,,,,,,,,,,,,,,,,,,,,,,,,,,,,,,,,,,,,,,,,,,,,,,,,,,,,,,,,,,,,,,,
,Tropho Farm.sb3,2,Sprite1,Sprite2,,,,,,,,,,,,,,,,,,,,,,,,,,,,,,,,,,,,,,,,,,,,,,,,,,,,,,,,,,,,,,,,,,,,,,,,,,,,,,,
,Plant the Trees!.sb3,2,Sprite1,Sprite2,,,,,,,,,,,,,,,,,,,,,,,,,,,,,,,,,,,,,,,,,,,,,,,,,,,,,,,,,,,,,,,,,,,,,,,,,,,,,,,
,Sophie and Hannah's Climate Game!!!!!!!.sb3,17,Sprite1,Sprite2,Sprite3,Sprite4,Sprite5,Sprite6,Sprite7,Sprite8,Sprite9,Sprite10,Sprite11,Sprite12,Sprite13,Sprite14,Sprite15,Sprite16,Sprite17,,,,,,,,,,,,,,,,,,,,,,,,,,,,,,,,,,,,,,,,,,,,,,,,,,,,,,,,,,,,,,,,
,Sofi S..sb3,5,Sprite2,Sprite5,Sprite4,Sprite1,Sprite3,,,,,,,,,,,,,,,,,,,,,,,,,,,,,,,,,,,,,,,,,,,,,,,,,,,,,,,,,,,,,,,,,,,,,,,,,,,,
,Jamari Alex Animation Challenge.sb3,2,Sprite1,Sprite2,,,,,,,,,,,,,,,,,,,,,,,,,,,,,,,,,,,,,,,,,,,,,,,,,,,,,,,,,,,,,,,,,,,,,,,,,,,,,,,
,Nathan and Edo Cookie Game.sb3,0,,,,,,,,,,,,,,,,,,,,,,,,,,,,,,,,,,,,,,,,,,,,,,,,,,,,,,,,,,,,,,,,,,,,,,,,,,,,,,,,,
,Reduce dat boi Co2 in the Atmosphere.sb3,0,,,,,,,,,,,,,,,,,,,,,,,,,,,,,,,,,,,,,,,,,,,,,,,,,,,,,,,,,,,,,,,,,,,,,,,,,,,,,,,,,
,Nora + Sage.sb3,23,Sprite1,Sprite2,Sprite3,Sprite4,Sprite5,Sprite6,Sprite7,Sprite8,Sprite9,Sprite10,Sprite11,Sprite12,Sprite13,Sprite14,Sprite15,Sprite17,Sprite16,Sprite18,Sprite19,Sprite20,Sprite21,Sprite22,Sprite23,,,,,,,,,,,,,,,,,,,,,,,,,,,,,,,,,,,,,,,,,,,,,,,,,,,,,,,,,,
,Chainsaw guy.sb3,3,Sprite1,Sprite2,Sprite4,,,,,,,,,,,,,,,,,,,,,,,,,,,,,,,,,,,,,,,,,,,,,,,,,,,,,,,,,,,,,,,,,,,,,,,,,,,,,,
,Untitled-2_(3).sb3,0,,,,,,,,,,,,,,,,,,,,,,,,,,,,,,,,,,,,,,,,,,,,,,,,,,,,,,,,,,,,,,,,,,,,,,,,,,,,,,,,,
,deforestation nationnnn.sb3,6,Sprite1,Sprite2,Sprite3,Sprite4,Sprite5,Sprite6,,,,,,,,,,,,,,,,,,,,,,,,,,,,,,,,,,,,,,,,,,,,,,,,,,,,,,,,,,,,,,,,,,,,,,,,,,,
,David + Nareg's Tree CO2 Simulator - 2K18.sb3,0,,,,,,,,,,,,,,,,,,,,,,,,,,,,,,,,,,,,,,,,,,,,,,,,,,,,,,,,,,,,,,,,,,,,,,,,,,,,,,,,,
,Clara and Mira's Project.sb3,15,Sprite1,Sprite2,Sprite3,Sprite4,Sprite5,Sprite6,Sprite7,Sprite8,Sprite9,Sprite10,Sprite11,Sprite12,Sprite13,Sprite14,Sprite15,,,,,,,,,,,,,,,,,,,,,,,,,,,,,,,,,,,,,,,,,,,,,,,,,,,,,,,,,,,,,,,,,,
,Penguin Paradise.sb3,0,,,,,,,,,,,,,,,,,,,,,,,,,,,,,,,,,,,,,,,,,,,,,,,,,,,,,,,,,,,,,,,,,,,,,,,,,,,,,,,,,
,Climate Change: Taking Action.sb3,19,Sprite1,Sprite2,Sprite4,Sprite3,Sprite5,Sprite6,Sprite7,Sprite9,Sprite10,Sprite11,Sprite12,Sprite8,Sprite13,Sprite14,Sprite15,Sprite16,Sprite17,Sprite18,Sprite19,,,,,,,,,,,,,,,,,,,,,,,,,,,,,,,,,,,,,,,,,,,,,,,,,,,,,,,,,,,,,,
,Save The Polar Ice Caps remix copy.sb3,0,,,,,,,,,,,,,,,,,,,,,,,,,,,,,,,,,,,,,,,,,,,,,,,,,,,,,,,,,,,,,,,,,,,,,,,,,,,,,,,,,
,Brendan and Hallel.sb3,9,Sprite1,Sprite4,Sprite2,Sprite3,Sprite5,Sprite7,Sprite6,Sprite8,Sprite9,,,,,,,,,,,,,,,,,,,,,,,,,,,,,,,,,,,,,,,,,,,,,,,,,,,,,,,,,,,,,,,,,,,,,,,,
,New Science Scratch.sb3,0,,,,,,,,,,,,,,,,,,,,,,,,,,,,,,,,,,,,,,,,,,,,,,,,,,,,,,,,,,,,,,,,,,,,,,,,,,,,,,,,,
,IAN RASAMAT.sb3,1,Sprite1,,,,,,,,,,,,,,,,,,,,,,,,,,,,,,,,,,,,,,,,,,,,,,,,,,,,,,,,,,,,,,,,,,,,,,,,,,,,,,,,
,GAME.sb3,51,Sprite1,Sprite2,Sprite3,Sprite4,Sprite5,Sprite6,Sprite7,Sprite8,Sprite9,Sprite10,Sprite11,Sprite12,Sprite13,Sprite14,Sprite15,Sprite16,Sprite17,Sprite18,Sprite19,Sprite20,Sprite21,Sprite22,Sprite23,Sprite24,Sprite25,Sprite26,Sprite27,Sprite28,Sprite29,Sprite33,Sprite30,Sprite31,Sprite32,Sprite34,Sprite35,Sprite36,Sprite37,Sprite38,Sprite39,Sprite40,Sprite42,Sprite43,Sprite44,Sprite45,Sprite46,Sprite47,Sprite49,Sprite41,Sprite48,Sprite50,Sprite51,,,,,,,,,,,,,,,,,,,,,,,,,,,,,,
,Reducing Ocean Acidification.sb3,4,Sprite1,Sprite2,Sprite3,Sprite4,,,,,,,,,,,,,,,,,,,,,,,,,,,,,,,,,,,,,,,,,,,,,,,,,,,,,,,,,,,,,,,,,,,,,,,,,,,,,
,Tesla CO2 Emissions.sb3,5,Sprite1,Sprite2,Sprite3,Sprite4,Sprite5,,,,,,,,,,,,,,,,,,,,,,,,,,,,,,,,,,,,,,,,,,,,,,,,,,,,,,,,,,,,,,,,,,,,,,,,,,,,
,SuperSeaTurtleBro..sb3,0,,,,,,,,,,,,,,,,,,,,,,,,,,,,,,,,,,,,,,,,,,,,,,,,,,,,,,,,,,,,,,,,,,,,,,,,,,,,,,,,,
,THE GLOBAL WARMING game!.sb3,4,Sprite1,Sprite2,Sprite3,Sprite4,,,,,,,,,,,,,,,,,,,,,,,,,,,,,,,,,,,,,,,,,,,,,,,,,,,,,,,,,,,,,,,,,,,,,,,,,,,,,
,World and Climate Changing Game.sb3,1,Sprite1,,,,,,,,,,,,,,,,,,,,,,,,,,,,,,,,,,,,,,,,,,,,,,,,,,,,,,,,,,,,,,,,,,,,,,,,,,,,,,,,
,Carlos's Guide to Climate Change.sb3,0,,,,,,,,,,,,,,,,,,,,,,,,,,,,,,,,,,,,,,,,,,,,,,,,,,,,,,,,,,,,,,,,,,,,,,,,,,,,,,,,,
,Ice Blocker Climate Change Game.sb3,3,Sprite1,Sprite2,Sprite3,,,,,,,,,,,,,,,,,,,,,,,,,,,,,,,,,,,,,,,,,,,,,,,,,,,,,,,,,,,,,,,,,,,,,,,,,,,,,,
,Tree1 Climate Game.sb3,1,Sprite1,,,,,,,,,,,,,,,,,,,,,,,,,,,,,,,,,,,,,,,,,,,,,,,,,,,,,,,,,,,,,,,,,,,,,,,,,,,,,,,,
,Become the Best Lumberjack.sb3,9,Sprite1,Sprite2,Sprite3,Sprite4,Sprite5,Sprite6,Sprite7,Sprite8,Sprite9,,,,,,,,,,,,,,,,,,,,,,,,,,,,,,,,,,,,,,,,,,,,,,,,,,,,,,,,,,,,,,,,,,,,,,,,
,Carbon Capture_(2).sb3,0,,,,,,,,,,,,,,,,,,,,,,,,,,,,,,,,,,,,,,,,,,,,,,,,,,,,,,,,,,,,,,,,,,,,,,,,,,,,,,,,,
,Austin & Clarence.sb3,0,,,,,,,,,,,,,,,,,,,,,,,,,,,,,,,,,,,,,,,,,,,,,,,,,,,,,,,,,,,,,,,,,,,,,,,,,,,,,,,,,
,Climate Clicker.sb3,3,Sprite1,Sprite2,Sprite3,,,,,,,,,,,,,,,,,,,,,,,,,,,,,,,,,,,,,,,,,,,,,,,,,,,,,,,,,,,,,,,,,,,,,,,,,,,,,,
,Fortnite: Climate Change Edition.sb3,0,,,,,,,,,,,,,,,,,,,,,,,,,,,,,,,,,,,,,,,,,,,,,,,,,,,,,,,,,,,,,,,,,,,,,,,,,,,,,,,,,
,Greenite: The Greenining.sb3,0,,,,,,,,,,,,,,,,,,,,,,,,,,,,,,,,,,,,,,,,,,,,,,,,,,,,,,,,,,,,,,,,,,,,,,,,,,,,,,,,,
,THE LIFE CHANGING CLIMATE GAME (CLICK ON THIS).sb3,2,Sprite1,Sprite2,,,,,,,,,,,,,,,,,,,,,,,,,,,,,,,,,,,,,,,,,,,,,,,,,,,,,,,,,,,,,,,,,,,,,,,,,,,,,,,
,Lasagna feat. Ludacris.sb3,1,Sprite1,,,,,,,,,,,,,,,,,,,,,,,,,,,,,,,,,,,,,,,,,,,,,,,,,,,,,,,,,,,,,,,,,,,,,,,,,,,,,,,,
,The Carbon Journey.sb3,1,Sprite1,,,,,,,,,,,,,,,,,,,,,,,,,,,,,,,,,,,,,,,,,,,,,,,,,,,,,,,,,,,,,,,,,,,,,,,,,,,,,,,,
,Carbon Game by Ria and Sarah.sb3,2,Sprite1,Sprite2,,,,,,,,,,,,,,,,,,,,,,,,,,,,,,,,,,,,,,,,,,,,,,,,,,,,,,,,,,,,,,,,,,,,,,,,,,,,,,,
,Carbon Capture.sb3,5,Sprite1,Sprite2,Sprite5,Sprite3,Sprite4,,,,,,,,,,,,,,,,,,,,,,,,,,,,,,,,,,,,,,,,,,,,,,,,,,,,,,,,,,,,,,,,,,,,,,,,,,,,
,Save The World.sb3,0,,,,,,,,,,,,,,,,,,,,,,,,,,,,,,,,,,,,,,,,,,,,,,,,,,,,,,,,,,,,,,,,,,,,,,,,,,,,,,,,,
,Log Samurai.sb3,1,Sprite1,,,,,,,,,,,,,,,,,,,,,,,,,,,,,,,,,,,,,,,,,,,,,,,,,,,,,,,,,,,,,,,,,,,,,,,,,,,,,,,,
,Oxygen VS CO2-Climate Change.sb3,0,,,,,,,,,,,,,,,,,,,,,,,,,,,,,,,,,,,,,,,,,,,,,,,,,,,,,,,,,,,,,,,,,,,,,,,,,,,,,,,,,
,Pollutionville Game!.sb3,3,Sprite1,Sprite2,Sprite3,,,,,,,,,,,,,,,,,,,,,,,,,,,,,,,,,,,,,,,,,,,,,,,,,,,,,,,,,,,,,,,,,,,,,,,,,,,,,,
,Deforestation game.sb3,0,,,,,,,,,,,,,,,,,,,,,,,,,,,,,,,,,,,,,,,,,,,,,,,,,,,,,,,,,,,,,,,,,,,,,,,,,,,,,,,,,
,saving energy.sb3,2,Sprite1,Sprite2,,,,,,,,,,,,,,,,,,,,,,,,,,,,,,,,,,,,,,,,,,,,,,,,,,,,,,,,,,,,,,,,,,,,,,,,,,,,,,,
,Abby's choices.sb3,0,,,,,,,,,,,,,,,,,,,,,,,,,,,,,,,,,,,,,,,,,,,,,,,,,,,,,,,,,,,,,,,,,,,,,,,,,,,,,,,,,
,Carbon Catcher.sb3,0,,,,,,,,,,,,,,,,,,,,,,,,,,,,,,,,,,,,,,,,,,,,,,,,,,,,,,,,,,,,,,,,,,,,,,,,,,,,,,,,,
,Tree Cutting Simulator.sb3,1,Sprite1,,,,,,,,,,,,,,,,,,,,,,,,,,,,,,,,,,,,,,,,,,,,,,,,,,,,,,,,,,,,,,,,,,,,,,,,,,,,,,,,
,Climate Change - Caitlin & Irene.sb3,0,,,,,,,,,,,,,,,,,,,,,,,,,,,,,,,,,,,,,,,,,,,,,,,,,,,,,,,,,,,,,,,,,,,,,,,,,,,,,,,,,
,The Awesome Lamp Game.sb3,0,,,,,,,,,,,,,,,,,,,,,,,,,,,,,,,,,,,,,,,,,,,,,,,,,,,,,,,,,,,,,,,,,,,,,,,,,,,,,,,,,
,maya lucy water cycle.sb3,0,,,,,,,,,,,,,,,,,,,,,,,,,,,,,,,,,,,,,,,,,,,,,,,,,,,,,,,,,,,,,,,,,,,,,,,,,,,,,,,,,
,Shayan and Jeff.sb3,0,,,,,,,,,,,,,,,,,,,,,,,,,,,,,,,,,,,,,,,,,,,,,,,,,,,,,,,,,,,,,,,,,,,,,,,,,,,,,,,,,
,Pico Saves The Word.sb3,0,,,,,,,,,,,,,,,,,,,,,,,,,,,,,,,,,,,,,,,,,,,,,,,,,,,,,,,,,,,,,,,,,,,,,,,,,,,,,,,,,
,Crossing Guard of the Atmosphere.sb3,0,,,,,,,,,,,,,,,,,,,,,,,,,,,,,,,,,,,,,,,,,,,,,,,,,,,,,,,,,,,,,,,,,,,,,,,,,,,,,,,,,
,Fight the Pollution!.sb3,0,,,,,,,,,,,,,,,,,,,,,,,,,,,,,,,,,,,,,,,,,,,,,,,,,,,,,,,,,,,,,,,,,,,,,,,,,,,,,,,,,
,Deforestation Disaster.sb3,2,Sprite1,Sprite2,,,,,,,,,,,,,,,,,,,,,,,,,,,,,,,,,,,,,,,,,,,,,,,,,,,,,,,,,,,,,,,,,,,,,,,,,,,,,,,
,Climate Change Catch Game.sb3,9,Sprite3,Sprite2,Sprite5,Sprite10,Sprite6,Sprite11,Sprite9,Sprite8,Sprite1,,,,,,,,,,,,,,,,,,,,,,,,,,,,,,,,,,,,,,,,,,,,,,,,,,,,,,,,,,,,,,,,,,,,,,,,
,gobo global harm.sb3,1,Sprite1,,,,,,,,,,,,,,,,,,,,,,,,,,,,,,,,,,,,,,,,,,,,,,,,,,,,,,,,,,,,,,,,,,,,,,,,,,,,,,,,
,Rose and Liv's pretty slick game.sb3,3,Sprite1,Sprite2,Sprite3,,,,,,,,,,,,,,,,,,,,,,,,,,,,,,,,,,,,,,,,,,,,,,,,,,,,,,,,,,,,,,,,,,,,,,,,,,,,,,
,Saving Squishy.sb3,58,Sprite1,Sprite3,Sprite2,Sprite4,Sprite5,Sprite7,Sprite6,Sprite8,Sprite9,Sprite10,Sprite11,Sprite12,Sprite13,Sprite14,Sprite15,Sprite16,Sprite17,Sprite18,Sprite19,Sprite20,Sprite21,Sprite22,Sprite23,Sprite24,Sprite25,Sprite26,Sprite27,Sprite28,Sprite29,Sprite30,Sprite31,Sprite32,Sprite33,Sprite34,Sprite36,Sprite37,Sprite38,Sprite39,Sprite40,Sprite41,Sprite42,Sprite43,Sprite44,Sprite45,Sprite46,Sprite35,Sprite47,Sprite48,Sprite49,Sprite50,Sprite51,Sprite52,Sprite53,Sprite54,Sprite55,Sprite56,Sprite57,Sprite58,,,,,,,,,,,,,,,,,,,,,,,
,Jump Into Climate Change!.sb3,0,,,,,,,,,,,,,,,,,,,,,,,,,,,,,,,,,,,,,,,,,,,,,,,,,,,,,,,,,,,,,,,,,,,,,,,,,,,,,,,,,
,Solar Pong.sb3,3,Sprite1,Sprite3,Sprite4,,,,,,,,,,,,,,,,,,,,,,,,,,,,,,,,,,,,,,,,,,,,,,,,,,,,,,,,,,,,,,,,,,,,,,,,,,,,,,
,Scratch Project.sb3,2,You Win Sprite,You Lose Sprite,,,,,,,,,,,,,,,,,,,,,,,,,,,,,,,,,,,,,,,,,,,,,,,,,,,,,,,,,,,,,,,,,,,,,,,,,,,,,,,
,Hagar and Sephora Reforestation.sb3,0,,,,,,,,,,,,,,,,,,,,,,,,,,,,,,,,,,,,,,,,,,,,,,,,,,,,,,,,,,,,,,,,,,,,,,,,,,,,,,,,,
,ocean climate.sb3,0,,,,,,,,,,,,,,,,,,,,,,,,,,,,,,,,,,,,,,,,,,,,,,,,,,,,,,,,,,,,,,,,,,,,,,,,,,,,,,,,,
,Science Project_(2).sb3,19,Sprite1,Sprite2,Sprite3,Sprite4,Sprite6,Sprite5,Sprite7,Sprite8,Sprite9,Sprite10,Sprite12,Sprite11,Sprite13,Sprite14,Sprite15,Sprite16,Sprite17,Sprite18,Sprite19,,,,,,,,,,,,,,,,,,,,,,,,,,,,,,,,,,,,,,,,,,,,,,,,,,,,,,,,,,,,,,
,Atmosphere game.sb3,0,,,,,,,,,,,,,,,,,,,,,,,,,,,,,,,,,,,,,,,,,,,,,,,,,,,,,,,,,,,,,,,,,,,,,,,,,,,,,,,,,
,CO2 Run.sb3,0,,,,,,,,,,,,,,,,,,,,,,,,,,,,,,,,,,,,,,,,,,,,,,,,,,,,,,,,,,,,,,,,,,,,,,,,,,,,,,,,,
,heewon and audrey.sb3,1,Sprite1,,,,,,,,,,,,,,,,,,,,,,,,,,,,,,,,,,,,,,,,,,,,,,,,,,,,,,,,,,,,,,,,,,,,,,,,,,,,,,,,
,Forest Defender Duo.sb3,2,Sprite1,Sprite2,,,,,,,,,,,,,,,,,,,,,,,,,,,,,,,,,,,,,,,,,,,,,,,,,,,,,,,,,,,,,,,,,,,,,,,,,,,,,,,
,Molecule Game.sb3,14,Sprite17,Sprite14,Sprite5,Sprite6,Sprite7,Sprite12,Sprite9,Sprite15,Sprite16,Sprite13,Sprite24,Sprite20,Sprite22,Sprite23,,,,,,,,,,,,,,,,,,,,,,,,,,,,,,,,,,,,,,,,,,,,,,,,,,,,,,,,,,,,,,,,,,,
,Cloud collectors.sb3,0,,,,,,,,,,,,,,,,,,,,,,,,,,,,,,,,,,,,,,,,,,,,,,,,,,,,,,,,,,,,,,,,,,,,,,,,,,,,,,,,,
,Sophia and Mar Deforestation Game.sb3,0,,,,,,,,,,,,,,,,,,,,,,,,,,,,,,,,,,,,,,,,,,,,,,,,,,,,,,,,,,,,,,,,,,,,,,,,,,,,,,,,,
,Katharine and Carla's Game.sb3,1,Sprite1,,,,,,,,,,,,,,,,,,,,,,,,,,,,,,,,,,,,,,,,,,,,,,,,,,,,,,,,,,,,,,,,,,,,,,,,,,,,,,,,
,Co2 Choices.sb3,8,Sprite1,Sprite2,Sprite3,Sprite4,Sprite5,Sprite6,Sprite7,Sprite9,,,,,,,,,,,,,,,,,,,,,,,,,,,,,,,,,,,,,,,,,,,,,,,,,,,,,,,,,,,,,,,,,,,,,,,,,
,Climate change game!!!!.sb3,0,,,,,,,,,,,,,,,,,,,,,,,,,,,,,,,,,,,,,,,,,,,,,,,,,,,,,,,,,,,,,,,,,,,,,,,,,,,,,,,,,
,Help Gobo Save the World.sb3,10,Sprite1,Sprite6,Sprite7,Sprite8,Sprite4,Sprite5,Sprite2,Sprite3,Sprite9,Sprite10,,,,,,,,,,,,,,,,,,,,,,,,,,,,,,,,,,,,,,,,,,,,,,,,,,,,,,,,,,,,,,,,,,,,,,,
,CO2 Stopper.sb3,11,Sprite1,Sprite2,Sprite3,Sprite4,Sprite5,Sprite6,Sprite8,Sprite9,Sprite10,Sprite11,Sprite7,,,,,,,,,,,,,,,,,,,,,,,,,,,,,,,,,,,,,,,,,,,,,,,,,,,,,,,,,,,,,,,,,,,,,,
,Patrick and Elaine.sb3,0,,,,,,,,,,,,,,,,,,,,,,,,,,,,,,,,,,,,,,,,,,,,,,,,,,,,,,,,,,,,,,,,,,,,,,,,,,,,,,,,,
,"Rebecca, Chloe Animation Challenge.sb3",1,Sprite1,,,,,,,,,,,,,,,,,,,,,,,,,,,,,,,,,,,,,,,,,,,,,,,,,,,,,,,,,,,,,,,,,,,,,,,,,,,,,,,,
,Ocean Defender.sb3,16,Sprite1,Sprite2,Sprite3,Sprite4,Sprite5,Sprite6,Sprite7,Sprite8,Sprite9,Sprite10,Sprite11,Sprite12,Sprite13,Sprite14,Sprite15,Sprite16,,,,,,,,,,,,,,,,,,,,,,,,,,,,,,,,,,,,,,,,,,,,,,,,,,,,,,,,,,,,,,,,,
,Mak and Oisin GreenQuest Section 3.sb3,2,Sprite2,Sprite3,,,,,,,,,,,,,,,,,,,,,,,,,,,,,,,,,,,,,,,,,,,,,,,,,,,,,,,,,,,,,,,,,,,,,,,,,,,,,,,
,Greenhouse Captivity.sb3,2,Sprite2,Sprite1,,,,,,,,,,,,,,,,,,,,,,,,,,,,,,,,,,,,,,,,,,,,,,,,,,,,,,,,,,,,,,,,,,,,,,,,,,,,,,,
,choosey choices.sb3,0,,,,,,,,,,,,,,,,,,,,,,,,,,,,,,,,,,,,,,,,,,,,,,,,,,,,,,,,,,,,,,,,,,,,,,,,,,,,,,,,,
,Carbon Capitalist.sb3,1,Sprite1,,,,,,,,,,,,,,,,,,,,,,,,,,,,,,,,,,,,,,,,,,,,,,,,,,,,,,,,,,,,,,,,,,,,,,,,,,,,,,,,
,"The ""Fun"" Ocean Game.sb3",5,Sprite1,Sprite2,Sprite3,Sprite4,Sprite5,,,,,,,,,,,,,,,,,,,,,,,,,,,,,,,,,,,,,,,,,,,,,,,,,,,,,,,,,,,,,,,,,,,,,,,,,,,,
,Amanda and Joyce-2.sb3,11,Sprite1,Sprite2,Sprite3,Sprite4,Sprite5,Sprite6,Sprite7,Sprite8,Sprite9,Sprite11,Sprite12,,,,,,,,,,,,,,,,,,,,,,,,,,,,,,,,,,,,,,,,,,,,,,,,,,,,,,,,,,,,,,,,,,,,,,
,Bryan and Mark's Game Project.sb3,0,,,,,,,,,,,,,,,,,,,,,,,,,,,,,,,,,,,,,,,,,,,,,,,,,,,,,,,,,,,,,,,,,,,,,,,,,,,,,,,,,
,Yuval and Rebecca Water cycle.sb3,1,Sprite1,,,,,,,,,,,,,,,,,,,,,,,,,,,,,,,,,,,,,,,,,,,,,,,,,,,,,,,,,,,,,,,,,,,,,,,,,,,,,,,,
,Save Greenhouse Gases.sb3,17,Sprite1,Sprite2,Sprite3,Sprite4,Sprite5,Sprite6,Sprite7,Sprite8,Sprite9,Sprite10,Sprite12,Sprite13,Sprite14,Sprite15,Sprite16,Sprite17,Sprite11,,,,,,,,,,,,,,,,,,,,,,,,,,,,,,,,,,,,,,,,,,,,,,,,,,,,,,,,,,,,,,,,
,Jack and Zach's Epic Adventure.sb3,0,,,,,,,,,,,,,,,,,,,,,,,,,,,,,,,,,,,,,,,,,,,,,,,,,,,,,,,,,,,,,,,,,,,,,,,,,,,,,,,,,
,A most serious and mature electronic game.sb3,2,Sprite1,Sprite3,,,,,,,,,,,,,,,,,,,,,,,,,,,,,,,,,,,,,,,,,,,,,,,,,,,,,,,,,,,,,,,,,,,,,,,,,,,,,,,
,Farmer Sam and His Cows.sb3,0,,,,,,,,,,,,,,,,,,,,,,,,,,,,,,,,,,,,,,,,,,,,,,,,,,,,,,,,,,,,,,,,,,,,,,,,,,,,,,,,,
,FartMan™.sb3,0,,,,,,,,,,,,,,,,,,,,,,,,,,,,,,,,,,,,,,,,,,,,,,,,,,,,,,,,,,,,,,,,,,,,,,,,,,,,,,,,,
,Save the Shellfish.sb3,22,Sprite1,Sprite8,Sprite2,Sprite3,Sprite5,Sprite6,Sprite4,Sprite7,Sprite9,Sprite10,Sprite11,Sprite12,Sprite13,Sprite14,Sprite15,Sprite16,Sprite17,Sprite18,Sprite19,Sprite20,Sprite21,Sprite22,,,,,,,,,,,,,,,,,,,,,,,,,,,,,,,,,,,,,,,,,,,,,,,,,,,,,,,,,,,
,Climate Change Ocean Acidification game.sb3,9,Sprite1,Sprite5,Sprite2,Sprite3,Sprite4,Sprite6,Sprite7,Sprite8,Sprite9,,,,,,,,,,,,,,,,,,,,,,,,,,,,,,,,,,,,,,,,,,,,,,,,,,,,,,,,,,,,,,,,,,,,,,,,
,Island Fish Rescue.sb3,3,Sprite2,Sprite1,Sprite3,,,,,,,,,,,,,,,,,,,,,,,,,,,,,,,,,,,,,,,,,,,,,,,,,,,,,,,,,,,,,,,,,,,,,,,,,,,,,,
,The Real Life Disaster.sb3,1,Sprite1,,,,,,,,,,,,,,,,,,,,,,,,,,,,,,,,,,,,,,,,,,,,,,,,,,,,,,,,,,,,,,,,,,,,,,,,,,,,,,,,
,"Rhea, Leila, and Isabelle Climate Change Game.sb3",0,,,,,,,,,,,,,,,,,,,,,,,,,,,,,,,,,,,,,,,,,,,,,,,,,,,,,,,,,,,,,,,,,,,,,,,,,,,,,,,,,
,Climate Change Game!.sb3,19,Sprite1,Sprite2,Sprite3,Sprite4,Sprite5,Sprite6,Sprite7,Sprite8,Sprite9,Sprite10,Sprite11,Sprite12,Sprite13,Sprite14,Sprite16,Sprite17,Sprite18,Sprite15,Sprite19,,,,,,,,,,,,,,,,,,,,,,,,,,,,,,,,,,,,,,,,,,,,,,,,,,,,,,,,,,,,,,
,Climate Change Game_(9).sb3,0,,,,,,,,,,,,,,,,,,,,,,,,,,,,,,,,,,,,,,,,,,,,,,,,,,,,,,,,,,,,,,,,,,,,,,,,,,,,,,,,,
,2 player albedo game.sb3,0,,,,,,,,,,,,,,,,,,,,,,,,,,,,,,,,,,,,,,,,,,,,,,,,,,,,,,,,,,,,,,,,,,,,,,,,,,,,,,,,,
,new maze.sb3,0,,,,,,,,,,,,,,,,,,,,,,,,,,,,,,,,,,,,,,,,,,,,,,,,,,,,,,,,,,,,,,,,,,,,,,,,,,,,,,,,,
,The Climate Change Game.sb3,1,Sprite1,,,,,,,,,,,,,,,,,,,,,,,,,,,,,,,,,,,,,,,,,,,,,,,,,,,,,,,,,,,,,,,,,,,,,,,,,,,,,,,,
,FactorySimulator.sb3,0,,,,,,,,,,,,,,,,,,,,,,,,,,,,,,,,,,,,,,,,,,,,,,,,,,,,,,,,,,,,,,,,,,,,,,,,,,,,,,,,,
,The Fish Tank.sb3,1,Sprite1,,,,,,,,,,,,,,,,,,,,,,,,,,,,,,,,,,,,,,,,,,,,,,,,,,,,,,,,,,,,,,,,,,,,,,,,,,,,,,,,
,Save Climate city!.sb3,6,Sprite1,Sprite2,Sprite3,Sprite4,Sprite5,Sprite6,,,,,,,,,,,,,,,,,,,,,,,,,,,,,,,,,,,,,,,,,,,,,,,,,,,,,,,,,,,,,,,,,,,,,,,,,,,
,Climate Pong.sb3,0,,,,,,,,,,,,,,,,,,,,,,,,,,,,,,,,,,,,,,,,,,,,,,,,,,,,,,,,,,,,,,,,,,,,,,,,,,,,,,,,,
,Daniel Scott.sb3,1,Sprite1,,,,,,,,,,,,,,,,,,,,,,,,,,,,,,,,,,,,,,,,,,,,,,,,,,,,,,,,,,,,,,,,,,,,,,,,,,,,,,,,
,polar blast.sb3,2,Sprite1,Sprite2,,,,,,,,,,,,,,,,,,,,,,,,,,,,,,,,,,,,,,,,,,,,,,,,,,,,,,,,,,,,,,,,,,,,,,,,,,,,,,,
,RetroMetro.sb3,5,Sprite3,Sprite4,Sprite5,Sprite6,Sprite7,,,,,,,,,,,,,,,,,,,,,,,,,,,,,,,,,,,,,,,,,,,,,,,,,,,,,,,,,,,,,,,,,,,,,,,,,,,,
,Toni and Elisabeth's Game.sb3,3,Sprite1,Sprite2,Sprite3,,,,,,,,,,,,,,,,,,,,,,,,,,,,,,,,,,,,,,,,,,,,,,,,,,,,,,,,,,,,,,,,,,,,,,,,,,,,,,
,Untitled-3_(3).sb3,5,Sprite1,Sprite3,Sprite2,Sprite4,Sprite5,,,,,,,,,,,,,,,,,,,,,,,,,,,,,,,,,,,,,,,,,,,,,,,,,,,,,,,,,,,,,,,,,,,,,,,,,,,,
,Save the Climate.sb3,1,Sprite3,,,,,,,,,,,,,,,,,,,,,,,,,,,,,,,,,,,,,,,,,,,,,,,,,,,,,,,,,,,,,,,,,,,,,,,,,,,,,,,,
,Future C02.sb3,0,,,,,,,,,,,,,,,,,,,,,,,,,,,,,,,,,,,,,,,,,,,,,,,,,,,,,,,,,,,,,,,,,,,,,,,,,,,,,,,,,
,Carbon in the Water Cycle.sb3,0,,,,,,,,,,,,,,,,,,,,,,,,,,,,,,,,,,,,,,,,,,,,,,,,,,,,,,,,,,,,,,,,,,,,,,,,,,,,,,,,,
,Co2 Pong game.sb3,1,Sprite2,,,,,,,,,,,,,,,,,,,,,,,,,,,,,,,,,,,,,,,,,,,,,,,,,,,,,,,,,,,,,,,,,,,,,,,,,,,,,,,,
,YOUNES AND MARAT QUIZ.sb3,2,Sprite2,Sprite3,,,,,,,,,,,,,,,,,,,,,,,,,,,,,,,,,,,,,,,,,,,,,,,,,,,,,,,,,,,,,,,,,,,,,,,,,,,,,,,
,Ellie and Talia Untitled-5.sb3,0,,,,,,,,,,,,,,,,,,,,,,,,,,,,,,,,,,,,,,,,,,,,,,,,,,,,,,,,,,,,,,,,,,,,,,,,,,,,,,,,,
,GHGs Game.sb3,2,Sprite1,Sprite2,,,,,,,,,,,,,,,,,,,,,,,,,,,,,,,,,,,,,,,,,,,,,,,,,,,,,,,,,,,,,,,,,,,,,,,,,,,,,,,
,Building A House.sb3,1,Sprite2,,,,,,,,,,,,,,,,,,,,,,,,,,,,,,,,,,,,,,,,,,,,,,,,,,,,,,,,,,,,,,,,,,,,,,,,,,,,,,,,
,Saving the Polar Bears.sb3,16,Sprite2,Sprite3,Sprite4,Sprite5,Sprite6,Sprite15,Sprite17,Sprite18,Sprite7,Sprite16,Sprite8,Sprite9,Sprite10,Sprite11,Sprite12,Sprite13,,,,,,,,,,,,,,,,,,,,,,,,,,,,,,,,,,,,,,,,,,,,,,,,,,,,,,,,,,,,,,,,,
,Climate Change With Cars and CO2.sb3,6,Sprite3,Sprite2,Sprite4,Sprite5,Sprite6,Sprite1,,,,,,,,,,,,,,,,,,,,,,,,,,,,,,,,,,,,,,,,,,,,,,,,,,,,,,,,,,,,,,,,,,,,,,,,,,,
,Save The Polar Bear From Climate Change.sb3,0,,,,,,,,,,,,,,,,,,,,,,,,,,,,,,,,,,,,,,,,,,,,,,,,,,,,,,,,,,,,,,,,,,,,,,,,,,,,,,,,,
,Reducing Meat Consumption.sb3,3,Sprite1,Sprite3,Sprite2,,,,,,,,,,,,,,,,,,,,,,,,,,,,,,,,,,,,,,,,,,,,,,,,,,,,,,,,,,,,,,,,,,,,,,,,,,,,,,
,planting trees game.sb3,0,,,,,,,,,,,,,,,,,,,,,,,,,,,,,,,,,,,,,,,,,,,,,,,,,,,,,,,,,,,,,,,,,,,,,,,,,,,,,,,,,
,Global Run-2.sb3,7,Sprite1,Sprite2,Sprite3,Sprite4,Sprite5,Sprite6,Sprite7,,,,,,,,,,,,,,,,,,,,,,,,,,,,,,,,,,,,,,,,,,,,,,,,,,,,,,,,,,,,,,,,,,,,,,,,,,
,Time Is Fuel.sb3,0,,,,,,,,,,,,,,,,,,,,,,,,,,,,,,,,,,,,,,,,,,,,,,,,,,,,,,,,,,,,,,,,,,,,,,,,,,,,,,,,,
,Climate Change Game.sb3,1,Sprite1,,,,,,,,,,,,,,,,,,,,,,,,,,,,,,,,,,,,,,,,,,,,,,,,,,,,,,,,,,,,,,,,,,,,,,,,,,,,,,,,
,Climate Control_(2).sb3,0,,,,,,,,,,,,,,,,,,,,,,,,,,,,,,,,,,,,,,,,,,,,,,,,,,,,,,,,,,,,,,,,,,,,,,,,,,,,,,,,,
,Mariam Jenny.sb3,2,Sprite1,Sprite2,,,,,,,,,,,,,,,,,,,,,,,,,,,,,,,,,,,,,,,,,,,,,,,,,,,,,,,,,,,,,,,,,,,,,,,,,,,,,,,
,Capture the CO2.sb3,5,Sprite1,Sprite4,Sprite5,Sprite2,Sprite3,,,,,,,,,,,,,,,,,,,,,,,,,,,,,,,,,,,,,,,,,,,,,,,,,,,,,,,,,,,,,,,,,,,,,,,,,,,,
,Iceberg Mania.sb3,0,,,,,,,,,,,,,,,,,,,,,,,,,,,,,,,,,,,,,,,,,,,,,,,,,,,,,,,,,,,,,,,,,,,,,,,,,,,,,,,,,
,MaddieMaeveRebeccaAnimationChallenge1.sb3,0,,,,,,,,,,,,,,,,,,,,,,,,,,,,,,,,,,,,,,,,,,,,,,,,,,,,,,,,,,,,,,,,,,,,,,,,,,,,,,,,,
,Project.sb3,1,Sprite2,,,,,,,,,,,,,,,,,,,,,,,,,,,,,,,,,,,,,,,,,,,,,,,,,,,,,,,,,,,,,,,,,,,,,,,,,,,,,,,,
,make the trees dissapear.sb3,0,,,,,,,,,,,,,,,,,,,,,,,,,,,,,,,,,,,,,,,,,,,,,,,,,,,,,,,,,,,,,,,,,,,,,,,,,,,,,,,,,
,Rising Co2 Level.sb3,2,Sprite2,Sprite1,,,,,,,,,,,,,,,,,,,,,,,,,,,,,,,,,,,,,,,,,,,,,,,,,,,,,,,,,,,,,,,,,,,,,,,,,,,,,,,
,Collect Co2.sb3,0,,,,,,,,,,,,,,,,,,,,,,,,,,,,,,,,,,,,,,,,,,,,,,,,,,,,,,,,,,,,,,,,,,,,,,,,,,,,,,,,,
,Rebecca and Ava's game.sb3,5,Sprite2,Sprite3,Sprite4,Sprite5,Sprite6,,,,,,,,,,,,,,,,,,,,,,,,,,,,,,,,,,,,,,,,,,,,,,,,,,,,,,,,,,,,,,,,,,,,,,,,,,,,
,Boo teaches Pietro about Climate Change.sb3,1,Sprite1,,,,,,,,,,,,,,,,,,,,,,,,,,,,,,,,,,,,,,,,,,,,,,,,,,,,,,,,,,,,,,,,,,,,,,,,,,,,,,,,
,Cloud Chaser.sb3,0,,,,,,,,,,,,,,,,,,,,,,,,,,,,,,,,,,,,,,,,,,,,,,,,,,,,,,,,,,,,,,,,,,,,,,,,,,,,,,,,,
,Carbon Footprint project.sb3,9,Sprite1,Sprite2,Sprite3,Sprite4,Sprite5,Sprite6,Sprite7,Sprite8,Sprite9,,,,,,,,,,,,,,,,,,,,,,,,,,,,,,,,,,,,,,,,,,,,,,,,,,,,,,,,,,,,,,,,,,,,,,,,
,Scratch Project Talie and James.sb3,1,Sprite1,,,,,,,,,,,,,,,,,,,,,,,,,,,,,,,,,,,,,,,,,,,,,,,,,,,,,,,,,,,,,,,,,,,,,,,,,,,,,,,,
,Cole and Ryan.sb3,8,Sprite1,Sprite3,Sprite4,Sprite5,Sprite6,Sprite7,Sprite2,Sprite8,,,,,,,,,,,,,,,,,,,,,,,,,,,,,,,,,,,,,,,,,,,,,,,,,,,,,,,,,,,,,,,,,,,,,,,,,
,Transportation Pollution.sb3,0,,,,,,,,,,,,,,,,,,,,,,,,,,,,,,,,,,,,,,,,,,,,,,,,,,,,,,,,,,,,,,,,,,,,,,,,,,,,,,,,,
,save the ice blocks.sb3,5,Sprite1,Sprite4,Sprite5,Sprite2,Sprite3,,,,,,,,,,,,,,,,,,,,,,,,,,,,,,,,,,,,,,,,,,,,,,,,,,,,,,,,,,,,,,,,,,,,,,,,,,,,
,Polluted Park.sb3,1,Sprite1,,,,,,,,,,,,,,,,,,,,,,,,,,,,,,,,,,,,,,,,,,,,,,,,,,,,,,,,,,,,,,,,,,,,,,,,,,,,,,,,
,Jocelyn and Hannah's project.sb3,0,,,,,,,,,,,,,,,,,,,,,,,,,,,,,,,,,,,,,,,,,,,,,,,,,,,,,,,,,,,,,,,,,,,,,,,,,,,,,,,,,
,Avoid the clothes.sb3,2,Sprite1,Sprite2,,,,,,,,,,,,,,,,,,,,,,,,,,,,,,,,,,,,,,,,,,,,,,,,,,,,,,,,,,,,,,,,,,,,,,,,,,,,,,,
,Save the Atmosphere!.sb3,5,Sprite1,Sprite2,Sprite5,Sprite3,Sprite4,,,,,,,,,,,,,,,,,,,,,,,,,,,,,,,,,,,,,,,,,,,,,,,,,,,,,,,,,,,,,,,,,,,,,,,,,,,,
,Pingu Needs Help.sb3,2,Sprite1,Sprite2,,,,,,,,,,,,,,,,,,,,,,,,,,,,,,,,,,,,,,,,,,,,,,,,,,,,,,,,,,,,,,,,,,,,,,,,,,,,,,,
,Cloud Catching.sb3,1,Sprite1,,,,,,,,,,,,,,,,,,,,,,,,,,,,,,,,,,,,,,,,,,,,,,,,,,,,,,,,,,,,,,,,,,,,,,,,,,,,,,,,
,Balancing Temperature.sb3,2,Sprite1,Sprite2,,,,,,,,,,,,,,,,,,,,,,,,,,,,,,,,,,,,,,,,,,,,,,,,,,,,,,,,,,,,,,,,,,,,,,,,,,,,,,,
,log jumper.sb3,1,Sprite8,,,,,,,,,,,,,,,,,,,,,,,,,,,,,,,,,,,,,,,,,,,,,,,,,,,,,,,,,,,,,,,,,,,,,,,,,,,,,,,,
,Soccer Pong.sb3,0,,,,,,,,,,,,,,,,,,,,,,,,,,,,,,,,,,,,,,,,,,,,,,,,,,,,,,,,,,,,,,,,,,,,,,,,,,,,,,,,,
,CO2 Killer.sb3,0,,,,,,,,,,,,,,,,,,,,,,,,,,,,,,,,,,,,,,,,,,,,,,,,,,,,,,,,,,,,,,,,,,,,,,,,,,,,,,,,,
,Penguin Game.sb3,1,Sprite1,,,,,,,,,,,,,,,,,,,,,,,,,,,,,,,,,,,,,,,,,,,,,,,,,,,,,,,,,,,,,,,,,,,,,,,,,,,,,,,,
,EcoCash.sb3,1,Sprite1,,,,,,,,,,,,,,,,,,,,,,,,,,,,,,,,,,,,,,,,,,,,,,,,,,,,,,,,,,,,,,,,,,,,,,,,,,,,,,,,
,Renewable Energy Defenders.sb3,2,Sprite3,Sprite2,,,,,,,,,,,,,,,,,,,,,,,,,,,,,,,,,,,,,,,,,,,,,,,,,,,,,,,,,,,,,,,,,,,,,,,,,,,,,,,
,Cooking Mama.sb3,40,Sprite1,Sprite2,Sprite3,Sprite4,Sprite5,Sprite6,Sprite7,Sprite9,Sprite8,Sprite10,Sprite11,Sprite12,Sprite13,Sprite15,Sprite16,Sprite14,Sprite17,Sprite19,Sprite20,Sprite21,Sprite22,Sprite23,Sprite18,Sprite24,Sprite25,Sprite26,Sprite27,Sprite28,Sprite29,Sprite30,Sprite31,Sprite32,Sprite33,Sprite34,Sprite35,Sprite36,Sprite37,Sprite38,Sprite39,Sprite40,,,,,,,,,,,,,,,,,,,,,,,,,,,,,,,,,,,,,,,,,
,Carbon Emmisions.sb3,1,Sprite1,,,,,,,,,,,,,,,,,,,,,,,,,,,,,,,,,,,,,,,,,,,,,,,,,,,,,,,,,,,,,,,,,,,,,,,,,,,,,,,,
,Cycle of Consumerism.sb3,37,Sprite4,Sprite1,Sprite2,Sprite6,Sprite10,Sprite24,Sprite5,Sprite7,Sprite9,Sprite8,Sprite11,Sprite12,Sprite13,Sprite14,Sprite15,Sprite16,Sprite17,Sprite18,Sprite19,Sprite20,Sprite21,Sprite34,Sprite35,Sprite30,Sprite25,Sprite22,Sprite23,Sprite26,Sprite3,Sprite27,Sprite28,Sprite29,Sprite37,Sprite31,Sprite32,Sprite36,Sprite33,,,,,,,,,,,,,,,,,,,,,,,,,,,,,,,,,,,,,,,,,,,,
,Save the Trees!!!.sb3,0,,,,,,,,,,,,,,,,,,,,,,,,,,,,,,,,,,,,,,,,,,,,,,,,,,,,,,,,,,,,,,,,,,,,,,,,,,,,,,,,,
,Reducing Emissions game.sb3,0,,,,,,,,,,,,,,,,,,,,,,,,,,,,,,,,,,,,,,,,,,,,,,,,,,,,,,,,,,,,,,,,,,,,,,,,,,,,,,,,,
,Save the Oceans!.sb3,2,Sprite1,Sprite2,,,,,,,,,,,,,,,,,,,,,,,,,,,,,,,,,,,,,,,,,,,,,,,,,,,,,,,,,,,,,,,,,,,,,,,,,,,,,,,
,Carbon Clicker_(2).sb3,0,,,,,,,,,,,,,,,,,,,,,,,,,,,,,,,,,,,,,,,,,,,,,,,,,,,,,,,,,,,,,,,,,,,,,,,,,,,,,,,,,
,Science Project_(3).sb3,0,,,,,,,,,,,,,,,,,,,,,,,,,,,,,,,,,,,,,,,,,,,,,,,,,,,,,,,,,,,,,,,,,,,,,,,,,,,,,,,,,
,Save the Animals!.sb3,0,,,,,,,,,,,,,,,,,,,,,,,,,,,,,,,,,,,,,,,,,,,,,,,,,,,,,,,,,,,,,,,,,,,,,,,,,,,,,,,,,
,Forest Fire Scratch Game Akash Adrien.sb3,1,Sprite6,,,,,,,,,,,,,,,,,,,,,,,,,,,,,,,,,,,,,,,,,,,,,,,,,,,,,,,,,,,,,,,,,,,,,,,,,,,,,,,,
,kill the CO2.sb3,3,Sprite1,Sprite3,Sprite2,,,,,,,,,,,,,,,,,,,,,,,,,,,,,,,,,,,,,,,,,,,,,,,,,,,,,,,,,,,,,,,,,,,,,,,,,,,,,,
,Julian and Zaidian Avoid the Fuels.sb3,3,Sprite1,Sprite2,Sprite3,,,,,,,,,,,,,,,,,,,,,,,,,,,,,,,,,,,,,,,,,,,,,,,,,,,,,,,,,,,,,,,,,,,,,,,,,,,,,,
,Untitled-3_(2).sb3,5,Sprite1,Sprite2,Sprite3,Sprite4,Sprite5,,,,,,,,,,,,,,,,,,,,,,,,,,,,,,,,,,,,,,,,,,,,,,,,,,,,,,,,,,,,,,,,,,,,,,,,,,,,
,Scratch Climate Change Project.sb3,8,Sprite1,Sprite2,Sprite3,Sprite5,Sprite4,Sprite6,Sprite7,Sprite8,,,,,,,,,,,,,,,,,,,,,,,,,,,,,,,,,,,,,,,,,,,,,,,,,,,,,,,,,,,,,,,,,,,,,,,,,
,Scuba dive to save the world.sb3,9,Sprite1,Sprite2,Sprite3,Sprite4,Sprite5,Sprite6,Sprite7,Sprite9,Sprite8,,,,,,,,,,,,,,,,,,,,,,,,,,,,,,,,,,,,,,,,,,,,,,,,,,,,,,,,,,,,,,,,,,,,,,,,
,Global Warming Game.sb3,0,,,,,,,,,,,,,,,,,,,,,,,,,,,,,,,,,,,,,,,,,,,,,,,,,,,,,,,,,,,,,,,,,,,,,,,,,,,,,,,,,
