url,filename,number
https://scratch.mit.edu/projects/948664627/,https://scratch.mit.edu/projects/948664627/,0
https://scratch.mit.edu/projects/948664627/,https://scratch.mit.edu/projects/948664627/,0
https://scratch.mit.edu/projects/948664627/,https://scratch.mit.edu/projects/948664627/,0
https://scratch.mit.edu/projects/948664627/,https://scratch.mit.edu/projects/948664627/,0
https://scratch.mit.edu/projects/948664627/,https://scratch.mit.edu/projects/948664627/,0
https://scratch.mit.edu/projects/948664627/,https://scratch.mit.edu/projects/948664627/,0
https://scratch.mit.edu/projects/948664627/,https://scratch.mit.edu/projects/948664627/,0
https://scratch.mit.edu/projects/948664627/,https://scratch.mit.edu/projects/948664627/,0
