url,filename,number,spriteNaming1,spriteNaming2,spriteNaming3,spriteNaming4,spriteNaming5,spriteNaming6,spriteNaming7,spriteNaming8,spriteNaming9,spriteNaming10,spriteNaming11,spriteNaming12,spriteNaming13,spriteNaming14,spriteNaming15,spriteNaming16,spriteNaming17,spriteNaming18,spriteNaming19,spriteNaming20,spriteNaming21,spriteNaming22,spriteNaming23,spriteNaming24,spriteNaming25,spriteNaming26,spriteNaming27,spriteNaming28,spriteNaming29,spriteNaming30,spriteNaming31,spriteNaming32,spriteNaming33,spriteNaming34,spriteNaming35,spriteNaming36,spriteNaming37
,birdygethem.sb3,0,,,,,,,,,,,,,,,,,,,,,,,,,,,,,,,,,,,,,
N/A,GAME SUMMERS TIRABASSI.sb3,N/A,,,,,,,,,,,,,,,,,,,,,,,,,,,,,,,,,,,,,
,Cloud collectors .sb3,0,,,,,,,,,,,,,,,,,,,,,,,,,,,,,,,,,,,,,
,ocean climate .sb3,0,,,,,,,,,,,,,,,,,,,,,,,,,,,,,,,,,,,,,
,Deforestation Hailey and Remi_s Game.sb3,0,,,,,,,,,,,,,,,,,,,,,,,,,,,,,,,,,,,,,
,Furnace Wiz (Official Deluxe Edition).sb3,1,Sprite1,,,,,,,,,,,,,,,,,,,,,,,,,,,,,,,,,,,,
,Co2 vs. shellfish.sb3,1,Sprite1,,,,,,,,,,,,,,,,,,,,,,,,,,,,,,,,,,,,
,Albedo Project.sb3,1,Sprite1,,,,,,,,,,,,,,,,,,,,,,,,,,,,,,,,,,,,
,Mariam Jenny .sb3,2,Sprite1,Sprite2,,,,,,,,,,,,,,,,,,,,,,,,,,,,,,,,,,,
,Loggers.sb3,0,,,,,,,,,,,,,,,,,,,,,,,,,,,,,,,,,,,,,
,Factory Game remix.sb3,0,,,,,,,,,,,,,,,,,,,,,,,,,,,,,,,,,,,,,
,save the polar bears.sb3,1,Sprite1,,,,,,,,,,,,,,,,,,,,,,,,,,,,,,,,,,,,
,_Ellie and Talia Untitled-5.sb3,0,,,,,,,,,,,,,,,,,,,,,,,,,,,,,,,,,,,,,
,Factories Taking Over The Atmosphere.sb3,11,Sprite7,Sprite2,Sprite3,Sprite5,Sprite6,Sprite8,Sprite9,Sprite10,Sprite11,Sprite12,Sprite13,,,,,,,,,,,,,,,,,,,,,,,,,,
,Yinyao Duan.sb3,3,Sprite1,Sprite2,Sprite3,,,,,,,,,,,,,,,,,,,,,,,,,,,,,,,,,,
,Rebecca and Ava_s game.sb3,5,Sprite2,Sprite3,Sprite4,Sprite5,Sprite6,,,,,,,,,,,,,,,,,,,,,,,,,,,,,,,,
,Save the Polor Bear.sb3,0,,,,,,,,,,,,,,,,,,,,,,,,,,,,,,,,,,,,,
,tree game.sb3,3,Sprite1,Sprite2,Sprite3,,,,,,,,,,,,,,,,,,,,,,,,,,,,,,,,,,
,Untitled-2.sb3,0,,,,,,,,,,,,,,,,,,,,,,,,,,,,,,,,,,,,,
,Mark Jeremy.sb3,1,Sprite1,,,,,,,,,,,,,,,,,,,,,,,,,,,,,,,,,,,,
N/A,Water Levels-LilyStaceyHenri.sb3,N/A,,,,,,,,,,,,,,,,,,,,,,,,,,,,,,,,,,,,,
,Scratch Trivia Game remix.sb3,2,Sprite1,Sprite2,,,,,,,,,,,,,,,,,,,,,,,,,,,,,,,,,,,
,SpAcE pOnG (1).sb3,1,Sprite1,,,,,,,,,,,,,,,,,,,,,,,,,,,,,,,,,,,,
,"Deforestation By- Esther, Emily, Zero.sb3",4,Sprite3,Sprite5,Sprite8,Sprite1,,,,,,,,,,,,,,,,,,,,,,,,,,,,,,,,,
,Carbon Game.sb3,0,,,,,,,,,,,,,,,,,,,,,,,,,,,,,,,,,,,,,
,Carbon Annihilation.sb3,2,Sprite18,Sprite1,,,,,,,,,,,,,,,,,,,,,,,,,,,,,,,,,,,
,Leyla and Erin-3 remix remix.sb3,7,Sprite7,Sprite1,Sprite2,Sprite3,Sprite4,Sprite5,Sprite6,,,,,,,,,,,,,,,,,,,,,,,,,,,,,,
,Deforestation.sb3,0,,,,,,,,,,,,,,,,,,,,,,,,,,,,,,,,,,,,,
,CCTD - (Climate Change Tower Defense).sb3,0,,,,,,,,,,,,,,,,,,,,,,,,,,,,,,,,,,,,,
,Roy_ A Life Well Lived.sb3,0,,,,,,,,,,,,,,,,,,,,,,,,,,,,,,,,,,,,,
,Mitigation - Elias Daniel- F Block.sb3,4,Sprite1,Sprite2,Sprite3,Sprite4,,,,,,,,,,,,,,,,,,,,,,,,,,,,,,,,,
,Help the Turtle!.sb3,6,Sprite1,Sprite2,Sprite3,Sprite4,Sprite5,Sprite6,,,,,,,,,,,,,,,,,,,,,,,,,,,,,,,
N/A,Deforestation1.sb3,N/A,,,,,,,,,,,,,,,,,,,,,,,,,,,,,,,,,,,,,
,Catch the CO2.sb3,0,,,,,,,,,,,,,,,,,,,,,,,,,,,,,,,,,,,,,
,Lizzy & Sydney_s Game.sb3,0,,,,,,,,,,,,,,,,,,,,,,,,,,,,,,,,,,,,,
,snowflake collect.sb3,0,,,,,,,,,,,,,,,,,,,,,,,,,,,,,,,,,,,,,
,PAPA PETEY_S PRODUCT PRODUCTIONERIA.sb3,16,Sprite1,Sprite2,Sprite3,Sprite4,Sprite5,Sprite6,Sprite7,Sprite8,Sprite9,Sprite10,Sprite11,Sprite12,Sprite13,Sprite14,Sprite15,Sprite16,,,,,,,,,,,,,,,,,,,,,
,Super Planty Bros (Drew and Sasha).sb3,2,Sprite2,Sprite1,,,,,,,,,,,,,,,,,,,,,,,,,,,,,,,,,,,
,Lumberjack Attack.sb3,0,,,,,,,,,,,,,,,,,,,,,,,,,,,,,,,,,,,,,
,Danilo and Alba Trees climate change.sb3,1,Sprite1,,,,,,,,,,,,,,,,,,,,,,,,,,,,,,,,,,,,
,Save the Trees!.sb3,1,Sprite1,,,,,,,,,,,,,,,,,,,,,,,,,,,,,,,,,,,,
,Carbon Run.sb3,5,Sprite1,Sprite2,Sprite3,Sprite5,Sprite6,,,,,,,,,,,,,,,,,,,,,,,,,,,,,,,,
,Harsh Tree Why Me..sb3,1,Sprite2,,,,,,,,,,,,,,,,,,,,,,,,,,,,,,,,,,,,
,systems from scratch (1).sb3,0,,,,,,,,,,,,,,,,,,,,,,,,,,,,,,,,,,,,,
,STORY.sb3,0,,,,,,,,,,,,,,,,,,,,,,,,,,,,,,,,,,,,,
,Molly and Alishba_s scratch science game  copy-2 copy copy copy.sb3,0,,,,,,,,,,,,,,,,,,,,,,,,,,,,,,,,,,,,,
,Climate Change Tetris.sb3,0,,,,,,,,,,,,,,,,,,,,,,,,,,,,,,,,,,,,,
,climate change highway.sb3,7,Sprite1,Sprite11,Sprite2,Sprite3,Sprite4,Sprite5,Sprite6,,,,,,,,,,,,,,,,,,,,,,,,,,,,,,
,Untitled-3.sb3,6,Sprite2,Sprite3,Sprite4,Sprite5,Sprite1,Sprite6,,,,,,,,,,,,,,,,,,,,,,,,,,,,,,,
,Temperature Changes.sb3,1,Sprite3,,,,,,,,,,,,,,,,,,,,,,,,,,,,,,,,,,,,
,Reducing carbon maze.sb3,2,Sprite1,Sprite2,,,,,,,,,,,,,,,,,,,,,,,,,,,,,,,,,,,
,Untitled.sb3,0,,,,,,,,,,,,,,,,,,,,,,,,,,,,,,,,,,,,,
,Co2 Collector.sb3,0,,,,,,,,,,,,,,,,,,,,,,,,,,,,,,,,,,,,,
,Climate Change Game (1).sb3,0,,,,,,,,,,,,,,,,,,,,,,,,,,,,,,,,,,,,,
,Tigran and David Game.sb3,1,Sprite1,,,,,,,,,,,,,,,,,,,,,,,,,,,,,,,,,,,,
,Climate Change.sb3,0,,,,,,,,,,,,,,,,,,,,,,,,,,,,,,,,,,,,,
,Potato_s adventure.sb3,5,Sprite1,Sprite2,Sprite3,Sprite4,Sprite6,,,,,,,,,,,,,,,,,,,,,,,,,,,,,,,,
N/A,Save Snows and Pennys Home! (Multiplayer).sb3,N/A,,,,,,,,,,,,,,,,,,,,,,,,,,,,,,,,,,,,,
,Allison Elizabeth-2.sb3,14,Sprite12,Sprite1,Sprite2,Sprite3,Sprite4,Sprite5,Sprite6,Sprite8,Sprite9,Sprite10,Sprite7,Sprite11,Sprite13,Sprite14,,,,,,,,,,,,,,,,,,,,,,,
,Climate Change Game-2.sb3,26,Sprite1,Sprite2,Sprite3,Sprite4,Sprite5,Sprite6,Sprite7,Sprite8,Sprite9,Sprite10,Sprite15,Sprite17,Sprite16,Sprite11,Sprite12,Sprite13,Sprite14,Sprite18,Sprite20,Sprite21,Sprite23,Sprite19,Sprite24,Sprite25,Sprite26,Sprite27,,,,,,,,,,,
,Farmer Joe_s Adventures (Annie and Josh).sb3,1,Sprite1,,,,,,,,,,,,,,,,,,,,,,,,,,,,,,,,,,,,
,The Battle Against Radiation.sb3,0,,,,,,,,,,,,,,,,,,,,,,,,,,,,,,,,,,,,,
,Save the Earth.sb3,0,,,,,,,,,,,,,,,,,,,,,,,,,,,,,,,,,,,,,
,KARINE AND LANCE .sb3,1,Sprite1,,,,,,,,,,,,,,,,,,,,,,,,,,,,,,,,,,,,
,Untitled (1).sb3,0,,,,,,,,,,,,,,,,,,,,,,,,,,,,,,,,,,,,,
,factory .sb3,0,,,,,,,,,,,,,,,,,,,,,,,,,,,,,,,,,,,,,
N/A,help the polar bear.sb3,N/A,,,,,,,,,,,,,,,,,,,,,,,,,,,,,,,,,,,,,
,STOP THOSE CARS!!!!!.sb3,0,,,,,,,,,,,,,,,,,,,,,,,,,,,,,,,,,,,,,
,Penguin Game .sb3,1,Sprite1,,,,,,,,,,,,,,,,,,,,,,,,,,,,,,,,,,,,
,Plant Man IV.sb3,2,Sprite16,Sprite1,,,,,,,,,,,,,,,,,,,,,,,,,,,,,,,,,,,
,Climate Change Game (2).sb3,0,,,,,,,,,,,,,,,,,,,,,,,,,,,,,,,,,,,,,
N/A,The _Fun_ Ocean Game.sb3,N/A,,,,,,,,,,,,,,,,,,,,,,,,,,,,,,,,,,,,,
,Dont Go With The Flow.sb3,4,Sprite2,Sprite1,Sprite3,Sprite4,,,,,,,,,,,,,,,,,,,,,,,,,,,,,,,,,
,CAUSATION EVASION.sb3,0,,,,,,,,,,,,,,,,,,,,,,,,,,,,,,,,,,,,,
,ENOZO STOPPER.sb3,1,Sprite1,,,,,,,,,,,,,,,,,,,,,,,,,,,,,,,,,,,,
,Building A House (1).sb3,1,Sprite2,,,,,,,,,,,,,,,,,,,,,,,,,,,,,,,,,,,,
N/A,city creator .sb3,N/A,,,,,,,,,,,,,,,,,,,,,,,,,,,,,,,,,,,,,
N/A,Greenite_ The Greenining.sb3,N/A,,,,,,,,,,,,,,,,,,,,,,,,,,,,,,,,,,,,,
,Tess and Nicole mitigame.sb3,0,,,,,,,,,,,,,,,,,,,,,,,,,,,,,,,,,,,,,
,_.sb3,3,Sprite1,Sprite2,Sprite3,,,,,,,,,,,,,,,,,,,,,,,,,,,,,,,,,,
N/A,CO2 fr.sb3,N/A,,,,,,,,,,,,,,,,,,,,,,,,,,,,,,,,,,,,,
,Car Game.sb3,1,Sprite1,,,,,,,,,,,,,,,,,,,,,,,,,,,,,,,,,,,,
N/A,Deforestation Game.sb3,N/A,,,,,,,,,,,,,,,,,,,,,,,,,,,,,,,,,,,,,
,Global Warming.sb3,15,Sprite3,Sprite4,Sprite2,Sprite5,Sprite7,Sprite6,Sprite8,Sprite9,Sprite11,Sprite13,Sprite14,Sprite15,Sprite16,Sprite17,Sprite10,,,,,,,,,,,,,,,,,,,,,,
,The Polar Bear.sb3,7,Sprite1,Sprite2,Sprite3,Sprite4,Sprite5,Sprite6,Sprite7,,,,,,,,,,,,,,,,,,,,,,,,,,,,,,
N/A,Co2 DASH.sb3,N/A,,,,,,,,,,,,,,,,,,,,,,,,,,,,,,,,,,,,,
,Climate Change and the CO2 Succa.sb3,0,,,,,,,,,,,,,,,,,,,,,,,,,,,,,,,,,,,,,
N/A,trash collect.sb3,N/A,,,,,,,,,,,,,,,,,,,,,,,,,,,,,,,,,,,,,
,Save the penguin _).sb3,0,,,,,,,,,,,,,,,,,,,,,,,,,,,,,,,,,,,,,
,Carbon Clicker.sb3,0,,,,,,,,,,,,,,,,,,,,,,,,,,,,,,,,,,,,,
,Trees vs CO2.sb3,10,Sprite1,Sprite4,Sprite5,Sprite2,Sprite6,Sprite7,Sprite8,Sprite9,Sprite10,Sprite11,,,,,,,,,,,,,,,,,,,,,,,,,,,
,Industry Interlopers.sb3,0,,,,,,,,,,,,,,,,,,,,,,,,,,,,,,,,,,,,,
,Chasing CO2.sb3,0,,,,,,,,,,,,,,,,,,,,,,,,,,,,,,,,,,,,,
,Deflecting UV Rays.sb3,2,Sprite2,Sprite1,,,,,,,,,,,,,,,,,,,,,,,,,,,,,,,,,,,
N/A,Fortnite.sb3,N/A,,,,,,,,,,,,,,,,,,,,,,,,,,,,,,,,,,,,,
,Climate Change Simulation .sb3,10,Sprite2,Sprite1,Sprite3,Sprite4,Sprite5,Sprite6,Sprite7,Sprite8,Sprite10,Sprite9,,,,,,,,,,,,,,,,,,,,,,,,,,,
,Saving Antarctica.sb3,1,Sprite2,,,,,,,,,,,,,,,,,,,,,,,,,,,,,,,,,,,,
,sean and josh.sb3,1,Sprite1,,,,,,,,,,,,,,,,,,,,,,,,,,,,,,,,,,,,
,"CL, LL climate change game.sb3",3,Sprite1,Sprite2,Sprite3,,,,,,,,,,,,,,,,,,,,,,,,,,,,,,,,,,
,Climate Change_ Taking Action.sb3,19,Sprite1,Sprite2,Sprite4,Sprite3,Sprite5,Sprite6,Sprite7,Sprite9,Sprite10,Sprite11,Sprite12,Sprite8,Sprite13,Sprite14,Sprite15,Sprite16,Sprite17,Sprite18,Sprite19,,,,,,,,,,,,,,,,,,
,Christmas Chaos.sb3,0,,,,,,,,,,,,,,,,,,,,,,,,,,,,,,,,,,,,,
,What Should you do_.sb3,14,Sprite1,Sprite3,Sprite2,Sprite4,Sprite5,Sprite6,Sprite7,Sprite8,Sprite9,Sprite10,Sprite11,Sprite12,Sprite13,Sprite14,,,,,,,,,,,,,,,,,,,,,,,
,✨ Cow Fartopia ✨ [DEMO].sb3,2,Sprite1,Sprite2,,,,,,,,,,,,,,,,,,,,,,,,,,,,,,,,,,,
,Mitigation Game.sb3,2,Sprite1,Sprite2,,,,,,,,,,,,,,,,,,,,,,,,,,,,,,,,,,,
,capture the CO2.sb3,0,,,,,,,,,,,,,,,,,,,,,,,,,,,,,,,,,,,,,
,Ryan D and Weller B CC Game.sb3,2,Sprite4,Sprite1,,,,,,,,,,,,,,,,,,,,,,,,,,,,,,,,,,,
,Bikes over cars.sb3,0,,,,,,,,,,,,,,,,,,,,,,,,,,,,,,,,,,,,,
,Toni and Elisabeth_s Game.sb3,3,Sprite1,Sprite2,Sprite3,,,,,,,,,,,,,,,,,,,,,,,,,,,,,,,,,,
,Climate Clikerz.sb3,0,,,,,,,,,,,,,,,,,,,,,,,,,,,,,,,,,,,,,
,climate change Co2.sb3,0,,,,,,,,,,,,,,,,,,,,,,,,,,,,,,,,,,,,,
,Meat Defeat!!!.sb3,9,Sprite1,Sprite2,Sprite5,Sprite6,Sprite8,Sprite3,Sprite4,Sprite7,Sprite9,,,,,,,,,,,,,,,,,,,,,,,,,,,,
,Climate Change Project_ Saving the penguin.sb3,2,Sprite1,Sprite2,,,,,,,,,,,,,,,,,,,,,,,,,,,,,,,,,,,
,Capture the CO2 (1).sb3,5,Sprite1,Sprite4,Sprite5,Sprite2,Sprite3,,,,,,,,,,,,,,,,,,,,,,,,,,,,,,,,
,Climate change Dari A-F.sb3,0,,,,,,,,,,,,,,,,,,,,,,,,,,,,,,,,,,,,,
,Untitled-2 (1).sb3,0,,,,,,,,,,,,,,,,,,,,,,,,,,,,,,,,,,,,,
N/A,Eujin and Julia.sb3,N/A,,,,,,,,,,,,,,,,,,,,,,,,,,,,,,,,,,,,,
,Co2 Clouds Game.sb3,0,,,,,,,,,,,,,,,,,,,,,,,,,,,,,,,,,,,,,
,Rambunctious Recycling.sb3,0,,,,,,,,,,,,,,,,,,,,,,,,,,,,,,,,,,,,,
,Garrett and Justin_s banger project.sb3,2,Sprite1,Sprite2,,,,,,,,,,,,,,,,,,,,,,,,,,,,,,,,,,,
,COLLECT THE CO2            .sb3,0,,,,,,,,,,,,,,,,,,,,,,,,,,,,,,,,,,,,,
,"Dodge, Duck and Jump.sb3",1,Sprite1,,,,,,,,,,,,,,,,,,,,,,,,,,,,,,,,,,,,
,Earth Vs Climate change Dodge ball game.sb3,1,Sprite3,,,,,,,,,,,,,,,,,,,,,,,,,,,,,,,,,,,,
,♥crazy cows♥.sb3,15,Sprite2,Sprite3,Sprite5,Sprite6,Sprite7,Sprite8,Sprite9,Sprite4,Sprite1,Sprite11,Sprite12,Sprite10,Sprite13,Sprite14,Sprite15,,,,,,,,,,,,,,,,,,,,,,
,Climate Change Pong Finished Version.sb3,4,Sprite2,Sprite1,Sprite3,Sprite4,,,,,,,,,,,,,,,,,,,,,,,,,,,,,,,,,
,Atmosphere game .sb3,0,,,,,,,,,,,,,,,,,,,,,,,,,,,,,,,,,,,,,
,JacksonNatalieproject.sb3,2,Sprite3,Sprite1,,,,,,,,,,,,,,,,,,,,,,,,,,,,,,,,,,,
,Save The Ocean_ A Crab Game.sb3,8,Sprite1,Sprite2,Sprite5,Sprite3,Sprite4,Sprite6,Sprite7,Sprite8,,,,,,,,,,,,,,,,,,,,,,,,,,,,,
,climate change game.sb3,0,,,,,,,,,,,,,,,,,,,,,,,,,,,,,,,,,,,,,
,Reflecting Ice Project.sb3,0,,,,,,,,,,,,,,,,,,,,,,,,,,,,,,,,,,,,,
,TreezRKool.sb3,1,Sprite2,,,,,,,,,,,,,,,,,,,,,,,,,,,,,,,,,,,,
,SpAcE pOnG.sb3,1,Sprite1,,,,,,,,,,,,,,,,,,,,,,,,,,,,,,,,,,,,
,Troubled Waters.sb3,5,Sprite1,Sprite2,Sprite4,Sprite5,Sprite6,,,,,,,,,,,,,,,,,,,,,,,,,,,,,,,,
,Hydrosphere Box Game.sb3,0,,,,,,,,,,,,,,,,,,,,,,,,,,,,,,,,,,,,,
,reducing co2 maze by madi and paige.sb3,0,,,,,,,,,,,,,,,,,,,,,,,,,,,,,,,,,,,,,
,Brick Breaker remix.sb3,0,,,,,,,,,,,,,,,,,,,,,,,,,,,,,,,,,,,,,
,Catch the Monkey.sb3,8,Sprite1,Sprite3,Sprite4,Sprite5,Sprite2,Sprite6,Sprite7,Sprite8,,,,,,,,,,,,,,,,,,,,,,,,,,,,,
,co2 emmision game .sb3,0,,,,,,,,,,,,,,,,,,,,,,,,,,,,,,,,,,,,,
,Hurricane Paddle.sb3,0,,,,,,,,,,,,,,,,,,,,,,,,,,,,,,,,,,,,,
,Co2 Game.sb3,0,,,,,,,,,,,,,,,,,,,,,,,,,,,,,,,,,,,,,
,Cars and co2.sb3,2,Sprite1,Sprite2,,,,,,,,,,,,,,,,,,,,,,,,,,,,,,,,,,,
N/A,Franki and Elena_s game.sb3,N/A,,,,,,,,,,,,,,,,,,,,,,,,,,,,,,,,,,,,,
,Kenny Michael.sb3,0,,,,,,,,,,,,,,,,,,,,,,,,,,,,,,,,,,,,,
,Stop Global Warming.sb3,16,Sprite1,Sprite2,Sprite3,Sprite4,Sprite5,Sprite6,Sprite7,Sprite8,Sprite9,Sprite10,Sprite11,Sprite12,Sprite13,Sprite14,Sprite15,Sprite16,,,,,,,,,,,,,,,,,,,,,
,Impacts on wildlife.sb3,3,Sprite1,Sprite2,Sprite3,,,,,,,,,,,,,,,,,,,,,,,,,,,,,,,,,,
,Factory Game Thalia and Jehan .sb3,0,,,,,,,,,,,,,,,,,,,,,,,,,,,,,,,,,,,,,
,Episode (Carbon edition).sb3,16,Sprite24,Sprite25,Sprite26,Sprite27,Sprite21,Sprite22,Sprite23,Sprite28,Sprite29,Sprite30,Sprite31,Sprite32,Sprite33,Sprite34,Sprite35,Sprite36,,,,,,,,,,,,,,,,,,,,,
,systems from scratch.sb3,0,,,,,,,,,,,,,,,,,,,,,,,,,,,,,,,,,,,,,
N/A,Reduce dat boi Co2 in the Atmosphere.sb3,N/A,,,,,,,,,,,,,,,,,,,,,,,,,,,,,,,,,,,,,
,Chainsaw guy.sb3,3,Sprite1,Sprite2,Sprite4,,,,,,,,,,,,,,,,,,,,,,,,,,,,,,,,,,
,New Science Scratch.sb3,0,,,,,,,,,,,,,,,,,,,,,,,,,,,,,,,,,,,,,
,THE GLOBAL WARMING game!.sb3,4,Sprite1,Sprite2,Sprite3,Sprite4,,,,,,,,,,,,,,,,,,,,,,,,,,,,,,,,,
,Austin & Clarence.sb3,0,,,,,,,,,,,,,,,,,,,,,,,,,,,,,,,,,,,,,
,Lasagna feat. Ludacris.sb3,1,Sprite1,,,,,,,,,,,,,,,,,,,,,,,,,,,,,,,,,,,,
,Carbon Capture.sb3,0,,,,,,,,,,,,,,,,,,,,,,,,,,,,,,,,,,,,,
,Oxygen VS CO2-Climate Change.sb3,0,,,,,,,,,,,,,,,,,,,,,,,,,,,,,,,,,,,,,
N/A,saving energy.sb3,N/A,,,,,,,,,,,,,,,,,,,,,,,,,,,,,,,,,,,,,
,Carbon Catcher.sb3,0,,,,,,,,,,,,,,,,,,,,,,,,,,,,,,,,,,,,,
,Iceberg Mania (1).sb3,0,,,,,,,,,,,,,,,,,,,,,,,,,,,,,,,,,,,,,
,Fight the Pollution!.sb3,0,,,,,,,,,,,,,,,,,,,,,,,,,,,,,,,,,,,,,
,Save the City! .sb3,3,Sprite2,Sprite3,Sprite4,,,,,,,,,,,,,,,,,,,,,,,,,,,,,,,,,,
N/A,heewon and audrey.sb3,N/A,,,,,,,,,,,,,,,,,,,,,,,,,,,,,,,,,,,,,
N/A,Forest Defender Duo.sb3,N/A,,,,,,,,,,,,,,,,,,,,,,,,,,,,,,,,,,,,,
,Climate change game!!!!.sb3,0,,,,,,,,,,,,,,,,,,,,,,,,,,,,,,,,,,,,,
,choosey choices.sb3,0,,,,,,,,,,,,,,,,,,,,,,,,,,,,,,,,,,,,,
,Carbon Capitalist.sb3,1,Sprite1,,,,,,,,,,,,,,,,,,,,,,,,,,,,,,,,,,,,
,Untitled (2).sb3,0,,,,,,,,,,,,,,,,,,,,,,,,,,,,,,,,,,,,,
,FartMan™.sb3,0,,,,,,,,,,,,,,,,,,,,,,,,,,,,,,,,,,,,,
,A Day of Choices  .sb3,0,,,,,,,,,,,,,,,,,,,,,,,,,,,,,,,,,,,,,
,Climate Change Game (3).sb3,0,,,,,,,,,,,,,,,,,,,,,,,,,,,,,,,,,,,,,
,Meat Defeat!!! (1).sb3,9,Sprite1,Sprite2,Sprite5,Sprite6,Sprite8,Sprite3,Sprite4,Sprite7,Sprite9,,,,,,,,,,,,,,,,,,,,,,,,,,,,
,Katharine and Carla_s Game.sb3,1,Sprite1,,,,,,,,,,,,,,,,,,,,,,,,,,,,,,,,,,,,
N/A,Daniel Scott.sb3,N/A,,,,,,,,,,,,,,,,,,,,,,,,,,,,,,,,,,,,,
,polar blast.sb3,2,Sprite1,Sprite2,,,,,,,,,,,,,,,,,,,,,,,,,,,,,,,,,,,
,GHGs Game.sb3,2,Sprite1,Sprite2,,,,,,,,,,,,,,,,,,,,,,,,,,,,,,,,,,,
,Building A House.sb3,1,Sprite2,,,,,,,,,,,,,,,,,,,,,,,,,,,,,,,,,,,,
,_Be Green ($) or Be Clean (environmentally speaking).sb3,0,,,,,,,,,,,,,,,,,,,,,,,,,,,,,,,,,,,,,
,Time Is Fuel.sb3,0,,,,,,,,,,,,,,,,,,,,,,,,,,,,,,,,,,,,,
,STORY (1).sb3,0,,,,,,,,,,,,,,,,,,,,,,,,,,,,,,,,,,,,,
,Iceberg Mania.sb3,0,,,,,,,,,,,,,,,,,,,,,,,,,,,,,,,,,,,,,
,Ocean CO2 .sb3,0,,,,,,,,,,,,,,,,,,,,,,,,,,,,,,,,,,,,,
,Carbon Catcher (1).sb3,0,,,,,,,,,,,,,,,,,,,,,,,,,,,,,,,,,,,,,
,Cloud Chaser.sb3,0,,,,,,,,,,,,,,,,,,,,,,,,,,,,,,,,,,,,,
,Cole and Ryan.sb3,8,Sprite1,Sprite3,Sprite4,Sprite5,Sprite6,Sprite7,Sprite2,Sprite8,,,,,,,,,,,,,,,,,,,,,,,,,,,,,
,save the ice blocks.sb3,5,Sprite1,Sprite4,Sprite5,Sprite2,Sprite3,,,,,,,,,,,,,,,,,,,,,,,,,,,,,,,,
,Avoid the clothes.sb3,2,Sprite1,Sprite2,,,,,,,,,,,,,,,,,,,,,,,,,,,,,,,,,,,
,log jumper.sb3,1,Sprite8,,,,,,,,,,,,,,,,,,,,,,,,,,,,,,,,,,,,
,Planet-Saving with Parker! (transportation-_strategy.sb3,8,Sprite1,Sprite2,Sprite3,Sprite4,Sprite5,Sprite6,Sprite7,Sprite8,,,,,,,,,,,,,,,,,,,,,,,,,,,,,
,Carbon Emmisions.sb3,1,Sprite1,,,,,,,,,,,,,,,,,,,,,,,,,,,,,,,,,,,,
,Cycle of Consumerism.sb3,37,Sprite4,Sprite1,Sprite2,Sprite6,Sprite10,Sprite24,Sprite5,Sprite7,Sprite9,Sprite8,Sprite11,Sprite12,Sprite13,Sprite14,Sprite15,Sprite16,Sprite17,Sprite18,Sprite19,Sprite20,Sprite21,Sprite34,Sprite35,Sprite30,Sprite25,Sprite22,Sprite23,Sprite26,Sprite3,Sprite27,Sprite28,Sprite29,Sprite37,Sprite31,Sprite32,Sprite36,Sprite33
,Save the Trees!!!.sb3,0,,,,,,,,,,,,,,,,,,,,,,,,,,,,,,,,,,,,,
,kill the CO2.sb3,3,Sprite1,Sprite3,Sprite2,,,,,,,,,,,,,,,,,,,,,,,,,,,,,,,,,,
,Global Warming_ The Game.sb3,2,Sprite2,Sprite4,,,,,,,,,,,,,,,,,,,,,,,,,,,,,,,,,,,
,Scuba dive to save the world.sb3,9,Sprite1,Sprite2,Sprite3,Sprite4,Sprite5,Sprite6,Sprite7,Sprite9,Sprite8,,,,,,,,,,,,,,,,,,,,,,,,,,,,
