url,filename,number,spriteNaming1,spriteNaming2,spriteNaming3,spriteNaming4,spriteNaming5,spriteNaming6,spriteNaming7,spriteNaming8,spriteNaming9,spriteNaming10,spriteNaming11,spriteNaming12,spriteNaming13,spriteNaming14,spriteNaming15,spriteNaming16,spriteNaming17,spriteNaming18,spriteNaming19,spriteNaming20,spriteNaming21,spriteNaming22,spriteNaming23,spriteNaming24,spriteNaming25,spriteNaming26
,Co2 vs. shellfish.sb3,1,Sprite1,,,,,,,,,,,,,,,,,,,,,,,,,
,Albedo Project.sb3,1,Sprite1,,,,,,,,,,,,,,,,,,,,,,,,,
,Loggers.sb3,0,,,,,,,,,,,,,,,,,,,,,,,,,,
,Factories Taking Over The Atmosphere.sb3,11,Sprite7,Sprite2,Sprite3,Sprite5,Sprite6,Sprite8,Sprite9,Sprite10,Sprite11,Sprite12,Sprite13,,,,,,,,,,,,,,,
,Save the Polor Bear.sb3,0,,,,,,,,,,,,,,,,,,,,,,,,,,
,Untitled-2.sb3,0,,,,,,,,,,,,,,,,,,,,,,,,,,
,Water Levels-LilyStaceyHenri.sb3,0,,,,,,,,,,,,,,,,,,,,,,,,,,
,Help the Turtle!.sb3,6,Sprite1,Sprite2,Sprite3,Sprite4,Sprite5,Sprite6,,,,,,,,,,,,,,,,,,,,
,Carbon Run.sb3,5,Sprite1,Sprite2,Sprite3,Sprite5,Sprite6,,,,,,,,,,,,,,,,,,,,,
,Molly and Alishba_s scratch science game  copy-2 copy copy copy.sb3,0,,,,,,,,,,,,,,,,,,,,,,,,,,
,Untitled.sb3,0,,,,,,,,,,,,,,,,,,,,,,,,,,
,Climate Change Game (1).sb3,0,,,,,,,,,,,,,,,,,,,,,,,,,,
,Climate Change.sb3,0,,,,,,,,,,,,,,,,,,,,,,,,,,
,Potato_s adventure.sb3,5,Sprite1,Sprite2,Sprite3,Sprite4,Sprite6,,,,,,,,,,,,,,,,,,,,,
,Climate Change Game-2.sb3,26,Sprite1,Sprite2,Sprite3,Sprite4,Sprite5,Sprite6,Sprite7,Sprite8,Sprite9,Sprite10,Sprite15,Sprite17,Sprite16,Sprite11,Sprite12,Sprite13,Sprite14,Sprite18,Sprite20,Sprite21,Sprite23,Sprite19,Sprite24,Sprite25,Sprite26,Sprite27
,The Battle Against Radiation.sb3,0,,,,,,,,,,,,,,,,,,,,,,,,,,
,Save the Earth.sb3,0,,,,,,,,,,,,,,,,,,,,,,,,,,
,factory .sb3,0,,,,,,,,,,,,,,,,,,,,,,,,,,
,help the polar bear.sb3,0,,,,,,,,,,,,,,,,,,,,,,,,,,
,Penguin Game .sb3,1,Sprite1,,,,,,,,,,,,,,,,,,,,,,,,,
,Plant Man IV.sb3,2,Sprite16,Sprite1,,,,,,,,,,,,,,,,,,,,,,,,
,Greenite_ The Greenining.sb3,0,,,,,,,,,,,,,,,,,,,,,,,,,,
,Car Game.sb3,1,Sprite1,,,,,,,,,,,,,,,,,,,,,,,,,
,Global Warming.sb3,15,Sprite3,Sprite4,Sprite2,Sprite5,Sprite7,Sprite6,Sprite8,Sprite9,Sprite11,Sprite13,Sprite14,Sprite15,Sprite16,Sprite17,Sprite10,,,,,,,,,,,
,Co2 DASH.sb3,7,Sprite1,Sprite2,Sprite3,Sprite5,Sprite4,Sprite6,Sprite7,,,,,,,,,,,,,,,,,,,
,trash collect.sb3,0,,,,,,,,,,,,,,,,,,,,,,,,,,
,Save the penguin _).sb3,0,,,,,,,,,,,,,,,,,,,,,,,,,,
,Carbon Clicker.sb3,0,,,,,,,,,,,,,,,,,,,,,,,,,,
,Industry Interlopers.sb3,0,,,,,,,,,,,,,,,,,,,,,,,,,,
,Saving Antarctica.sb3,1,Sprite2,,,,,,,,,,,,,,,,,,,,,,,,,
,"CL, LL climate change game.sb3",3,Sprite1,Sprite2,Sprite3,,,,,,,,,,,,,,,,,,,,,,,
,Christmas Chaos.sb3,0,,,,,,,,,,,,,,,,,,,,,,,,,,
,Mitigation Game.sb3,2,Sprite1,Sprite2,,,,,,,,,,,,,,,,,,,,,,,,
,Climate Change Project_ Saving the penguin.sb3,2,Sprite1,Sprite2,,,,,,,,,,,,,,,,,,,,,,,,
,Untitled-2 (1).sb3,0,,,,,,,,,,,,,,,,,,,,,,,,,,
,JacksonNatalieproject.sb3,2,Sprite3,Sprite1,,,,,,,,,,,,,,,,,,,,,,,,
,Reflecting Ice Project.sb3,0,,,,,,,,,,,,,,,,,,,,,,,,,,
,TreezRKool.sb3,1,Sprite2,,,,,,,,,,,,,,,,,,,,,,,,,
,Hydrosphere Box Game.sb3,0,,,,,,,,,,,,,,,,,,,,,,,,,,
,Brick Breaker remix.sb3,0,,,,,,,,,,,,,,,,,,,,,,,,,,
,Hurricane Paddle.sb3,0,,,,,,,,,,,,,,,,,,,,,,,,,,
,Cars and co2.sb3,2,Sprite1,Sprite2,,,,,,,,,,,,,,,,,,,,,,,,
,Carbon Capture.sb3,0,,,,,,,,,,,,,,,,,,,,,,,,,,
,saving energy.sb3,2,Sprite1,Sprite2,,,,,,,,,,,,,,,,,,,,,,,,
,Fight the Pollution!.sb3,0,,,,,,,,,,,,,,,,,,,,,,,,,,
,Save the City! .sb3,3,Sprite2,Sprite3,Sprite4,,,,,,,,,,,,,,,,,,,,,,,
,Climate change game!!!!.sb3,0,,,,,,,,,,,,,,,,,,,,,,,,,,
,FartMan™.sb3,0,,,,,,,,,,,,,,,,,,,,,,,,,,
,polar blast.sb3,2,Sprite1,Sprite2,,,,,,,,,,,,,,,,,,,,,,,,
,Climate Change Game.sb3,0,,,,,,,,,,,,,,,,,,,,,,,,,,
,Capture the CO2.sb3,5,Sprite1,Sprite4,Sprite5,Sprite2,Sprite3,,,,,,,,,,,,,,,,,,,,,
,save the ice blocks.sb3,5,Sprite1,Sprite4,Sprite5,Sprite2,Sprite3,,,,,,,,,,,,,,,,,,,,,
,Avoid the clothes.sb3,2,Sprite1,Sprite2,,,,,,,,,,,,,,,,,,,,,,,,
,log jumper.sb3,1,Sprite8,,,,,,,,,,,,,,,,,,,,,,,,,
,Carbon Emmisions.sb3,1,Sprite1,,,,,,,,,,,,,,,,,,,,,,,,,
,Save the Trees!!!.sb3,0,,,,,,,,,,,,,,,,,,,,,,,,,,
,kill the CO2.sb3,3,Sprite1,Sprite3,Sprite2,,,,,,,,,,,,,,,,,,,,,,,
