url,filename,points,Abstraction,Parallelism,Logic,Synchronization,Flow control,User interactivity,Data representation,Math operators,Motion operators,DuplicateScripts,DeadCode,SpriteNaming,BackdropNaming,Error,dashboard_mode,Van points,Van Abstraction,Van Parallelism,Van Logic,Van Synchronization,Van Flow control,Van User interactivity,Van Data representation,tot_blocks
,Happy Fishingsb3,14,1,4,0,3,2,2,2,0,0,0,0,5,2,None,Default,13,1,3,0,3,2,2,2,244
,birdygethemsb3,18,1,1,1,2,4,1,4,2,2,0,1,0,0,None,Default,12,1,1,1,2,3,1,3,173
,PLANTING TREESsb3,20,1,4,1,3,2,2,4,2,1,0,2,2,1,None,Default,15,1,3,1,3,2,2,3,62
,GAME SUMMERS TIRABASSIsb3,19,1,2,1,2,2,4,3,0,4,0,3,0,2,None,Default,14,1,2,1,2,2,3,3,90
,Climate change gamejassecsb3,26,1,4,4,3,2,2,4,2,4,24,15,0,2,None,Default,17,1,3,3,3,2,2,3,363
,Edie Bella Animation Challengesb3,6,1,1,0,1,1,1,1,0,0,0,0,0,1,None,Default,6,1,1,0,1,1,1,1,34
,Nawal Noia and Alenasb3,11,3,0,1,0,1,2,1,0,3,0,0,1,2,None,Default,8,3,0,1,0,1,2,1,40
,Furnace Wiz Official Deluxe Editionsb3,23,4,3,1,3,3,2,4,2,1,0,0,1,1,None,Default,18,3,3,1,3,3,2,3,144
,Patrick and Sawyer Climate Gamesb3,22,3,4,1,4,2,4,1,0,3,10,13,0,1,None,Default,16,3,3,1,3,2,3,1,416
,Tetris  gamesb3,32,3,4,4,4,3,4,4,2,4,2,0,2,2,None,Default,21,3,3,3,3,3,3,3,255
,Jonas Kaden BETAsb3,23,1,4,2,3,2,2,4,2,3,0,9,0,0,None,Default,16,1,3,2,3,2,2,3,248
,Co2 vs shellfishsb3,23,1,4,1,3,2,2,4,2,4,5,0,1,0,None,Default,15,1,3,1,3,2,2,3,413
,Albedo Projectsb3,18,1,1,1,1,4,2,4,2,2,2,0,1,1,None,Default,12,1,1,1,1,3,2,3,71
,The Greenhouse Effectsb3,22,1,4,1,3,2,2,4,2,3,0,1,5,0,None,Default,15,1,3,1,3,2,2,3,145
,Car Bike Atmospheresb3,19,1,1,1,3,2,2,4,2,3,0,2,1,1,None,Default,13,1,1,1,3,2,2,3,606
,Falling Fruit Fiestasb3,22,1,4,1,3,4,2,4,2,1,3,3,0,0,None,Default,16,1,3,1,3,3,2,3,319
,What Should you dosb3,14,1,4,0,3,1,2,2,0,1,0,1,14,1,None,Default,12,1,3,0,3,1,2,2,184
,Roberto and Ethan  sb3,21,3,2,0,3,2,2,4,2,3,0,3,1,1,None,Default,15,3,2,0,3,2,2,3,163
,Isaiah and Nelsons Projectsb3,27,2,4,4,3,2,3,4,2,3,0,8,5,0,None,Default,19,2,3,3,3,2,3,3,239
,Loggerssb3,21,1,4,1,3,4,2,4,2,0,0,0,0,3,None,Default,16,1,3,1,3,3,2,3,87
,Factory Game remixsb3,22,1,4,1,3,2,2,4,2,3,0,0,0,0,None,Default,15,1,3,1,3,2,2,3,741
,albedo melting icesb3,0,0,0,0,0,0,0,0,0,0,0,0,1,1,None,Default,0,0,0,0,0,0,0,0,0
,Farmer Joes Adventures Annie and Joshsb3,24,2,4,1,3,3,2,4,2,3,0,0,1,3,None,Default,17,2,3,1,3,3,2,3,210
,co2 gamesb3,19,1,4,1,3,2,2,4,2,0,0,2,0,2,None,Default,15,1,3,1,3,2,2,3,319
,Yum Projectsb3,19,1,4,1,3,2,2,4,2,0,0,0,0,1,None,Default,15,1,3,1,3,2,2,3,166
,save the polar bearssb3,24,4,4,1,3,2,2,4,2,2,0,1,1,0,None,Default,17,3,3,1,3,2,2,3,102
,Joe and Aidan climate change slingshot thingysb3,35,4,4,4,3,4,4,4,4,4,4,36,5,4,None,Default,21,3,3,3,3,3,3,3,848
,Lumberjack simulatorsb3,22,3,4,1,2,1,2,4,2,3,0,3,1,1,None,Default,15,3,3,1,2,1,2,3,413
,beat the heatsb3,22,1,4,1,3,2,2,4,2,3,0,0,5,3,None,Default,15,1,3,1,3,2,2,3,96
,Stop Global Warming2sb3,28,1,4,4,4,3,2,4,2,4,13,0,16,3,None,Default,18,1,3,3,3,3,2,3,1027
,Save The Ocean A Crab Gamesb3,27,1,4,1,3,4,2,4,4,4,2,4,8,1,None,Default,16,1,3,1,3,3,2,3,484
,Climate Change Mariosb3,29,3,4,4,3,3,2,4,2,4,0,1,0,3,None,Default,20,3,3,3,3,3,2,3,264
,Save the Skysb3,32,4,3,4,3,4,4,4,2,4,0,0,2,1,None,Default,21,3,3,3,3,3,3,3,268
,Overloading Our Carbon Reservoirssb3,21,1,4,1,3,2,2,4,2,2,16,0,0,0,None,Default,15,1,3,1,3,2,2,3,380
,plants help the enviromentsb3,19,1,4,1,3,2,2,3,0,3,0,0,0,0,None,Default,15,1,3,1,3,2,2,3,441
,The Water Cycle Lucy  Celiasb3,25,4,4,1,3,2,2,4,2,3,4,0,2,0,None,Default,17,3,3,1,3,2,2,3,287
,Isabel and Mashasb3,20,1,4,1,3,2,2,4,2,1,0,0,24,2,None,Default,15,1,3,1,3,2,2,3,356
,Factories Taking Over The Atmospheresb3,17,1,2,0,3,2,2,4,2,1,35,0,11,1,None,Default,13,1,2,0,3,2,2,3,549
,Talia Celiasb3,21,1,4,2,3,2,2,4,2,1,0,4,0,1,None,Default,16,1,3,2,3,2,2,3,333
,Yinyao Duansb3,17,1,1,1,0,4,2,4,1,3,0,1,3,1,None,Default,11,1,1,1,0,3,2,3,32
,Dat Boi Gets Aroundsb3,23,1,4,4,4,2,2,4,2,0,8,0,0,0,None,Default,17,1,3,3,3,2,2,3,392
,CO2 Stopper Coptersb3,27,1,3,2,3,4,4,4,2,4,0,7,4,1,None,Default,18,1,3,2,3,3,3,3,340
,Save the earthsb3,22,2,3,1,3,2,2,4,2,3,0,2,0,1,None,Default,16,2,3,1,3,2,2,3,214
,Save the Polor Bearsb3,13,1,3,1,3,2,2,1,0,0,0,0,0,0,None,Default,13,1,3,1,3,2,2,1,0
,DumphyManfredi Boris Scratch Projectsb3,21,1,4,4,3,1,2,4,2,0,0,0,6,0,None,Default,16,1,3,3,3,1,2,3,304
,tree gamesb3,19,1,4,1,3,2,2,4,2,0,2,0,3,1,None,Default,15,1,3,1,3,2,2,3,95
,Untitled2sb3,18,1,1,1,2,2,1,4,2,4,0,14,1,0,None,Default,11,1,1,1,2,2,1,3,233
,Global Warming The Gamesb3,24,1,4,1,3,3,2,4,2,4,0,1,2,0,None,Default,16,1,3,1,3,3,2,3,139
,Soccer Gamesb3,20,1,1,2,3,1,2,4,2,4,0,0,0,0,None,Default,13,1,1,2,3,1,2,3,131
,Climate Change Projectsb3,20,1,2,1,3,2,2,4,2,3,0,3,20,4,None,Default,14,1,2,1,3,2,2,3,644
,CO2 Crushersb3,24,4,4,1,3,3,2,4,2,1,0,1,1,1,None,Default,18,3,3,1,3,3,2,3,80
,Mark Jeremysb3,12,1,4,0,3,1,2,1,0,0,0,0,1,0,None,Default,11,1,3,0,3,1,2,1,155
,Zampieri Zucchero Projectsb3,21,1,4,1,3,3,2,4,2,1,0,0,1,0,None,Default,16,1,3,1,3,3,2,3,439
,CARBON CLICKING Arjun the other one was screwed up so I made a new onesb3,27,4,3,1,3,4,2,4,2,4,0,1,3,3,None,Default,18,3,3,1,3,3,2,3,152
,Untitled2sb3,15,1,2,1,3,2,2,2,0,2,2,2,1,0,None,Default,13,1,2,1,3,2,2,2,203
,Climate Change Game2sb3,26,4,4,1,3,4,2,4,2,2,0,1,0,0,None,Default,18,3,3,1,3,3,2,3,172
,DO NOT PLAY THIS GAME PLAY THE OTHER ONEsb3,21,3,4,1,3,2,4,1,0,3,5,13,2,0,None,Default,16,3,3,1,3,2,3,1,217
,Water LevelsLilyStaceyHenrisb3,19,1,4,1,3,3,2,2,0,3,0,0,0,0,None,Default,15,1,3,1,3,3,2,2,205
,Scratch Trivia Game remixsb3,18,1,4,1,2,2,2,4,2,0,2,0,2,0,None,Default,14,1,3,1,2,2,2,3,216
,Pool Daysb3,19,1,4,1,3,3,2,2,0,3,0,0,0,0,None,Default,15,1,3,1,3,3,2,2,284
,Pollution Gamesb3,16,1,4,0,3,1,2,2,0,3,0,0,6,0,None,Default,12,1,3,0,3,1,2,2,145
,Abby and Graces projectsb3,22,1,4,0,3,3,2,4,2,3,0,0,0,0,None,Default,15,1,3,0,3,3,2,3,323
,Drive the Planet to an Endsb3,22,1,4,1,3,2,3,4,2,2,4,0,3,2,None,Default,16,1,3,1,3,2,3,3,252
,This Sea Level Rise is Terrible2sb3,23,1,4,1,3,4,3,4,2,1,4,0,0,0,None,Default,17,1,3,1,3,3,3,3,236
,KoriReign Kourtney Animation Challangesb3,9,1,0,0,2,1,2,1,0,2,0,0,1,1,None,Default,7,1,0,0,2,1,2,1,16
,Bronson and Jacek Scratch Projectsb3,26,1,4,4,3,2,2,4,2,4,6,3,34,3,None,Default,17,1,3,3,3,2,2,3,1450
,Climate Change in Life Decisionsb3,13,1,4,0,3,1,2,1,0,1,0,0,10,6,None,Default,11,1,3,0,3,1,2,1,233
,scratch game Liz Avasb3,10,1,1,1,0,2,2,1,0,2,0,0,0,1,None,Default,8,1,1,1,0,2,2,1,71
,Zhimin and Isabellasb3,23,4,3,1,3,2,1,4,2,3,0,0,7,1,None,Default,16,3,3,1,3,2,1,3,160
,Project electrosb3,23,1,4,2,4,2,2,4,2,2,4,2,3,0,None,Default,16,1,3,2,3,2,2,3,525
,Super Chad Brosb3,17,1,4,0,3,2,2,1,0,4,0,1,10,4,None,Default,12,1,3,0,3,2,2,1,210
,Climate Pong2sb3,23,1,4,1,2,2,3,4,2,4,2,0,2,1,None,Default,15,1,3,1,2,2,3,3,127
,Greenhouse Gases Gamesb3,21,1,4,1,3,2,2,4,2,2,0,1,1,0,None,Default,15,1,3,1,3,2,2,3,233
,city creatorsb3,29,4,4,2,3,4,2,4,2,4,0,8,5,2,None,Default,19,3,3,2,3,3,2,3,830
,DestroyingTheWorldincexesb3,19,1,4,1,3,1,3,4,2,0,0,0,0,0,None,Default,15,1,3,1,3,1,3,3,357
,Climate change Emari Wakefield and Julia Machadosb3,33,4,4,4,4,3,3,4,3,4,0,0,1,0,None,Default,21,3,3,3,3,3,3,3,380
,BrookeMirandasb3,26,4,4,1,3,2,2,4,2,4,0,0,0,1,None,Default,17,3,3,1,3,2,2,3,250
,Alex and Hannahs projectsb3,17,1,4,1,3,1,2,2,0,3,0,1,4,1,None,Default,13,1,3,1,3,1,2,2,80
,Michael Katya Phillip projectsb3,32,4,4,4,3,4,3,4,2,4,0,2,0,2,None,Default,21,3,3,3,3,3,3,3,164
,Tree Doggosb3,19,2,4,1,3,2,2,2,0,3,0,0,7,0,None,Default,15,2,3,1,3,2,2,2,139
,Julia and Meris Gamesb3,13,1,4,0,3,2,2,1,0,0,0,0,0,3,None,Default,12,1,3,0,3,2,2,1,319
,Deforestation By Esther Emily Zerosb3,25,3,4,1,3,2,2,4,2,4,0,5,4,0,None,Default,17,3,3,1,3,2,2,3,488
,Carbon Gamesb3,33,3,4,4,4,4,3,4,3,4,4,0,0,0,None,Default,21,3,3,3,3,3,3,3,219
,COLLECT THE CO2sb3,24,1,2,4,3,2,2,4,2,4,3,0,0,1,None,Default,16,1,2,3,3,2,2,3,106
,Carbon Annihilationsb3,28,2,4,4,4,4,3,4,2,1,8,47,2,0,None,Default,20,2,3,3,3,3,3,3,722
,Leyla and Erin3 remix remixsb3,18,1,4,1,3,4,2,1,0,2,0,0,7,2,None,Default,14,1,3,1,3,3,2,1,204
,Deforestationsb3,10,1,1,1,1,1,2,2,0,1,0,3,0,1,None,Default,9,1,1,1,1,1,2,2,31
,CCTD  Climate Change Tower Defensesb3,28,4,4,4,2,2,2,4,2,4,2,22,0,4,None,Default,18,3,3,3,2,2,2,3,1424
,Climate Change Choose Your Own Adventuresb3,24,1,4,2,3,2,2,4,3,3,0,0,1,1,None,Default,16,1,3,2,3,2,2,3,735
,Albedo Pongsb3,20,1,4,1,3,2,2,4,0,3,0,0,10,3,None,Default,15,1,3,1,3,2,2,3,145
,Climate Change choicessb3,22,1,4,1,3,2,2,4,2,3,0,0,3,0,None,Default,15,1,3,1,3,2,2,3,174
,Brian and Kylesb3,31,4,4,4,4,3,3,4,2,3,2,2,6,1,None,Default,21,3,3,3,3,3,3,3,350
,Penguin Saver By Holland and Andrewsb3,16,1,2,1,3,2,2,1,0,4,0,4,22,1,None,Default,12,1,2,1,3,2,2,1,379
,Mitigation  Elias Daniel F Blocksb3,31,4,4,4,4,3,2,4,2,4,7,1,4,2,None,Default,20,3,3,3,3,3,2,3,573
,Climate Change Project Saving the penguinsb3,24,1,4,1,3,3,2,4,2,4,8,0,2,1,None,Default,16,1,3,1,3,3,2,3,131
,Help the Turtlesb3,19,1,1,1,2,2,2,4,2,4,0,1,6,0,None,Default,12,1,1,1,2,2,2,3,167
,CARbon Killersb3,23,1,3,1,3,4,2,4,2,3,0,3,1,3,None,Default,16,1,3,1,3,3,2,3,201
,Deforestation Hailey and Remis Gamesb3,25,1,4,2,3,2,3,4,2,4,2,1,0,0,None,Default,17,1,3,2,3,2,3,3,623
,Ice Cap Herosb3,34,4,4,4,4,3,4,4,3,4,2,5,4,0,None,Default,21,3,3,3,3,3,3,3,507
,Untitled34sb3,17,1,4,1,2,2,2,2,0,3,0,4,6,1,None,Default,13,1,3,1,2,2,2,2,59
,Ella and Olivias Gamesb3,21,2,3,1,3,2,2,4,2,2,4,0,1,1,None,Default,16,2,3,1,3,2,2,3,99
,Logan and Braiden scratch proj D blocksb3,17,2,4,1,2,2,2,1,0,3,2,1,0,0,None,Default,13,2,3,1,2,2,2,1,134
,Truegreen7sb3,8,1,0,0,0,2,2,1,0,2,0,0,1,0,None,Default,6,1,0,0,0,2,2,1,12
,Catch the CO2sb3,26,1,4,4,3,2,3,4,2,3,0,0,0,0,None,Default,18,1,3,3,3,2,3,3,110
,snowflake collectsb3,20,1,2,1,2,2,2,4,2,4,0,0,0,1,None,Default,13,1,2,1,2,2,2,3,429
,ERIC AND ROSIE ANIMATION CHALLENGEsb3,10,1,1,0,2,1,1,1,0,3,0,0,0,1,None,Default,7,1,1,0,2,1,1,1,21
,Aman and Brady Projectsb3,26,2,3,1,3,4,3,4,2,4,4,0,2,2,None,Default,18,2,3,1,3,3,3,3,216
,The Chosen Onesb3,19,1,2,1,2,2,2,4,2,3,2,0,0,0,None,Default,13,1,2,1,2,2,2,3,90
,Melica Jaycee Natsuka Climate Change Gamesb3,20,1,4,1,3,2,4,2,0,3,0,0,21,6,None,Default,15,1,3,1,3,2,3,2,519
,CO2 journeysb3,15,1,4,1,3,2,2,1,0,1,3,0,7,4,None,Default,13,1,3,1,3,2,2,1,320
,Space CO2sb3,21,1,4,1,3,3,2,4,2,1,0,1,1,0,None,Default,16,1,3,1,3,3,2,3,210
,Elsa saves the world alebdo stylesb3,24,2,3,4,2,2,2,4,2,3,0,4,1,1,None,Default,17,2,3,3,2,2,2,3,126
,DONT TOUCH THE WATERsb3,24,3,1,4,0,4,2,4,2,4,0,0,1,5,None,Default,15,3,1,3,0,3,2,3,64
,co2 emmision gamesb3,15,1,2,0,3,2,4,2,0,1,0,0,0,0,None,Default,13,1,2,0,3,2,3,2,65
,Save the Planetsb3,24,1,4,1,3,4,2,4,2,3,4,2,0,0,None,Default,16,1,3,1,3,3,2,3,579
,Carbon Run2sb3,22,1,4,1,3,4,2,4,2,1,0,3,1,4,None,Default,16,1,3,1,3,3,2,3,122
,Carsb3,20,1,4,1,3,2,2,4,2,1,0,1,0,1,None,Default,15,1,3,1,3,2,2,3,265
,CO2 emissions Gamesb3,22,2,3,2,1,3,4,4,2,1,0,17,3,0,None,Default,17,2,3,2,1,3,3,3,150
,3sb3,6,1,1,0,0,1,1,1,0,1,0,1,2,1,None,Default,5,1,1,0,0,1,1,1,10
,Scratch CO2 Projectsb3,22,1,4,1,3,2,2,4,2,3,0,0,0,0,None,Default,15,1,3,1,3,2,2,3,461
,You Can Stop Climate Change One Shopping Trip At A Timesb3,23,1,4,1,3,2,2,4,2,4,0,0,1,1,None,Default,15,1,3,1,3,2,2,3,113
,Franki and Elenas gamesb3,21,1,1,4,3,1,2,4,2,3,0,6,0,1,None,Default,14,1,1,3,3,1,2,3,126
,Greenhouse Effect Pong Gamesb3,29,4,4,4,3,2,2,4,2,4,0,2,2,1,None,Default,19,3,3,3,3,2,2,3,229
,Super Planty Bros Drew and Sashasb3,21,3,4,1,3,2,4,1,0,3,5,10,2,0,None,Default,16,3,3,1,3,2,3,1,219
,Lumberjack Attacksb3,20,1,1,1,3,1,2,4,3,4,0,1,0,1,None,Default,12,1,1,1,3,1,2,3,89
,Danilo and Alba Trees climate changesb3,24,2,4,1,3,3,2,4,2,3,3,1,1,0,None,Default,17,2,3,1,3,3,2,3,183
,SofiaKevinAnimationChallengesb3,9,1,0,0,2,1,2,1,0,2,0,5,1,1,None,Default,7,1,0,0,2,1,2,1,17
,Save the Treessb3,23,3,4,1,3,2,2,4,2,2,4,0,1,3,None,Default,17,3,3,1,3,2,2,3,655
,Climate Change Game3sb3,25,1,4,4,3,2,2,4,2,3,2,1,0,8,None,Default,17,1,3,3,3,2,2,3,362
,CO2 Dropsb3,25,1,4,4,3,4,2,4,2,1,9,28,17,7,None,Default,18,1,3,3,3,3,2,3,702
,PONG CLIMATE CHANGEsb3,22,1,4,1,3,2,3,4,2,2,0,2,2,1,None,Default,16,1,3,1,3,2,3,3,101
,Carbon Runsb3,21,4,4,1,2,2,2,2,0,4,4,0,5,1,None,Default,15,3,3,1,2,2,2,2,224
,Harsh Tree Why Mesb3,11,1,1,1,0,2,2,1,0,3,0,0,1,0,None,Default,8,1,1,1,0,2,2,1,29
,The Night skysb3,27,3,4,2,3,4,2,4,2,3,0,0,0,1,None,Default,19,3,3,2,3,3,2,3,299
,Project Climate ChangeSarah and Shuvasb3,23,1,4,1,3,4,2,2,3,3,6,4,29,2,None,Default,15,1,3,1,3,3,2,2,567
,Everyday Life and Climate Changesb3,22,1,4,1,3,2,2,4,2,3,0,0,10,1,None,Default,15,1,3,1,3,2,2,3,485
,Dont Get Burnedsb3,25,1,4,1,3,4,2,4,2,4,0,0,1,0,None,Default,16,1,3,1,3,3,2,3,144
,Save the World from Co2sb3,23,4,3,1,2,2,2,4,2,3,0,1,6,20,None,Default,16,3,3,1,2,2,2,3,415
,Save The Trees2sb3,26,3,4,1,3,4,2,4,2,3,0,1,2,0,None,Default,18,3,3,1,3,3,2,3,336
,STORYsb3,15,1,3,0,3,2,2,1,0,3,0,0,0,1,None,Default,12,1,3,0,3,2,2,1,30
,Grayson Josh Animation Challengesb3,7,1,0,0,2,1,1,1,0,1,0,0,1,1,None,Default,6,1,0,0,2,1,1,1,15
,Fight Wanda the Evil Lumberjacksb3,27,1,4,4,3,3,2,4,2,4,2,0,0,0,None,Default,18,1,3,3,3,3,2,3,406
,Co2 Catchsb3,24,1,4,1,3,3,2,4,2,4,0,0,0,0,None,Default,16,1,3,1,3,3,2,3,160
,Energy Efficiencysb3,26,3,4,4,4,2,2,4,2,1,3,0,0,0,None,Default,19,3,3,3,3,2,2,3,337
,Catch the CO22sb3,17,1,1,1,0,2,2,4,2,4,0,0,0,0,None,Default,10,1,1,1,0,2,2,3,870
,Climate Change Ice Meltingsb3,22,1,4,1,3,2,2,4,2,3,0,4,20,2,None,Default,15,1,3,1,3,2,2,3,491
,Climate Change Tetrissb3,33,3,4,4,4,4,4,4,2,4,21,1,0,1,None,Default,21,3,3,3,3,3,3,3,1143
,climate change highwaysb3,22,1,2,1,2,4,2,4,2,4,2,0,7,3,None,Default,14,1,2,1,2,3,2,3,619
,samsb3,13,1,1,1,3,2,2,1,0,2,0,1,81,1,None,Default,11,1,1,1,3,2,2,1,1505
,catch the CO2 by Olivia and Polinasb3,23,1,4,1,2,2,3,4,2,4,0,1,0,0,None,Default,15,1,3,1,2,2,3,3,249
,Untitled3sb3,27,3,4,2,3,2,3,4,2,4,0,4,0,0,None,Default,19,3,3,2,3,2,3,3,83
,Pollution Controlsb3,19,3,4,1,3,2,2,1,0,3,0,2,2,0,None,Default,15,3,3,1,3,2,2,1,180
,Temperature Changessb3,20,1,4,1,3,2,2,4,2,1,14,1,1,0,None,Default,15,1,3,1,3,2,2,3,176
,Co2 Game2sb3,20,1,3,4,3,2,4,2,0,1,4,4,0,0,None,Default,17,1,3,3,3,2,3,2,129
,Dont Burn Upsb3,24,1,4,4,2,2,3,4,2,2,3,3,59,0,None,Default,17,1,3,3,2,2,3,3,1646
,Ella and Arsema animation Challengesb3,14,1,4,0,3,2,1,1,0,2,0,0,1,1,None,Default,11,1,3,0,3,2,1,1,86
,Ocean CO2sb3,22,1,1,1,3,4,2,4,2,4,0,0,0,1,None,Default,14,1,1,1,3,3,2,3,62
,Sugar Maple Survivalsb3,25,1,4,4,3,3,2,4,2,2,0,1,2,0,None,Default,18,1,3,3,3,3,2,3,848
,Reducing carbon mazesb3,25,1,4,1,3,2,4,4,2,4,2,0,2,2,None,Default,16,1,3,1,3,2,3,3,197
,Factory Game Thalia and Jehansb3,22,1,4,1,3,2,2,4,2,3,0,0,0,0,None,Default,15,1,3,1,3,2,2,3,743
,Untitledsb3,16,1,0,2,2,2,2,4,2,1,2,0,0,0,None,Default,12,1,0,2,2,2,2,3,43
,Co2 Collectorsb3,28,4,4,4,3,4,2,4,2,1,0,1,0,0,None,Default,20,3,3,3,3,3,2,3,196
,WACKAGASsb3,27,3,4,4,4,3,2,4,2,1,0,1,0,5,None,Default,20,3,3,3,3,3,2,3,339
,Scratch Project Helen  Condoleezzasb3,21,1,4,1,3,3,2,4,2,1,0,0,0,0,None,Default,16,1,3,1,3,3,2,3,204
,New School Projectsb3,22,1,4,2,2,3,2,4,2,2,0,0,7,0,None,Default,16,1,3,2,2,3,2,3,203
,jumpy treesb3,22,1,4,1,3,2,2,4,2,3,2,1,2,4,None,Default,15,1,3,1,3,2,2,3,224
,Hit the Targetsb3,25,1,4,4,3,2,2,4,2,3,3,1,21,0,None,Default,17,1,3,3,3,2,2,3,996
,Tigran and David Gamesb3,26,1,4,4,2,2,3,4,2,4,0,0,1,2,None,Default,17,1,3,3,2,2,3,3,276
,sb3,18,1,4,1,3,2,2,2,0,3,0,0,1,1,None,Default,14,1,3,1,3,2,2,2,353
,Carbon Cloudssb3,19,1,4,2,3,2,2,2,0,3,0,4,15,0,None,Default,15,1,3,2,3,2,2,2,436
,Picking Up Trash Helps The World Mitigationsb3,16,1,2,0,3,2,2,4,2,0,0,1,0,1,None,Default,13,1,2,0,3,2,2,3,81
,Climate change projectBEAR MAZEsb3,26,1,4,4,3,2,2,4,2,4,2,3,3,9,None,Default,17,1,3,3,3,2,2,3,254
,Climate change gamesb3,21,2,3,1,2,2,2,4,2,3,0,0,0,2,None,Default,15,2,3,1,2,2,2,3,70
,Climate Changesb3,20,1,4,1,3,2,1,4,2,2,0,2,0,1,None,Default,14,1,3,1,3,2,1,3,129
,Save Snows and Pennys Home Multiplayersb3,19,1,2,1,1,2,2,4,2,4,4,2,0,1,None,Default,12,1,2,1,1,2,2,3,142
,Save My Housesb3,27,1,4,4,3,3,2,4,2,4,4,2,0,3,None,Default,18,1,3,3,3,3,2,3,330
,Aidan and Yuvals gamesb3,25,2,4,1,2,4,2,4,2,4,0,0,1,1,None,Default,16,2,3,1,2,3,2,3,104
,Carbon Destroyersb3,29,2,4,4,3,4,3,4,2,3,4,6,4,3,None,Default,20,2,3,3,3,3,3,3,349
,Allison Elizabeth2sb3,32,3,4,4,4,3,4,4,2,4,9,10,14,1,None,Default,21,3,3,3,3,3,3,3,1582
,Take Action  heymynamestreysb3,25,2,4,2,3,2,2,4,2,4,6,1,12,0,None,Default,17,2,3,2,3,2,2,3,462
,Saving earth with quizsb3,13,1,1,1,1,1,2,4,2,0,0,0,0,3,None,Default,10,1,1,1,1,1,2,3,111
,Zach and Nicosb3,23,1,4,1,3,2,2,4,2,4,2,3,0,1,None,Default,15,1,3,1,3,2,2,3,210
,factorysb3,23,1,4,1,3,2,2,4,2,4,2,3,0,1,None,Default,15,1,3,1,3,2,2,3,114
,Climate tower defensesb3,33,3,4,4,3,4,3,4,4,4,2,39,2,1,None,Default,21,3,3,3,3,3,3,3,692
,Click the carssb3,22,1,4,1,3,2,2,4,2,3,0,0,0,2,None,Default,15,1,3,1,3,2,2,3,523
,Climate Change Game2sb3,13,1,2,0,1,2,2,1,0,4,0,4,26,2,None,Default,9,1,2,0,1,2,2,1,435
,GuySoniaLower the Carbonsb3,26,1,4,4,4,3,2,4,2,2,0,0,0,0,None,Default,18,1,3,3,3,3,2,3,467
,Pet Earthsb3,10,1,2,1,0,1,2,1,0,2,0,0,4,5,None,Default,8,1,2,1,0,1,2,1,78
,Stacys Adventuresb3,18,1,4,0,3,2,2,2,0,4,0,2,5,0,None,Default,13,1,3,0,3,2,2,2,226
,PAPA PETEYS PRODUCT PRODUCTIONERIAsb3,28,1,4,4,4,2,2,4,3,4,7,5,16,14,None,Default,17,1,3,3,3,2,2,3,754
,The Battle Against Radiationsb3,16,1,4,1,3,2,2,1,0,2,0,0,0,1,None,Default,13,1,3,1,3,2,2,1,135
,Tysonsb3,17,3,4,0,3,1,2,1,0,3,0,0,0,1,None,Default,13,3,3,0,3,1,2,1,149
,Adventures of TreeGuysb3,32,4,4,4,3,3,3,4,3,4,4,3,1,1,None,Default,21,3,3,3,3,3,3,3,809
,Save the Earthsb3,24,4,3,1,2,2,2,4,2,4,0,1,0,0,None,Default,16,3,3,1,2,2,2,3,59
,Preventing Climate Change Emeraldsb3,18,1,4,0,3,1,4,2,0,3,0,0,27,1,None,Default,13,1,3,0,3,1,3,2,422
,AhmetOfersb3,15,1,1,0,3,2,2,4,0,2,3,5,3,1,None,Default,12,1,1,0,3,2,2,3,660
,Ice Pongsb3,17,1,1,1,2,2,2,4,2,2,6,2,0,0,None,Default,12,1,1,1,2,2,2,3,236
,Project I guesssb3,4,0,0,0,0,1,2,1,0,0,0,0,1,1,None,Default,4,0,0,0,0,1,2,1,6
,Kendel and Bens gamesb3,18,1,4,1,3,1,2,4,2,0,0,0,6,0,None,Default,14,1,3,1,3,1,2,3,273
,Save The Trees3sb3,23,1,4,1,3,2,2,4,2,4,0,0,15,2,None,Default,15,1,3,1,3,2,2,3,554
,help the polar bearsb3,20,1,4,1,2,2,2,4,2,2,0,3,0,0,None,Default,14,1,3,1,2,2,2,3,63
,Collect the CO2sb3,23,1,4,1,3,4,3,4,2,1,12,3,11,4,None,Default,17,1,3,1,3,3,3,3,341
,STOP THOSE CARSsb3,25,4,3,2,2,2,2,4,3,3,0,2,0,1,None,Default,17,3,3,2,2,2,2,3,109
,Climate Valleysb3,25,1,4,4,4,2,3,4,2,1,7,5,6,1,None,Default,18,1,3,3,3,2,3,3,578
,Preventing CO2 from coming into the Earthsb3,18,1,1,1,3,2,2,4,2,2,0,3,1,0,None,Default,13,1,1,1,3,2,2,3,115
,Sydney  Daniella gamesb3,23,4,4,0,3,4,2,2,0,4,0,5,0,1,None,Default,16,3,3,0,3,3,2,2,247
,The Carbon Challengesb3,28,1,4,4,3,4,2,4,2,4,0,0,3,1,None,Default,18,1,3,3,3,3,2,3,393
,Nic Austin Animation Challengesb3,10,1,0,0,1,2,2,1,0,3,0,1,1,3,None,Default,7,1,0,0,1,2,2,1,19
,Anjali and Mariana3sb3,29,4,4,1,3,3,4,4,2,4,2,1,3,0,None,Default,19,3,3,1,3,3,3,3,463
,Trees vs The Worldsb3,18,1,4,1,3,2,2,1,0,4,4,1,0,0,None,Default,13,1,3,1,3,2,2,1,93
,Infrared Invasionsb3,20,1,2,1,3,2,2,4,2,3,0,0,1,1,None,Default,14,1,2,1,3,2,2,3,188
,Latifah MSophie NAva Msb3,21,2,4,1,3,2,2,4,2,1,0,5,3,1,None,Default,16,2,3,1,3,2,2,3,158
,Save the Amazonsb3,24,1,4,4,3,2,3,4,2,1,6,9,6,2,None,Default,18,1,3,3,3,2,3,3,499
,Factory Builder 2000sb3,27,1,4,4,3,3,3,4,2,3,0,2,14,3,None,Default,19,1,3,3,3,3,3,3,492
,Saving The Earth One Seed At A Timesb3,21,1,4,1,3,2,2,4,0,4,0,4,6,1,None,Default,15,1,3,1,3,2,2,3,813
,Modes of Transportation affects on climate changesb3,24,1,4,1,3,3,3,4,2,3,0,0,4,2,None,Default,17,1,3,1,3,3,3,3,421
,Becca and Alana Climate changesb3,22,1,4,1,3,2,2,4,2,3,0,0,62,0,None,Default,15,1,3,1,3,2,2,3,715
,Forestsb3,28,4,4,1,3,4,3,4,2,3,2,2,0,4,None,Default,19,3,3,1,3,3,3,3,821
,Heat Havocsb3,28,3,4,4,3,2,2,4,2,4,0,5,2,2,None,Default,19,3,3,3,3,2,2,3,206
,Sinking Penguinsb3,19,1,1,4,2,2,1,4,2,2,0,0,0,0,None,Default,13,1,1,3,2,2,1,3,44
,What can we dosb3,25,2,4,2,3,2,2,4,2,4,0,1,2,1,None,Default,17,2,3,2,3,2,2,3,221
,ice saversb3,19,3,4,1,3,1,2,1,0,4,0,1,2,2,None,Default,14,3,3,1,3,1,2,1,339
,Melting Glacierssb3,20,1,2,1,3,3,2,4,3,1,0,3,9,1,None,Default,15,1,2,1,3,3,2,3,308
,Plant Man IVsb3,28,3,4,4,2,3,2,4,2,4,0,122,2,0,None,Default,19,3,3,3,2,3,2,3,4138
,SophieDante Animation Challengesb3,10,1,2,0,1,2,2,1,0,1,0,0,2,0,None,Default,9,1,2,0,1,2,2,1,29
,Adventure Through the House  Climate Changesb3,23,3,4,1,3,1,4,4,2,1,0,0,1,0,None,Default,17,3,3,1,3,1,3,3,250
,Solar Radiationsb3,22,1,4,1,3,2,3,4,2,2,0,3,3,0,None,Default,16,1,3,1,3,2,3,3,121
,Helen Luci Animation Challengesb3,11,1,1,1,2,1,1,1,0,3,0,0,0,1,None,Default,8,1,1,1,2,1,1,1,66
,Windmill project ava and lilly scratchsb3,17,1,4,0,3,2,2,1,0,4,0,0,0,0,None,Default,12,1,3,0,3,2,2,1,277
,Dont break the ice remix emily and maddiesb3,20,1,4,1,3,2,2,4,2,1,2,1,20,1,None,Default,15,1,3,1,3,2,2,3,519
,Sammie and Alex Carbon Cycle Projectsb3,27,2,4,4,3,2,3,4,2,3,2,2,4,4,None,Default,19,2,3,3,3,2,3,3,388
,Save The Atmospheresb3,20,1,1,1,3,2,2,4,2,4,0,24,1,0,None,Default,13,1,1,1,3,2,2,3,180
,Lex Gigi Animation Challengesb3,15,1,4,1,3,2,2,1,0,1,0,4,5,1,None,Default,13,1,3,1,3,2,2,1,57
,Dont Go With The Flowsb3,25,2,4,1,3,3,2,4,2,4,0,0,4,2,None,Default,17,2,3,1,3,3,2,3,175
,Space Game 1 Climate Changesb3,31,4,4,4,3,2,4,4,2,4,2,13,9,8,None,Default,20,3,3,3,3,2,3,3,561
,Molly and Alishbas scratch science game  copy2 copy copy copysb3,13,1,4,0,3,1,2,1,0,1,0,0,0,1,None,Default,11,1,3,0,3,1,2,1,172
,Climate Clicker Realsedsb3,21,2,3,2,1,2,2,4,2,3,0,10,8,1,None,Default,15,2,3,2,1,2,2,3,177
,Untitled24sb3,11,0,0,1,1,1,2,4,2,0,0,0,0,0,None,Default,8,0,0,1,1,1,2,3,93
,CAUSATION EVASIONsb3,20,1,1,2,1,3,2,4,2,4,34,2,0,1,None,Default,13,1,1,2,1,3,2,3,486
,Beat the Robotsb3,20,1,4,1,3,2,2,4,2,1,0,0,1,0,None,Default,15,1,3,1,3,2,2,3,64
,Climate Change with BOIKSsb3,21,1,4,2,2,3,2,4,2,1,0,2,14,0,None,Default,16,1,3,2,2,3,2,3,323
,SOPHIA AND MADDIEsb3,19,2,1,1,3,2,2,4,0,4,0,2,0,1,None,Default,14,2,1,1,3,2,2,3,110
,venice overflowwwsb3,13,1,1,1,3,2,2,1,0,2,0,2,9,0,None,Default,11,1,1,1,3,2,2,1,26
,Game John And Harrysb3,18,1,4,1,3,2,2,4,0,1,8,0,2,3,None,Default,15,1,3,1,3,2,2,3,108
,Flood the Worldsb3,19,1,4,1,3,2,2,4,2,0,0,0,1,0,None,Default,15,1,3,1,3,2,2,3,152
,Sydra and Naylasb3,20,1,4,1,3,1,3,4,2,1,4,1,10,0,None,Default,15,1,3,1,3,1,3,3,545
,ENOZO STOPPERsb3,13,1,1,1,2,2,2,2,0,2,0,3,1,1,None,Default,11,1,1,1,2,2,2,2,45
,The Choicesb3,22,1,2,2,3,3,2,4,2,3,0,2,3,0,None,Default,16,1,2,2,3,3,2,3,353
,Cool Climate Gamesb3,23,1,4,1,2,2,3,4,2,4,2,0,0,0,None,Default,15,1,3,1,2,2,3,3,646
,Aji Jesu Gamesb3,34,4,4,4,4,4,4,4,2,4,13,12,9,10,None,Default,21,3,3,3,3,3,3,3,1151
,Building wackamole in the city of Hainsborosb3,18,1,4,1,2,2,2,4,2,0,0,0,0,1,None,Default,14,1,3,1,2,2,2,3,170
,Zaras Co2 Adventure Minaya and Danielsb3,16,1,4,1,3,2,2,2,0,1,0,2,1,0,None,Default,14,1,3,1,3,2,2,2,185
,Save the polar bears NOWsb3,25,4,4,1,3,2,2,4,2,3,0,0,1,2,None,Default,17,3,3,1,3,2,2,3,81
,Hudson Animation Challengesb3,13,1,3,0,2,2,1,1,0,3,0,0,0,0,None,Default,10,1,3,0,2,2,1,1,28
,Emily and haley Greenhouse effectsb3,20,1,4,1,3,2,3,4,2,0,0,0,38,2,None,Default,16,1,3,1,3,2,3,3,691
,the climate change simulationsb3,27,1,4,4,3,3,3,4,2,3,0,0,0,0,None,Default,19,1,3,3,3,3,3,3,214
,Tess and Nicole mitigamesb3,26,4,4,1,3,3,2,4,2,3,2,3,0,0,None,Default,18,3,3,1,3,3,2,3,147
,Science Gamesb3,23,4,4,1,3,2,2,4,2,1,0,1,21,1,None,Default,17,3,3,1,3,2,2,3,442
,Carbon Footprint Gamesb3,23,1,4,1,3,4,3,4,2,1,0,3,5,4,None,Default,17,1,3,1,3,3,3,3,189
,Harrison And Constantinossb3,25,1,4,4,4,2,2,4,2,2,0,1,2,1,None,Default,17,1,3,3,3,2,2,3,352
,government simulatorsb3,25,3,4,1,2,2,3,4,2,4,8,13,7,5,None,Default,17,3,3,1,2,2,3,3,2381
,Ruler of the Citysb3,22,1,4,2,4,2,2,4,2,1,0,0,17,3,None,Default,16,1,3,2,3,2,2,3,371
,sb3,27,3,3,4,3,2,2,4,2,4,0,0,3,3,None,Default,19,3,3,3,3,2,2,3,107
,Albedo Barriersb3,27,2,4,4,3,3,2,4,2,3,0,1,3,8,None,Default,19,2,3,3,3,3,2,3,205
,CO2 frsb3,20,1,2,1,3,3,2,4,2,2,2,9,1,1,None,Default,15,1,2,1,3,3,2,3,112
,Car Gamesb3,23,1,4,1,3,2,2,4,2,4,2,1,1,0,None,Default,15,1,3,1,3,2,2,3,148
,Deforestation Gamesb3,31,4,4,4,3,2,4,4,4,2,2,5,0,1,None,Default,20,3,3,3,3,2,3,3,676
,Potatos adventuresb3,21,1,4,2,3,2,2,4,2,1,4,1,5,3,None,Default,16,1,3,2,3,2,2,3,295
,Plants vs Co2sb3,25,2,4,1,4,2,3,4,2,3,4,5,2,1,None,Default,17,2,3,1,3,2,3,3,378
,Trees vs LumberJacksb3,24,1,4,1,3,2,4,4,2,3,8,5,0,3,None,Default,16,1,3,1,3,2,3,3,560
,IvGroup7s2 Max Dylansb3,22,1,1,4,3,2,2,4,2,3,4,1,9,1,None,Default,15,1,1,3,3,2,2,3,184
,World and Climate Changing Game2sb3,25,3,3,2,2,4,2,4,2,3,0,1,1,0,None,Default,18,3,3,2,2,3,2,3,125
,Global Warmingsb3,22,1,4,1,3,3,3,4,2,1,3,0,15,8,None,Default,17,1,3,1,3,3,3,3,323
,The Polar Bearsb3,25,1,4,4,4,3,2,4,2,1,0,0,7,4,None,Default,18,1,3,3,3,3,2,3,622
,Co2 DASHsb3,24,1,4,1,3,2,3,4,2,4,0,2,7,1,None,Default,16,1,3,1,3,2,3,3,238
,Climate Change and the CO2 Succasb3,25,1,4,1,3,4,3,4,2,3,0,0,0,1,None,Default,17,1,3,1,3,3,3,3,181
,Cut it outsb3,27,4,3,2,2,4,2,4,2,4,0,9,0,0,None,Default,18,3,3,2,2,3,2,3,161
,Neo Jonathansb3,16,1,4,0,3,2,2,1,0,3,4,0,4,0,None,Default,12,1,3,0,3,2,2,1,56
,Tree Project  Elizabeth and Victoriasb3,14,1,4,0,3,1,4,1,0,0,8,0,2,1,None,Default,12,1,3,0,3,1,3,1,198
,New Day New Fishsb3,20,1,4,2,3,2,2,2,0,4,2,1,4,0,None,Default,15,1,3,2,3,2,2,2,576
,Co2 Survivalsb3,25,4,4,1,3,2,2,4,2,3,0,2,2,0,None,Default,17,3,3,1,3,2,2,3,629
,Evan and Mitchsb3,12,1,4,0,2,1,2,2,0,0,0,0,0,0,None,Default,11,1,3,0,2,1,2,2,115
,Adventures Through Icesb3,25,2,4,1,4,3,2,4,2,3,18,2,0,1,None,Default,17,2,3,1,3,3,2,3,689
,scratch projectsb3,16,1,4,1,3,2,2,2,0,1,7,2,0,2,None,Default,14,1,3,1,3,2,2,2,199
,trash collectsb3,24,1,4,2,3,2,2,4,2,4,0,5,0,0,None,Default,16,1,3,2,3,2,2,3,180
,Fighting Emissionssb3,27,4,4,1,3,4,2,4,2,3,0,10,0,6,None,Default,18,3,3,1,3,3,2,3,168
,KARINE AND LANCEsb3,30,3,4,4,3,4,2,4,2,4,0,1,1,4,None,Default,20,3,3,3,3,3,2,3,182
,JakeJaleikaAnimationChallengesb3,10,1,1,0,2,1,1,1,0,3,0,0,0,0,None,Default,7,1,1,0,2,1,1,1,15
,Deforestation Game2sb3,19,3,4,1,4,3,2,1,0,1,6,0,21,2,None,Default,16,3,3,1,3,3,2,1,703
,Carbon Clickersb3,17,1,4,1,3,2,2,2,0,2,0,1,25,0,None,Default,14,1,3,1,3,2,2,2,595
,Save Ussb3,22,1,4,1,3,2,4,4,2,1,0,0,23,2,None,Default,16,1,3,1,3,2,3,3,563
,Trees vs CO2sb3,24,1,4,1,3,4,2,4,2,3,2,0,10,0,None,Default,16,1,3,1,3,3,2,3,332
,CO2 Footprintssb3,28,2,4,4,3,3,2,4,2,4,18,1,22,0,None,Default,19,2,3,3,3,3,2,3,978
,Save The Treessb3,26,3,4,1,3,4,2,4,2,3,0,1,2,0,None,Default,18,3,3,1,3,3,2,3,336
,Industry Interloperssb3,17,1,1,1,3,2,2,4,2,1,0,0,0,1,None,Default,13,1,1,1,3,2,2,3,559
,Erez and Eriksb3,30,2,4,4,4,4,4,4,2,2,2,1,3,0,None,Default,20,2,3,3,3,3,3,3,850
,Chasing CO2sb3,20,1,1,1,4,2,1,4,2,4,0,2,0,1,None,Default,12,1,1,1,3,2,1,3,142
,Climate Change Game5sb3,24,2,4,1,3,4,2,4,2,2,0,0,8,2,None,Default,17,2,3,1,3,3,2,3,214
,Deflecting UV Rayssb3,12,1,1,1,2,2,2,2,0,1,0,0,2,1,None,Default,11,1,1,1,2,2,2,2,46
,Fortnitesb3,23,2,4,1,3,2,2,4,2,3,61,7,4,0,None,Default,16,2,3,1,3,2,2,3,161
,climate change sort gamesb3,11,1,2,1,0,2,2,2,0,1,0,0,0,1,None,Default,10,1,2,1,0,2,2,2,153
,Can you balance climate changesb3,22,2,4,1,3,3,2,4,2,1,0,7,4,1,None,Default,17,2,3,1,3,3,2,3,236
,Saving Antarcticasb3,23,1,4,1,3,2,2,4,2,4,0,1,1,2,None,Default,15,1,3,1,3,2,2,3,193
,Save the Penguinssb3,16,1,4,1,3,1,2,1,0,3,10,0,2,2,None,Default,12,1,3,1,3,1,2,1,670
,sean and joshsb3,18,1,4,1,3,2,2,1,0,4,4,4,1,1,None,Default,13,1,3,1,3,2,2,1,271
,Carbon Mazesb3,17,1,4,1,3,2,2,1,0,3,11,1,1,0,None,Default,13,1,3,1,3,2,2,1,850
,CL LL climate change gamesb3,17,1,2,1,0,2,2,4,2,3,2,0,3,0,None,Default,11,1,2,1,0,2,2,3,35
,What humans can dosb3,20,1,4,1,3,2,2,4,2,1,2,0,11,0,None,Default,15,1,3,1,3,2,2,3,193
,Climate Clicker2sb3,22,1,4,2,3,2,3,4,2,1,0,14,3,0,None,Default,17,1,3,2,3,2,3,3,728
,Untitled22sb3,11,1,2,0,3,2,2,1,0,0,2,0,1,0,None,Default,11,1,2,0,3,2,2,1,165
,Sarita Gabe Gamesb3,29,1,4,4,4,4,2,4,2,4,0,1,4,0,None,Default,18,1,3,3,3,3,2,3,551
,Climate Jumpersb3,21,1,1,4,1,2,2,4,2,4,0,1,4,1,None,Default,13,1,1,3,1,2,2,3,407
,Reforestation and Deforestation Saving this landsb3,20,1,4,1,3,2,2,4,0,3,0,0,5,0,None,Default,15,1,3,1,3,2,2,3,861
,Atmosphere Pongsb3,13,1,1,1,2,2,2,2,0,2,0,0,0,0,None,Default,11,1,1,1,2,2,2,2,44
,Christmas Chaossb3,23,1,4,4,3,2,2,4,3,0,0,0,0,0,None,Default,17,1,3,3,3,2,2,3,187
,OliviaEmilyAnimaionChalllengesb3,5,0,0,0,1,1,2,1,0,0,0,0,0,0,None,Default,5,0,0,0,1,1,2,1,16
,Save the polar bearsb3,19,1,3,2,2,2,2,4,3,0,0,0,0,0,None,Default,15,1,3,2,2,2,2,3,122
,Averys Lifesb3,20,1,4,1,3,2,2,4,2,1,4,7,4,1,None,Default,15,1,3,1,3,2,2,3,355
,Save the penguin sb3,15,1,1,1,0,2,2,4,0,4,0,0,0,8,None,Default,10,1,1,1,0,2,2,3,54
,Save Blue Town from Rising Temperaturesb3,15,1,2,1,2,1,2,4,2,0,5,4,3,1,None,Default,12,1,2,1,2,1,2,3,101
,This Sea Level Rise is Terriblesb3,23,1,4,1,3,4,3,4,2,1,4,0,0,0,None,Default,17,1,3,1,3,3,3,3,236
,Climate Change Game8sb3,24,1,4,2,3,3,3,4,2,2,2,1,0,0,None,Default,18,1,3,2,3,3,3,3,285
,climate change project finishedsb3,23,1,4,4,3,2,2,4,2,1,0,1,13,0,None,Default,17,1,3,3,3,2,2,3,304
,The Green House Gamesb3,20,1,4,1,3,2,2,4,2,1,0,0,1,0,None,Default,15,1,3,1,3,2,2,3,112
,The Climate Gamesb3,26,4,4,0,3,3,2,4,2,4,22,0,0,0,None,Default,17,3,3,0,3,3,2,3,1877
,Science Projectsb3,18,1,2,1,3,2,2,4,2,1,0,0,1,1,None,Default,14,1,2,1,3,2,2,3,1047
,Leaf Me Alone Carboncomnetorgioexemp3mp4sb3,29,4,3,4,2,3,3,4,2,4,2,1,1,0,None,Default,20,3,3,3,2,3,3,3,186
,save the penguinsb3,13,1,4,1,3,1,2,1,0,0,0,0,0,0,None,Default,12,1,3,1,3,1,2,1,95
,David  Petersb3,23,1,4,1,3,2,2,4,2,4,0,14,3,6,None,Default,15,1,3,1,3,2,2,3,586
,Maggie and Shveni Water Cycle Gamesb3,15,1,4,0,3,1,2,1,0,3,0,0,2,0,None,Default,11,1,3,0,3,1,2,1,82
,jabbysb3,19,1,3,1,3,2,1,4,2,2,0,0,1,3,None,Default,14,1,3,1,3,2,1,3,51
, Cow Fartopia  DEMOsb3,20,1,2,1,3,2,2,4,2,3,0,0,2,1,None,Default,14,1,2,1,3,2,2,3,287
,Gil Avieli and Sam Atallasb3,23,1,4,1,3,2,2,4,2,4,0,28,3,2,None,Default,15,1,3,1,3,2,2,3,217
,EszterJordansb3,28,3,4,4,4,2,2,4,2,3,3,1,0,1,None,Default,19,3,3,3,3,2,2,3,387
,Mitigation Gamesb3,16,1,2,1,2,2,2,4,2,0,0,0,2,1,None,Default,13,1,2,1,2,2,2,3,134
,capture the CO2sb3,13,1,2,1,1,2,2,1,0,3,0,0,0,1,None,Default,10,1,2,1,1,2,2,1,111
,Ryan D and Weller B CC Gamesb3,25,2,3,4,2,2,2,4,2,4,2,0,2,1,None,Default,17,2,3,3,2,2,2,3,193
,Isabella and Sarah3sb3,23,1,4,4,3,3,2,2,0,4,0,2,1,4,None,Default,17,1,3,3,3,3,2,2,622
,Save The Fishsb3,22,1,4,1,3,2,2,4,2,3,3,1,0,0,None,Default,15,1,3,1,3,2,2,3,397
,Bikes over carssb3,23,2,4,1,3,2,2,4,2,3,4,0,0,0,None,Default,16,2,3,1,3,2,2,3,660
,Super Carbon Brossb3,26,1,4,2,3,4,2,4,2,4,5,2,1,2,None,Default,17,1,3,2,3,3,2,3,248
,Garrett and Justins banger projectsb3,24,1,4,1,3,4,2,4,2,3,0,2,2,0,None,Default,16,1,3,1,3,3,2,3,249
,Choices of the Playersb3,18,1,4,0,3,1,4,2,0,3,0,2,1,0,None,Default,13,1,3,0,3,1,3,2,152
,Penguin gamesb3,20,1,4,0,3,4,2,2,0,4,0,1,0,1,None,Default,14,1,3,0,3,3,2,2,367
,trees and stuffsb3,18,1,2,1,2,2,2,4,2,2,0,0,0,0,None,Default,13,1,2,1,2,2,2,3,216
,Deforestation2sb3,17,1,4,1,3,2,2,2,0,2,2,3,3,6,None,Default,14,1,3,1,3,2,2,2,132
,Gabe Umut2sb3,19,1,4,0,3,2,2,4,2,1,5,0,0,2,None,Default,14,1,3,0,3,2,2,3,228
,Andrew  Wills Scratch Game Save The Worldsb3,24,1,4,1,3,3,2,4,2,4,0,1,0,0,None,Default,16,1,3,1,3,3,2,3,1775
,Jocey and Natashasb3,18,1,4,1,3,2,2,2,0,3,0,0,2,3,None,Default,14,1,3,1,3,2,2,2,88
,Save the Citysb3,18,1,4,1,3,2,2,2,0,3,0,0,3,0,None,Default,14,1,3,1,3,2,2,2,92
,Climate Clikerzsb3,16,1,1,1,3,2,2,4,2,0,0,0,0,0,None,Default,13,1,1,1,3,2,2,3,90
,climate change Co2sb3,23,1,4,1,3,3,2,4,2,3,10,3,0,1,None,Default,16,1,3,1,3,3,2,3,246
,climate change pongsb3,24,1,4,4,3,2,2,4,2,2,0,0,0,1,None,Default,17,1,3,3,3,2,2,3,159
,trinity  emma animation challengesb3,3,0,0,0,1,1,1,0,0,0,0,0,5,1,None,Default,3,0,0,0,1,1,1,0,7
,Meat Defeatsb3,24,1,4,1,3,2,3,4,2,4,0,6,9,1,None,Default,16,1,3,1,3,2,3,3,410
,Joe and Charlie Final Projectsb3,21,1,2,1,3,2,2,4,2,4,0,1,0,1,None,Default,14,1,2,1,3,2,2,3,197
,Jackson and Qs Scratch Projectsb3,19,1,4,1,3,2,2,2,0,4,0,1,4,0,None,Default,14,1,3,1,3,2,2,2,99
,Terrific Treesb3,22,2,3,1,3,2,2,4,2,3,0,0,1,0,None,Default,16,2,3,1,3,2,2,3,42
,Adeventures of Albedude sb3,13,1,1,1,1,2,2,2,0,3,0,0,25,2,None,Default,10,1,1,1,1,2,2,2,611
,Polar bear emerald3asb3,20,1,3,4,3,1,2,4,2,0,0,8,0,0,None,Default,16,1,3,3,3,1,2,3,68
,AirManiasb3,32,3,4,4,4,4,3,4,2,4,6,28,9,0,None,Default,21,3,3,3,3,3,3,3,435
,Decopositionsb3,17,1,1,4,1,2,2,1,1,4,0,8,0,0,None,Default,11,1,1,3,1,2,2,1,54
,Zach Chase gamesb3,23,1,4,1,3,3,2,4,2,3,0,1,4,3,None,Default,16,1,3,1,3,3,2,3,451
,Jadon Ethan animation challengesb3,9,1,2,0,2,1,2,1,0,0,0,0,3,1,None,Default,9,1,2,0,2,1,2,1,24
,smol beansb3,19,2,4,1,3,2,2,2,0,3,0,0,3,2,None,Default,15,2,3,1,3,2,2,2,79
,Be Green  or Be Clean environmentally speakingsb3,17,3,4,0,2,2,2,1,0,3,2,1,0,1,None,Default,13,3,3,0,2,2,2,1,304
,Climate Change Game10sb3,18,1,2,1,3,2,2,4,2,1,0,0,0,0,None,Default,14,1,2,1,3,2,2,3,138
,Save the Oceansb3,23,1,4,1,4,2,2,4,2,3,0,0,0,3,None,Default,15,1,3,1,3,2,2,3,287
,Climate Change projectsb3,20,1,4,1,2,3,2,4,2,1,0,0,0,2,None,Default,15,1,3,1,2,3,2,3,135
,climate change game2sb3,13,1,4,0,3,2,2,1,0,0,0,1,0,1,None,Default,12,1,3,0,3,2,2,1,119
,Climate Change Game7sb3,26,1,4,4,3,4,2,4,0,4,0,0,0,1,None,Default,18,1,3,3,3,3,2,3,289
,CO2 destroyersb3,18,1,4,1,3,3,2,1,0,3,3,0,9,6,None,Default,14,1,3,1,3,3,2,1,224
,Lilli and Shanae Climate Change Gamesb3,20,1,4,1,3,2,2,4,2,1,13,0,0,0,None,Default,15,1,3,1,3,2,2,3,207
,Climate change Dari AFsb3,29,3,4,4,4,3,3,4,2,2,4,49,0,0,None,Default,21,3,3,3,3,3,3,3,2299
,Recyclemansb3,30,1,4,4,3,4,4,4,2,4,0,3,0,1,None,Default,19,1,3,3,3,3,3,3,1422
,Humanity vs Carbon vs Plants Nolan and Chimasb3,29,2,4,4,4,4,2,4,2,3,9,5,33,3,None,Default,19,2,3,3,3,3,2,3,1180
,PlanetSaving with Parker transportationstrategysb3,26,1,4,1,3,4,4,4,2,3,0,6,8,2,None,Default,17,1,3,1,3,3,3,3,274
,The Best Game Youve Ever Played No Guarenteesb3,24,4,4,1,3,3,2,4,2,1,2,0,40,13,None,Default,18,3,3,1,3,3,2,3,927
,Substantial Farming Simulatorsb3,20,1,4,1,3,2,2,4,2,1,0,1,0,0,None,Default,15,1,3,1,3,2,2,3,155
,Brendan and Nathans projectsb3,21,1,4,1,4,2,3,4,2,0,4,0,0,28,None,Default,16,1,3,1,3,2,3,3,467
,Car or Bikesb3,23,1,4,1,3,2,2,4,2,4,0,0,2,7,None,Default,15,1,3,1,3,2,2,3,354
,extreme climatesb3,19,1,4,0,3,2,2,1,3,3,0,0,1,4,None,Default,12,1,3,0,3,2,2,1,146
,Eujin and Juliasb3,27,3,4,4,3,3,2,4,3,1,0,12,48,1,None,Default,20,3,3,3,3,3,2,3,1170
,Co2 Clouds Gamesb3,22,1,4,1,3,2,2,4,2,3,0,0,0,0,None,Default,15,1,3,1,3,2,2,3,269
,Climate Change Project2sb3,20,1,2,1,3,2,2,4,2,3,0,3,20,4,None,Default,14,1,2,1,3,2,2,3,644
,Climate changesb3,22,2,3,1,1,3,2,4,3,3,0,0,2,0,None,Default,15,2,3,1,1,3,2,3,45
,KevinBen Animation Challengesb3,13,1,3,0,3,1,1,1,0,3,0,0,2,0,None,Default,10,1,3,0,3,1,1,1,42
,Polar Savingsb3,29,4,4,4,3,2,2,4,2,4,0,4,9,0,None,Default,19,3,3,3,3,2,2,3,183
,Rambunctious Recyclingsb3,19,1,2,1,2,4,2,4,2,1,0,4,0,1,None,Default,14,1,2,1,2,3,2,3,331
,Crab runnersb3,29,4,4,2,4,2,4,4,2,3,0,6,2,1,None,Default,19,3,3,2,3,2,3,3,254
,Roy A Life Well Livedsb3,14,1,4,0,3,1,2,1,0,2,0,0,0,0,None,Default,11,1,3,0,3,1,2,1,194
,ice tray albedo editionsb3,18,1,3,1,2,2,1,4,2,2,0,1,0,1,None,Default,13,1,3,1,2,2,1,3,81
,puffs of smokesb3,23,1,4,1,2,2,3,4,2,4,0,4,0,3,None,Default,15,1,3,1,2,2,3,3,284
,Climate Controlsb3,22,3,4,1,3,2,2,4,2,1,0,0,1,0,None,Default,17,3,3,1,3,2,2,3,186
,Help Save the Earthsb3,17,1,4,0,3,2,2,2,0,3,0,0,0,1,None,Default,13,1,3,0,3,2,2,2,331
,Dodge Duck and Jumpsb3,22,2,4,2,2,2,2,4,2,2,0,1,1,0,None,Default,16,2,3,2,2,2,2,3,98
,Science Project radiationsb3,29,1,4,4,3,3,4,4,2,4,2,0,12,0,None,Default,19,1,3,3,3,3,3,3,304
,Greenhouse Affectsb3,25,1,4,1,3,3,3,4,2,4,2,0,2,1,None,Default,17,1,3,1,3,3,3,3,328
,Comfortable Climate sb3,23,1,4,1,3,3,2,4,2,3,0,2,11,3,None,Default,16,1,3,1,3,3,2,3,235
,Earth Vs Climate change Dodge ball gamesb3,21,1,4,1,3,2,2,4,2,2,12,1,1,0,None,Default,15,1,3,1,3,2,2,3,196
,Welcome to the Greenhousesb3,20,1,0,2,3,2,2,4,2,4,0,0,1,0,None,Default,13,1,0,2,3,2,2,3,67
,crazy cowssb3,23,1,4,1,3,2,2,4,2,4,2,8,15,0,None,Default,15,1,3,1,3,2,2,3,465
,CO2 Gamesb3,19,1,1,1,2,2,2,4,2,4,4,5,4,0,None,Default,12,1,1,1,2,2,2,3,108
,Climate Change Pong Finished Versionsb3,23,3,4,1,3,2,2,4,2,2,0,0,4,4,None,Default,17,3,3,1,3,2,2,3,171
,Watersb3,14,1,1,1,3,2,2,1,0,3,15,0,2,1,None,Default,11,1,1,1,3,2,2,1,578
,Dat Albedosb3,15,1,1,1,3,2,2,2,0,3,61,0,2,1,None,Default,12,1,1,1,3,2,2,2,1790
,Garden Simulator 2k17sb3,23,1,4,4,3,2,2,4,2,1,0,0,8,0,None,Default,17,1,3,3,3,2,2,3,205
,A Day of Choicessb3,15,1,4,0,3,1,2,1,0,3,4,0,0,0,None,Default,11,1,3,0,3,1,2,1,229
,Lily and Lizas Project Deforestationsb3,15,1,1,2,1,2,2,2,0,4,0,0,0,1,None,Default,11,1,1,2,1,2,2,2,290
,Cow catch gamesb3,20,1,1,1,3,2,2,4,2,4,0,0,1,1,None,Default,13,1,1,1,3,2,2,3,60
,Factory Pollutionsb3,24,4,3,1,3,3,2,4,2,2,0,0,1,1,None,Default,18,3,3,1,3,3,2,3,65
,Save the Fishysb3,18,3,2,1,3,2,2,1,0,4,0,1,0,0,None,Default,14,3,2,1,3,2,2,1,222
,JacksonNatalieprojectsb3,26,1,4,4,3,2,2,4,2,4,0,0,2,2,None,Default,17,1,3,3,3,2,2,3,173
,Artem Tsukasasb3,20,1,3,2,1,3,3,4,2,1,6,4,22,7,None,Default,16,1,3,2,1,3,3,3,321
,Tom and Mahbod Climate Change Gamesb3,31,4,4,4,4,4,3,4,2,2,4,7,1,2,None,Default,21,3,3,3,3,3,3,3,917
,welknkmCX lkSD ow EVIw oP iwblkNSFPVONsb3,25,1,4,4,3,2,2,4,2,3,0,6,1,2,None,Default,17,1,3,3,3,2,2,3,290
,Lizzy  Sydneys Gamesb3,22,2,3,1,3,2,2,4,2,3,0,0,0,0,None,Default,16,2,3,1,3,2,2,3,76
,Destroy the Worldsb3,18,1,1,1,3,2,2,4,2,2,0,6,0,4,None,Default,13,1,1,1,3,2,2,3,115
,Maroon2018C9sb3,20,1,3,1,3,2,2,4,2,2,0,4,1,1,None,Default,15,1,3,1,3,2,2,3,138
,climate change gamesb3,13,1,4,0,3,2,2,1,0,0,0,1,0,1,None,Default,12,1,3,0,3,2,2,1,119
,Sydney Forristall and Samuel Gordonsb3,21,1,4,1,3,2,2,4,2,2,4,1,3,5,None,Default,15,1,3,1,3,2,2,3,132
,Reflecting Ice Projectsb3,20,1,4,1,3,2,1,4,2,2,0,0,0,0,None,Default,14,1,3,1,3,2,1,3,120
,Guardian of the Forestsb3,24,1,4,2,3,2,3,4,2,3,2,0,0,0,None,Default,17,1,3,2,3,2,3,3,249
,This World Is Crumbling TWICsb3,21,1,4,1,2,2,2,4,2,3,4,0,0,4,None,Default,14,1,3,1,2,2,2,3,339
,Mitigation Mastersb3,23,1,4,1,4,4,3,4,2,0,2,2,0,0,None,Default,17,1,3,1,3,3,3,3,1144
,TreezRKoolsb3,21,1,4,1,3,2,3,4,2,1,0,0,1,3,None,Default,16,1,3,1,3,2,3,3,74
,SpAcE pOnGsb3,18,3,2,1,2,2,2,4,0,2,0,1,1,0,None,Default,15,3,2,1,2,2,2,3,116
,Game Thingysb3,16,1,4,1,3,2,2,2,0,1,2,0,3,0,None,Default,14,1,3,1,3,2,2,2,169
,Troubled Waterssb3,23,1,4,1,3,2,2,4,2,4,0,0,5,0,None,Default,15,1,3,1,3,2,2,3,246
,Hydrosphere Box Gamesb3,17,1,3,1,3,2,4,2,0,1,0,4,0,0,None,Default,15,1,3,1,3,2,3,2,127
,Liam and Sam scratch projectsb3,17,1,2,2,2,2,2,4,2,0,0,6,1,1,None,Default,14,1,2,2,2,2,2,3,31
,Yvonne and Eshasb3,29,4,4,4,3,2,2,4,2,4,0,1,0,0,None,Default,19,3,3,3,3,2,2,3,98
,Super Saver of Exciting Earthsb3,23,1,3,1,3,4,2,4,2,3,0,4,4,0,None,Default,16,1,3,1,3,3,2,3,605
,reducing co2 maze by madi and paigesb3,17,1,1,1,3,2,2,4,2,1,0,0,0,1,None,Default,13,1,1,1,3,2,2,3,119
,Unwanted Co2sb3,14,1,1,0,3,1,2,2,0,4,0,0,1,1,None,Default,10,1,1,0,3,1,2,2,124
,Brick Breaker remixsb3,22,1,1,1,3,4,2,4,2,4,0,0,0,0,None,Default,14,1,1,1,3,3,2,3,97
,Catch the Monkeysb3,18,1,1,1,1,2,2,4,2,4,2,0,8,1,None,Default,11,1,1,1,1,2,2,3,132
,Aris and Ranasb3,16,1,4,1,3,1,2,1,0,3,2,0,11,0,None,Default,12,1,3,1,3,1,2,1,235
,2sb3,24,4,4,1,2,3,3,4,2,1,0,3,5,8,None,Default,18,3,3,1,2,3,3,3,199
,Joci and Becky Climate Change Gamessb3,17,1,4,1,3,2,2,1,0,3,0,0,9,3,None,Default,13,1,3,1,3,2,2,1,159
,Flood Dodgesb3,16,1,4,1,2,2,2,1,0,3,14,0,0,1,None,Default,12,1,3,1,2,2,2,1,445
,Hurricane Paddlesb3,16,1,4,1,3,2,2,1,0,2,8,0,0,0,None,Default,13,1,3,1,3,2,2,1,226
,Climate Change Game4sb3,26,1,4,4,3,2,2,4,2,4,0,0,13,8,None,Default,17,1,3,3,3,2,2,3,377
,Co2 Gamesb3,20,1,3,4,3,2,4,2,0,1,4,4,0,0,None,Default,17,1,3,3,3,2,3,2,129
,Cars and co2sb3,20,1,2,1,2,2,2,4,2,4,0,0,2,1,None,Default,13,1,2,1,2,2,2,3,168
,Eat The Carbon by Barry and Kyrenesb3,23,1,4,2,2,2,2,4,2,4,0,12,1,2,None,Default,15,1,3,2,2,2,2,3,771
,Climate Change Simulationsb3,22,1,4,1,3,1,3,4,2,3,0,1,10,1,None,Default,15,1,3,1,3,1,3,3,320
,Preventing Greenhouse Gases With Paul the Poler Bearsb3,22,1,4,1,3,2,2,4,2,3,0,6,0,1,None,Default,15,1,3,1,3,2,2,3,176
,Kenny Michaelsb3,23,1,4,1,3,2,2,4,2,4,14,5,0,3,None,Default,15,1,3,1,3,2,2,3,364
,Climate Change Game Hannah and Andrewsb3,22,1,4,1,3,3,2,4,2,2,0,2,0,0,None,Default,16,1,3,1,3,3,2,3,285
,Climate Change Game6sb3,22,1,4,4,3,2,2,4,2,0,0,0,6,9,None,Default,17,1,3,3,3,2,2,3,345
,Stop Global Warmingsb3,28,1,4,4,4,3,2,4,2,4,13,0,16,3,None,Default,18,1,3,3,3,3,2,3,1027
,qsdsb3,18,2,4,1,2,3,2,2,0,2,0,5,1,0,None,Default,15,2,3,1,2,3,2,2,140
,Impacts on wildlifesb3,14,1,1,1,0,2,2,4,2,1,0,0,3,1,None,Default,10,1,1,1,0,2,2,3,112
,Choose Your Adventuresb3,14,1,4,0,2,2,2,2,0,1,0,1,0,8,None,Default,12,1,3,0,2,2,2,2,148
,Untitled3sb3,11,1,2,0,0,4,2,1,0,1,0,0,0,1,None,Default,9,1,2,0,0,3,2,1,13
,Polar Bear Fixes Climate Changesb3,13,1,4,0,3,1,2,2,0,0,0,0,2,1,None,Default,12,1,3,0,3,1,2,2,82
,carbon crabsb3,25,2,4,1,3,3,4,4,2,2,0,2,4,1,None,Default,18,2,3,1,3,3,3,3,776
,Earth vs Floodssb3,22,2,4,1,3,3,2,4,2,1,2,3,0,3,None,Default,17,2,3,1,3,3,2,3,186
,Class Project Sage and Norasb3,26,3,4,2,3,2,4,4,2,2,0,2,0,0,None,Default,19,3,3,2,3,2,3,3,369
,Episode Carbon editionsb3,28,3,4,4,3,2,2,4,2,4,0,1,16,0,None,Default,19,3,3,3,3,2,2,3,777
,Sun Ray Shieldersb3,31,4,4,4,3,3,3,4,2,4,0,2,2,1,None,Default,21,3,3,3,3,3,3,3,407
,Climate Change Cha Cha Slidesb3,28,3,4,2,3,3,2,4,3,4,0,2,14,3,None,Default,19,3,3,2,3,3,2,3,757
,Heat absorbersb3,24,1,4,1,3,4,2,4,2,3,0,0,22,1,None,Default,16,1,3,1,3,3,2,3,611
,systems from scratchsb3,30,3,4,4,4,3,3,4,4,1,0,4,0,1,None,Default,21,3,3,3,3,3,3,3,615
,Tropho Farmsb3,23,2,4,2,3,2,2,4,2,2,4,0,2,0,None,Default,17,2,3,2,3,2,2,3,268
,Plant the Treessb3,23,2,4,4,2,2,2,4,2,1,0,1,2,5,None,Default,17,2,3,3,2,2,2,3,148
,Sophie and Hannahs Climate Gamesb3,18,1,4,1,3,2,2,1,0,4,0,0,17,6,None,Default,13,1,3,1,3,2,2,1,634
,Sofi Ssb3,23,1,4,0,4,3,2,4,2,3,0,0,5,3,None,Default,15,1,3,0,3,3,2,3,282
,Jamari Alex Animation Challengesb3,14,1,3,0,2,2,2,1,0,3,0,0,2,1,None,Default,11,1,3,0,2,2,2,1,28
,Nathan and Edo Cookie Gamesb3,26,3,4,1,3,3,2,4,2,4,0,0,0,1,None,Default,18,3,3,1,3,3,2,3,115
,Reduce dat boi Co2 in the Atmospheresb3,18,1,1,1,2,2,2,4,2,3,0,5,0,2,None,Default,12,1,1,1,2,2,2,3,146
,Nora  Sagesb3,31,4,4,4,4,2,3,4,2,4,4,15,23,2,None,Default,20,3,3,3,3,2,3,3,557
,Chainsaw guysb3,24,1,4,4,3,2,2,4,2,2,2,8,3,0,None,Default,17,1,3,3,3,2,2,3,204
,Untitled23sb3,20,1,1,2,3,2,2,4,2,3,0,1,0,1,None,Default,14,1,1,2,3,2,2,3,107
,deforestation nationnnnsb3,16,2,3,1,2,2,2,2,0,2,3,3,6,0,None,Default,14,2,3,1,2,2,2,2,161
,David  Naregs Tree CO2 Simulator  2K18sb3,21,1,4,1,3,3,2,4,2,1,2,2,0,4,None,Default,16,1,3,1,3,3,2,3,284
,Clara and Miras Projectsb3,20,3,4,1,3,2,2,2,0,3,3,2,15,8,None,Default,16,3,3,1,3,2,2,2,745
,Penguin Paradisesb3,12,1,4,0,3,1,2,1,0,0,0,0,0,0,None,Default,11,1,3,0,3,1,2,1,205
,Climate Change Taking Actionsb3,25,1,4,4,3,2,3,4,2,2,7,1,19,13,None,Default,18,1,3,3,3,2,3,3,1534
,Save The Polar Ice Caps remix copysb3,22,1,4,1,3,2,2,4,2,3,0,0,0,0,None,Default,15,1,3,1,3,2,2,3,167
,Brendan and Hallelsb3,21,1,2,1,3,3,2,4,2,3,0,0,9,3,None,Default,15,1,2,1,3,3,2,3,371
,New Science Scratchsb3,20,1,1,1,3,2,2,4,2,4,0,0,0,0,None,Default,13,1,1,1,3,2,2,3,92
,IAN RASAMATsb3,16,2,3,1,0,4,2,2,0,2,0,4,1,1,None,Default,13,2,3,1,0,3,2,2,25
,GAMEsb3,23,1,4,1,2,4,2,4,2,3,2,3,51,2,None,Default,15,1,3,1,2,3,2,3,957
,Reducing Ocean Acidificationsb3,23,4,3,1,2,2,1,4,2,4,0,0,4,0,None,Default,15,3,3,1,2,2,1,3,142
,Tesla CO2 Emissionssb3,22,1,4,2,3,2,2,4,2,2,0,9,5,4,None,Default,16,1,3,2,3,2,2,3,111
,SuperSeaTurtleBrosb3,25,1,3,4,3,2,2,4,2,4,0,4,0,0,None,Default,17,1,3,3,3,2,2,3,133
,THE GLOBAL WARMING gamesb3,21,1,4,1,3,2,2,4,2,2,0,0,4,0,None,Default,15,1,3,1,3,2,2,3,160
,World and Climate Changing Gamesb3,25,3,3,2,2,4,2,4,2,3,0,1,1,0,None,Default,18,3,3,2,2,3,2,3,125
,Carloss Guide to Climate Changesb3,19,1,4,1,3,2,2,4,2,0,4,0,0,0,None,Default,15,1,3,1,3,2,2,3,654
,Ice Blocker Climate Change Gamesb3,25,1,4,1,3,2,4,4,2,4,0,0,3,0,None,Default,16,1,3,1,3,2,3,3,133
,Tree1 Climate Gamesb3,19,1,4,1,2,2,3,4,2,0,0,0,1,1,None,Default,15,1,3,1,2,2,3,3,291
,Become the Best Lumberjacksb3,22,1,4,1,3,2,4,4,2,1,15,0,9,0,None,Default,16,1,3,1,3,2,3,3,353
,Carbon Capture2sb3,17,1,1,1,0,2,2,4,2,4,0,0,0,1,None,Default,10,1,1,1,0,2,2,3,91
,Austin  Clarencesb3,24,3,3,4,2,2,2,4,3,1,0,0,0,1,None,Default,18,3,3,3,2,2,2,3,159
,Climate Clickersb3,24,2,4,2,2,3,4,4,2,1,0,0,3,0,None,Default,18,2,3,2,2,3,3,3,58
,Fortnite Climate Change Editionsb3,28,2,4,4,3,3,3,4,2,3,4,1,0,3,None,Default,20,2,3,3,3,3,3,3,339
,Greenite The Greeniningsb3,27,1,4,4,4,2,2,4,2,4,6,7,0,0,None,Default,17,1,3,3,3,2,2,3,812
,THE LIFE CHANGING CLIMATE GAME CLICK ON THISsb3,21,1,4,1,3,2,2,4,2,2,2,0,2,0,None,Default,15,1,3,1,3,2,2,3,249
,Lasagna feat Ludacrissb3,16,1,3,1,3,3,1,1,0,3,0,2,1,0,None,Default,13,1,3,1,3,3,1,1,126
,The Carbon Journeysb3,27,1,4,4,4,2,2,4,2,4,2,1,1,0,None,Default,17,1,3,3,3,2,2,3,328
,Carbon Game by Ria and Sarahsb3,21,1,4,2,3,3,2,4,2,0,0,0,2,1,None,Default,17,1,3,2,3,3,2,3,114
,Carbon Capturesb3,15,1,4,1,3,2,2,1,0,1,5,0,5,1,None,Default,13,1,3,1,3,2,2,1,106
,Save The Worldsb3,25,1,4,1,3,4,2,4,2,4,0,1,0,0,None,Default,16,1,3,1,3,3,2,3,230
,Log Samuraisb3,27,4,4,1,3,2,4,4,2,3,4,2,1,1,None,Default,18,3,3,1,3,2,3,3,265
,Oxygen VS CO2Climate Changesb3,24,1,4,1,2,3,3,4,2,4,0,0,0,0,None,Default,16,1,3,1,2,3,3,3,643
,Pollutionville Gamesb3,17,1,4,0,3,2,2,1,0,4,0,0,3,3,None,Default,12,1,3,0,3,2,2,1,527
,Deforestation gamesb3,21,1,4,1,3,2,3,4,2,1,4,1,0,4,None,Default,16,1,3,1,3,2,3,3,442
,saving energysb3,0,0,0,0,0,0,0,0,0,0,0,0,2,5,None,Default,0,0,0,0,0,0,0,0,0
,Abbys choicessb3,19,1,4,1,3,2,2,4,2,0,0,1,0,1,None,Default,15,1,3,1,3,2,2,3,235
,Carbon Catchersb3,19,1,1,1,2,2,2,4,2,4,0,0,0,0,None,Default,12,1,1,1,2,2,2,3,194
,Tree Cutting Simulatorsb3,21,2,4,1,3,2,2,4,2,1,0,0,1,0,None,Default,16,2,3,1,3,2,2,3,77
,Climate Change  Caitlin  Irenesb3,26,4,4,2,3,2,2,4,2,3,0,4,0,0,None,Default,18,3,3,2,3,2,2,3,210
,The Awesome Lamp Gamesb3,22,1,4,4,3,2,2,4,2,0,0,0,0,0,None,Default,17,1,3,3,3,2,2,3,250
,maya lucy water cyclesb3,22,2,4,1,3,3,2,4,2,1,0,2,0,2,None,Default,17,2,3,1,3,3,2,3,131
,Shayan and Jeffsb3,23,1,4,1,3,2,2,4,2,4,0,3,0,0,None,Default,15,1,3,1,3,2,2,3,175
,Pico Saves The Wordsb3,20,1,4,1,3,2,2,4,2,1,0,2,0,3,None,Default,15,1,3,1,3,2,2,3,105
,Crossing Guard of the Atmospheresb3,22,1,4,1,3,2,2,4,2,3,0,3,0,0,None,Default,15,1,3,1,3,2,2,3,95
,Fight the Pollutionsb3,23,4,3,1,3,2,2,4,2,2,0,1,0,3,None,Default,17,3,3,1,3,2,2,3,176
,Deforestation Disastersb3,27,2,4,4,3,3,2,4,2,3,4,0,2,2,None,Default,19,2,3,3,3,3,2,3,340
,Climate Change Catch Gamesb3,24,1,4,1,3,2,3,4,2,4,0,0,9,0,None,Default,16,1,3,1,3,2,3,3,384
,gobo global harmsb3,22,1,4,1,3,3,2,4,2,2,0,20,1,2,None,Default,16,1,3,1,3,3,2,3,189
,Rose and Livs pretty slick gamesb3,25,4,4,1,2,2,2,4,2,4,0,0,3,3,None,Default,16,3,3,1,2,2,2,3,123
,Saving Squishysb3,22,1,4,1,3,2,2,4,2,3,0,0,58,1,None,Default,15,1,3,1,3,2,2,3,1054
,Jump Into Climate Changesb3,21,1,4,1,3,2,2,4,0,4,0,0,0,0,None,Default,15,1,3,1,3,2,2,3,170
,Solar Pongsb3,24,1,4,1,3,3,2,4,2,4,0,0,3,0,None,Default,16,1,3,1,3,3,2,3,95
,Scratch Projectsb3,20,1,4,1,3,2,2,4,2,1,0,0,2,0,None,Default,15,1,3,1,3,2,2,3,146
,Hagar and Sephora Reforestationsb3,23,1,4,1,3,2,2,4,2,4,0,0,0,0,None,Default,15,1,3,1,3,2,2,3,614
,ocean climatesb3,12,0,0,2,0,1,2,4,2,1,0,0,0,1,None,Default,8,0,0,2,0,1,2,3,27
,Science Project2sb3,23,1,4,4,3,2,3,4,2,0,10,0,19,0,None,Default,18,1,3,3,3,2,3,3,946
,Atmosphere gamesb3,33,4,4,4,3,4,4,4,2,4,0,1,0,1,None,Default,21,3,3,3,3,3,3,3,116
,CO2 Runsb3,20,1,4,1,3,2,2,4,2,1,0,0,0,0,None,Default,15,1,3,1,3,2,2,3,448
,heewon and audreysb3,34,4,4,4,4,4,4,4,2,4,13,707,1,0,None,Default,21,3,3,3,3,3,3,3,8091
,Forest Defender Duosb3,31,4,4,4,3,4,2,4,2,4,0,5,2,2,None,Default,20,3,3,3,3,3,2,3,533
,Molecule Gamesb3,28,1,4,4,4,4,3,4,2,2,2,2,14,0,None,Default,19,1,3,3,3,3,3,3,811
,Cloud collectorssb3,15,1,1,1,2,2,2,2,0,4,0,1,0,0,None,Default,11,1,1,1,2,2,2,2,150
,Sophia and Mar Deforestation Gamesb3,22,1,4,1,3,3,2,4,2,2,0,1,0,0,None,Default,16,1,3,1,3,3,2,3,1410
,Katharine and Carlas Gamesb3,14,4,3,1,1,2,1,1,0,1,0,0,1,1,None,Default,12,3,3,1,1,2,1,1,36
,Co2 Choicessb3,20,1,4,1,3,2,2,4,2,1,6,1,8,0,None,Default,15,1,3,1,3,2,2,3,203
,Climate change gamesb3,19,1,2,1,2,2,2,4,2,3,0,1,0,1,None,Default,13,1,2,1,2,2,2,3,47
,Help Gobo Save the Worldsb3,24,1,4,2,4,2,2,4,2,3,11,0,10,0,None,Default,16,1,3,2,3,2,2,3,494
,CO2 Stoppersb3,15,1,1,1,3,2,2,2,0,3,5,4,11,2,None,Default,12,1,1,1,3,2,2,2,208
,Patrick and Elainesb3,29,4,4,4,3,4,2,4,2,2,0,11,0,0,None,Default,20,3,3,3,3,3,2,3,199
,Rebecca Chloe Animation Challengesb3,10,1,0,0,2,1,2,1,0,3,0,0,1,1,None,Default,7,1,0,0,2,1,2,1,23
,Ocean Defendersb3,24,2,4,1,3,2,2,4,2,4,0,0,16,7,None,Default,16,2,3,1,3,2,2,3,341
,Mak and Oisin GreenQuest Section 3sb3,17,1,4,1,3,3,2,1,0,2,0,0,2,0,None,Default,14,1,3,1,3,3,2,1,80
,Greenhouse Captivitysb3,25,1,4,1,3,4,2,4,2,4,0,3,2,1,None,Default,16,1,3,1,3,3,2,3,407
,choosey choicessb3,16,1,3,1,3,1,2,2,0,3,0,4,0,1,None,Default,13,1,3,1,3,1,2,2,139
,Carbon Capitalistsb3,27,1,4,2,4,4,3,4,2,3,0,0,1,2,None,Default,18,1,3,2,3,3,3,3,310
,The Fun Ocean Gamesb3,19,1,4,1,3,4,2,2,0,2,10,6,5,0,None,Default,15,1,3,1,3,3,2,2,262
,Amanda and Joyce2sb3,19,1,4,0,3,2,4,2,0,3,0,1,11,0,None,Default,14,1,3,0,3,2,3,2,508
,Bryan and Marks Game Projectsb3,25,4,4,1,3,4,2,4,2,1,2,0,0,4,None,Default,18,3,3,1,3,3,2,3,200
,Yuval and Rebecca Water cyclesb3,16,1,1,0,3,2,2,4,2,1,0,0,1,0,None,Default,12,1,1,0,3,2,2,3,112
,Save Greenhouse Gasessb3,25,2,4,2,3,3,2,4,2,3,0,0,17,12,None,Default,18,2,3,2,3,3,2,3,426
,Jack and Zachs Epic Adventuresb3,22,1,4,1,2,3,2,4,2,3,0,1,0,0,None,Default,15,1,3,1,2,3,2,3,311
,A most serious and mature electronic gamesb3,27,4,4,1,3,2,3,4,2,4,0,1,2,0,None,Default,18,3,3,1,3,2,3,3,172
,Farmer Sam and His Cowssb3,12,1,2,1,2,2,2,2,0,0,0,2,0,1,None,Default,12,1,2,1,2,2,2,2,90
,FartMansb3,17,1,1,1,3,2,2,4,2,1,0,2,0,2,None,Default,13,1,1,1,3,2,2,3,363
,Save the Shellfishsb3,24,1,4,1,3,2,4,4,2,3,0,0,22,0,None,Default,16,1,3,1,3,2,3,3,622
,Climate Change Ocean Acidification gamesb3,20,1,4,1,3,2,2,4,2,1,10,5,9,2,None,Default,15,1,3,1,3,2,2,3,394
,Island Fish Rescuesb3,21,2,3,1,2,2,2,4,2,3,4,0,3,0,None,Default,15,2,3,1,2,2,2,3,125
,The Real Life Disastersb3,13,1,4,0,3,1,2,1,0,1,2,0,1,1,None,Default,11,1,3,0,3,1,2,1,369
,Rhea Leila and Isabelle Climate Change Gamesb3,21,1,4,2,3,2,3,4,2,0,0,0,0,0,None,Default,17,1,3,2,3,2,3,3,240
,Climate Change Gamesb3,15,1,4,0,3,2,2,2,0,1,0,0,19,6,None,Default,13,1,3,0,3,2,2,2,285
,Climate Change Game9sb3,19,1,4,1,3,2,2,4,2,0,0,71,0,0,None,Default,15,1,3,1,3,2,2,3,536
,2 player albedo gamesb3,27,1,4,2,3,3,4,4,2,4,2,0,0,0,None,Default,18,1,3,2,3,3,3,3,389
,new mazesb3,21,1,4,1,3,2,2,4,2,2,4,0,0,0,None,Default,15,1,3,1,3,2,2,3,167
,The Climate Change Gamesb3,19,1,4,1,3,2,2,4,2,0,0,0,1,0,None,Default,15,1,3,1,3,2,2,3,255
,FactorySimulatorsb3,29,2,4,4,3,3,3,4,2,4,0,0,0,7,None,Default,20,2,3,3,3,3,3,3,699
,The Fish Tanksb3,23,1,4,1,3,2,2,4,2,4,0,0,1,3,None,Default,15,1,3,1,3,2,2,3,235
,Save Climate citysb3,23,1,4,2,3,4,3,4,2,0,0,0,6,3,None,Default,18,1,3,2,3,3,3,3,177
,Climate Pongsb3,26,4,4,1,3,2,2,4,2,4,0,0,0,0,None,Default,17,3,3,1,3,2,2,3,70
,Daniel Scottsb3,12,1,2,1,2,2,2,2,0,0,0,2,1,1,None,Default,12,1,2,1,2,2,2,2,199
,polar blastsb3,19,1,2,1,1,2,2,4,2,4,0,0,2,1,None,Default,12,1,2,1,1,2,2,3,74
,RetroMetrosb3,23,1,4,2,2,2,2,4,2,4,0,0,5,1,None,Default,15,1,3,2,2,2,2,3,342
,Toni and Elisabeths Gamesb3,24,3,3,1,3,4,2,4,1,3,0,0,3,0,None,Default,18,3,3,1,3,3,2,3,97
,Untitled33sb3,19,1,4,1,3,4,2,1,0,3,0,2,5,1,None,Default,14,1,3,1,3,3,2,1,372
,Save the Climatesb3,25,4,4,1,3,2,2,4,2,3,0,0,1,0,None,Default,17,3,3,1,3,2,2,3,100
,Future C02sb3,20,1,4,1,3,2,2,4,2,1,0,0,0,1,None,Default,15,1,3,1,3,2,2,3,141
,Carbon in the Water Cyclesb3,19,1,4,1,3,2,2,4,2,0,0,0,0,0,None,Default,15,1,3,1,3,2,2,3,304
,Co2 Pong gamesb3,16,2,3,1,2,2,2,2,0,2,2,4,1,1,None,Default,14,2,3,1,2,2,2,2,99
,YOUNES AND MARAT QUIZsb3,24,2,4,4,3,2,2,4,2,1,0,0,2,0,None,Default,18,2,3,3,3,2,2,3,159
,Ellie and Talia Untitled5sb3,19,1,1,1,2,2,2,4,2,4,0,0,0,1,None,Default,12,1,1,1,2,2,2,3,250
,GHGs Gamesb3,24,3,4,1,3,3,3,4,2,1,2,0,2,0,None,Default,19,3,3,1,3,3,3,3,231
,Building A Housesb3,21,1,4,0,3,1,2,4,3,3,5,0,1,1,None,Default,13,1,3,0,3,1,2,3,422
,Saving the Polar Bearssb3,19,1,1,1,3,2,2,4,2,3,0,0,16,0,None,Default,13,1,1,1,3,2,2,3,674
,Climate Change With Cars and CO2sb3,21,1,3,1,3,2,2,4,2,3,0,9,6,0,None,Default,15,1,3,1,3,2,2,3,228
,Save The Polar Bear From Climate Changesb3,26,2,4,4,3,2,2,4,2,3,2,0,0,0,None,Default,18,2,3,3,3,2,2,3,273
,Reducing Meat Consumptionsb3,20,1,4,1,3,2,2,4,2,1,0,0,3,1,None,Default,15,1,3,1,3,2,2,3,205
,planting trees gamesb3,18,1,4,1,2,2,2,2,0,4,0,2,0,0,None,Default,13,1,3,1,2,2,2,2,202
,Global Run2sb3,29,4,4,4,2,2,2,4,3,4,0,17,7,1,None,Default,18,3,3,3,2,2,2,3,499
,Time Is Fuelsb3,27,3,4,1,3,4,2,4,2,4,14,0,0,1,None,Default,18,3,3,1,3,3,2,3,828
,Climate Change Gamesb3,24,1,4,4,4,2,2,4,2,1,2,2,1,0,None,Default,17,1,3,3,3,2,2,3,224
,Climate Control2sb3,18,1,1,1,2,2,2,4,2,3,5,1,0,0,None,Default,12,1,1,1,2,2,2,3,195
,Mariam Jennysb3,26,1,4,2,3,2,4,4,2,4,0,2,2,1,None,Default,17,1,3,2,3,2,3,3,681
,Capture the CO2sb3,19,1,1,1,2,2,2,4,2,4,0,0,5,0,None,Default,12,1,1,1,2,2,2,3,113
,Iceberg Maniasb3,22,1,4,1,3,2,2,4,2,3,0,0,0,0,None,Default,15,1,3,1,3,2,2,3,134
,MaddieMaeveRebeccaAnimationChallenge1sb3,8,1,1,0,2,1,1,1,0,1,0,3,0,0,None,Default,7,1,1,0,2,1,1,1,25
,Projectsb3,18,1,4,2,3,2,2,1,0,3,0,3,1,0,None,Default,14,1,3,2,3,2,2,1,210
,make the trees dissapearsb3,23,1,4,1,3,2,3,4,2,3,4,0,0,0,None,Default,16,1,3,1,3,2,3,3,456
,Rising Co2 Levelsb3,20,1,3,4,3,2,2,1,0,4,0,4,2,1,None,Default,15,1,3,3,3,2,2,1,152
,Collect Co2sb3,23,1,4,1,3,2,2,4,2,4,0,0,0,2,None,Default,15,1,3,1,3,2,2,3,67
,Rebecca and Avas gamesb3,21,1,3,1,3,2,2,4,2,3,0,1,5,1,None,Default,15,1,3,1,3,2,2,3,96
,Boo teaches Pietro about Climate Changesb3,15,1,2,2,1,1,2,4,2,0,0,3,1,1,None,Default,12,1,2,2,1,1,2,3,69
,Cloud Chasersb3,22,1,4,1,3,2,3,4,2,2,0,0,0,2,None,Default,16,1,3,1,3,2,3,3,334
,Carbon Footprint projectsb3,15,1,4,0,3,1,4,2,0,0,0,0,9,0,None,Default,13,1,3,0,3,1,3,2,211
,Scratch Project Talie and Jamessb3,19,1,3,4,0,2,3,4,2,0,11,0,1,5,None,Default,15,1,3,3,0,2,3,3,190
,Cole and Ryansb3,26,4,4,1,2,4,4,4,2,1,0,0,8,1,None,Default,18,3,3,1,2,3,3,3,136
,Transportation Pollutionsb3,26,4,4,1,3,3,2,4,2,3,2,0,0,0,None,Default,18,3,3,1,3,3,2,3,290
,save the ice blockssb3,19,1,1,1,2,2,2,4,2,4,0,0,5,0,None,Default,12,1,1,1,2,2,2,3,113
,Polluted Parksb3,23,1,4,1,3,4,2,4,2,2,4,1,1,0,None,Default,16,1,3,1,3,3,2,3,329
,Jocelyn and Hannahs projectsb3,24,2,4,1,3,2,3,4,2,3,0,0,0,2,None,Default,17,2,3,1,3,2,3,3,189
,Avoid the clothessb3,12,1,1,1,1,2,2,2,0,2,4,0,2,2,None,Default,10,1,1,1,1,2,2,2,543
,Save the Atmospheresb3,29,1,4,4,4,3,4,4,2,3,7,17,5,2,None,Default,19,1,3,3,3,3,3,3,520
,Pingu Needs Helpsb3,20,3,4,1,3,2,2,4,0,1,0,0,2,1,None,Default,17,3,3,1,3,2,2,3,254
,Cloud Catchingsb3,18,1,1,1,2,2,2,4,2,3,3,8,1,1,None,Default,12,1,1,1,2,2,2,3,200
,Balancing Temperaturesb3,22,1,4,1,3,2,2,4,2,3,0,0,2,13,None,Default,15,1,3,1,3,2,2,3,333
,log jumpersb3,14,1,1,1,2,2,2,1,0,4,0,0,1,1,None,Default,10,1,1,1,2,2,2,1,89
,Soccer Pongsb3,24,1,2,4,3,2,2,4,2,4,3,0,0,1,None,Default,16,1,2,3,3,2,2,3,121
,CO2 Killersb3,21,3,3,1,1,2,2,4,2,3,0,8,0,2,None,Default,15,3,3,1,1,2,2,3,207
,Penguin Gamesb3,18,1,1,0,1,3,2,4,2,4,0,1,1,3,None,Default,11,1,1,0,1,3,2,3,11
,EcoCashsb3,29,4,4,4,3,2,4,4,3,1,2,0,1,3,None,Default,20,3,3,3,3,2,3,3,411
,Renewable Energy Defenderssb3,26,4,3,1,3,3,4,4,2,2,0,7,2,1,None,Default,19,3,3,1,3,3,3,3,148
,Cooking Mamasb3,30,3,4,4,4,4,2,4,2,3,5,6,40,10,None,Default,20,3,3,3,3,3,2,3,959
,Carbon Emmisionssb3,18,1,4,1,3,2,2,1,0,4,0,2,1,0,None,Default,13,1,3,1,3,2,2,1,132
,Cycle of Consumerismsb3,29,3,4,4,4,4,3,4,2,1,0,3,37,0,None,Default,21,3,3,3,3,3,3,3,3440
,Save the Treessb3,13,1,2,0,3,3,2,1,0,1,0,0,0,1,None,Default,12,1,2,0,3,3,2,1,38
,Reducing Emissions gamesb3,14,1,0,2,0,2,2,4,3,0,11,11,0,1,None,Default,10,1,0,2,0,2,2,3,168
,Save the Oceanssb3,22,1,4,1,3,2,2,4,2,3,0,0,2,1,None,Default,15,1,3,1,3,2,2,3,241
,Carbon Clicker2sb3,24,1,4,1,2,3,3,4,2,4,0,2,0,0,None,Default,16,1,3,1,2,3,3,3,134
,Science Project3sb3,26,1,4,4,3,2,2,4,2,4,0,0,0,0,None,Default,17,1,3,3,3,2,2,3,147
,Save the Animalssb3,15,1,1,1,2,2,2,4,0,2,0,0,0,1,None,Default,12,1,1,1,2,2,2,3,63
,Forest Fire Scratch Game Akash Adriensb3,27,1,4,4,3,2,3,4,2,4,0,1,1,2,None,Default,18,1,3,3,3,2,3,3,296
,kill the CO2sb3,21,4,3,1,4,2,1,2,0,4,0,0,3,1,None,Default,15,3,3,1,3,2,1,2,118
,Julian and Zaidian Avoid the Fuelssb3,26,1,4,2,4,4,2,4,2,3,2,1,3,2,None,Default,17,1,3,2,3,3,2,3,319
,Untitled32sb3,21,1,2,1,3,2,2,4,2,4,0,6,5,3,None,Default,14,1,2,1,3,2,2,3,69
,Scratch Climate Change Projectsb3,25,1,4,1,4,4,2,4,2,3,5,3,8,0,None,Default,16,1,3,1,3,3,2,3,576
,Scuba dive to save the worldsb3,19,1,4,1,3,4,2,2,0,2,0,0,9,0,None,Default,15,1,3,1,3,3,2,2,225
,Global Warming Gamesb3,22,1,4,1,3,4,2,4,2,1,0,3,0,1,None,Default,16,1,3,1,3,3,2,3,92
