url,filename,number,backdropNaming1,backdropNaming2,backdropNaming3,backdropNaming4,backdropNaming5,backdropNaming6,backdropNaming7,backdropNaming8,backdropNaming9,backdropNaming10,backdropNaming11,backdropNaming12,backdropNaming13,backdropNaming14
,Deforestation Hailey and Remi_s Game.sb3,0,N/A,N/A,N/A,N/A,N/A,N/A,N/A,N/A,N/A,N/A,N/A,N/A,N/A,N/A
,Furnace Wiz (Official Deluxe Edition).sb3,1,backdrop1,N/A,N/A,N/A,N/A,N/A,N/A,N/A,N/A,N/A,N/A,N/A,N/A,N/A
,Mariam Jenny .sb3,1,backdrop1,N/A,N/A,N/A,N/A,N/A,N/A,N/A,N/A,N/A,N/A,N/A,N/A,N/A
,save the polar bears.sb3,0,N/A,N/A,N/A,N/A,N/A,N/A,N/A,N/A,N/A,N/A,N/A,N/A,N/A,N/A
,Rebecca and Ava_s game.sb3,1,backdrop1,N/A,N/A,N/A,N/A,N/A,N/A,N/A,N/A,N/A,N/A,N/A,N/A,N/A
,tree game.sb3,1,backdrop1,N/A,N/A,N/A,N/A,N/A,N/A,N/A,N/A,N/A,N/A,N/A,N/A,N/A
,"Deforestation By- Esther, Emily, Zero.sb3",0,N/A,N/A,N/A,N/A,N/A,N/A,N/A,N/A,N/A,N/A,N/A,N/A,N/A,N/A
,Carbon Game.sb3,0,N/A,N/A,N/A,N/A,N/A,N/A,N/A,N/A,N/A,N/A,N/A,N/A,N/A,N/A
,Carbon Annihilation.sb3,0,N/A,N/A,N/A,N/A,N/A,N/A,N/A,N/A,N/A,N/A,N/A,N/A,N/A,N/A
,Leyla and Erin-3 remix remix.sb3,2,backdrop1,backdrop2,N/A,N/A,N/A,N/A,N/A,N/A,N/A,N/A,N/A,N/A,N/A,N/A
,CCTD - (Climate Change Tower Defense).sb3,4,backdrop1,backdrop2,backdrop3,backdrop5,N/A,N/A,N/A,N/A,N/A,N/A,N/A,N/A,N/A,N/A
,Mitigation - Elias Daniel- F Block.sb3,2,backdrop1,backdrop2,N/A,N/A,N/A,N/A,N/A,N/A,N/A,N/A,N/A,N/A,N/A,N/A
,Catch the CO2.sb3,0,N/A,N/A,N/A,N/A,N/A,N/A,N/A,N/A,N/A,N/A,N/A,N/A,N/A,N/A
,Lizzy & Sydney_s Game.sb3,0,N/A,N/A,N/A,N/A,N/A,N/A,N/A,N/A,N/A,N/A,N/A,N/A,N/A,N/A
,PAPA PETEY_S PRODUCT PRODUCTIONERIA.sb3,14,backdrop2,backdrop3,backdrop3,backdrop2,backdrop3,backdrop4,backdrop5,backdrop6,backdrop7,backdrop8,backdrop9,backdrop11,backdrop2,backdrop10
,Danilo and Alba Trees climate change.sb3,0,N/A,N/A,N/A,N/A,N/A,N/A,N/A,N/A,N/A,N/A,N/A,N/A,N/A,N/A
,Save the Trees!.sb3,3,backdrop2,backdrop3,backdrop1,N/A,N/A,N/A,N/A,N/A,N/A,N/A,N/A,N/A,N/A,N/A
,Climate Change Tetris.sb3,1,backdrop1,N/A,N/A,N/A,N/A,N/A,N/A,N/A,N/A,N/A,N/A,N/A,N/A,N/A
,climate change highway.sb3,3,backdrop2,backdrop1,backdrop3,N/A,N/A,N/A,N/A,N/A,N/A,N/A,N/A,N/A,N/A,N/A
,Untitled-3.sb3,1,backdrop1,N/A,N/A,N/A,N/A,N/A,N/A,N/A,N/A,N/A,N/A,N/A,N/A,N/A
,Tigran and David Game.sb3,2,backdrop1,backdrop2,N/A,N/A,N/A,N/A,N/A,N/A,N/A,N/A,N/A,N/A,N/A,N/A
,Farmer Joe_s Adventures (Annie and Josh).sb3,3,backdrop1,backdrop2,backdrop3,N/A,N/A,N/A,N/A,N/A,N/A,N/A,N/A,N/A,N/A,N/A
,KARINE AND LANCE .sb3,4,backdrop1,backdrop2,backdrop1,backdrop2,N/A,N/A,N/A,N/A,N/A,N/A,N/A,N/A,N/A,N/A
,STOP THOSE CARS!!!!!.sb3,1,backdrop1,N/A,N/A,N/A,N/A,N/A,N/A,N/A,N/A,N/A,N/A,N/A,N/A,N/A
,The _Fun_ Ocean Game.sb3,0,N/A,N/A,N/A,N/A,N/A,N/A,N/A,N/A,N/A,N/A,N/A,N/A,N/A,N/A
,Dont Go With The Flow.sb3,2,backdrop1,backdrop2,N/A,N/A,N/A,N/A,N/A,N/A,N/A,N/A,N/A,N/A,N/A,N/A
,CAUSATION EVASION.sb3,1,backdrop1,N/A,N/A,N/A,N/A,N/A,N/A,N/A,N/A,N/A,N/A,N/A,N/A,N/A
,city creator .sb3,2,backdrop1,backdrop3,N/A,N/A,N/A,N/A,N/A,N/A,N/A,N/A,N/A,N/A,N/A,N/A
,Tess and Nicole mitigame.sb3,0,N/A,N/A,N/A,N/A,N/A,N/A,N/A,N/A,N/A,N/A,N/A,N/A,N/A,N/A
,CO2 fr.sb3,1,backdrop1,N/A,N/A,N/A,N/A,N/A,N/A,N/A,N/A,N/A,N/A,N/A,N/A,N/A
,Fortnite.sb3,0,N/A,N/A,N/A,N/A,N/A,N/A,N/A,N/A,N/A,N/A,N/A,N/A,N/A,N/A
,Climate Change Simulation .sb3,1,backdrop1,N/A,N/A,N/A,N/A,N/A,N/A,N/A,N/A,N/A,N/A,N/A,N/A,N/A
,sean and josh.sb3,1,backdrop1,N/A,N/A,N/A,N/A,N/A,N/A,N/A,N/A,N/A,N/A,N/A,N/A,N/A
,Climate Change_ Taking Action.sb3,13,backdrop1,backdrop2,backdrop3,backdrop4,backdrop5,backdrop6,backdrop7,backdrop8,backdrop9,backdrop10,backdrop11,backdrop12,backdrop13,N/A
,What Should you do_.sb3,1,backdrop1,N/A,N/A,N/A,N/A,N/A,N/A,N/A,N/A,N/A,N/A,N/A,N/A,N/A
,Toni and Elisabeth_s Game.sb3,0,N/A,N/A,N/A,N/A,N/A,N/A,N/A,N/A,N/A,N/A,N/A,N/A,N/A,N/A
,Climate Clikerz.sb3,0,N/A,N/A,N/A,N/A,N/A,N/A,N/A,N/A,N/A,N/A,N/A,N/A,N/A,N/A
,Eujin and Julia.sb3,1,backdrop1,N/A,N/A,N/A,N/A,N/A,N/A,N/A,N/A,N/A,N/A,N/A,N/A,N/A
,Garrett and Justin_s banger project.sb3,0,N/A,N/A,N/A,N/A,N/A,N/A,N/A,N/A,N/A,N/A,N/A,N/A,N/A,N/A
,"Dodge, Duck and Jump.sb3",0,N/A,N/A,N/A,N/A,N/A,N/A,N/A,N/A,N/A,N/A,N/A,N/A,N/A,N/A
,Earth Vs Climate change Dodge ball game.sb3,0,N/A,N/A,N/A,N/A,N/A,N/A,N/A,N/A,N/A,N/A,N/A,N/A,N/A,N/A
,Climate Change Pong Finished Version.sb3,4,backdrop1,backdrop2,backdrop3,backdrop4,N/A,N/A,N/A,N/A,N/A,N/A,N/A,N/A,N/A,N/A
,Atmosphere game .sb3,1,backdrop1,N/A,N/A,N/A,N/A,N/A,N/A,N/A,N/A,N/A,N/A,N/A,N/A,N/A
,Save The Ocean_ A Crab Game.sb3,1,backdrop1,N/A,N/A,N/A,N/A,N/A,N/A,N/A,N/A,N/A,N/A,N/A,N/A,N/A
,Franki and Elena_s game.sb3,1,backdrop1,N/A,N/A,N/A,N/A,N/A,N/A,N/A,N/A,N/A,N/A,N/A,N/A,N/A
,Factory Game Thalia and Jehan .sb3,0,N/A,N/A,N/A,N/A,N/A,N/A,N/A,N/A,N/A,N/A,N/A,N/A,N/A,N/A
,Episode (Carbon edition).sb3,0,N/A,N/A,N/A,N/A,N/A,N/A,N/A,N/A,N/A,N/A,N/A,N/A,N/A,N/A
,Reduce dat boi Co2 in the Atmosphere.sb3,2,backdrop2,backdrop3,N/A,N/A,N/A,N/A,N/A,N/A,N/A,N/A,N/A,N/A,N/A,N/A
,Chainsaw guy.sb3,0,N/A,N/A,N/A,N/A,N/A,N/A,N/A,N/A,N/A,N/A,N/A,N/A,N/A,N/A
,New Science Scratch.sb3,0,N/A,N/A,N/A,N/A,N/A,N/A,N/A,N/A,N/A,N/A,N/A,N/A,N/A,N/A
,Austin & Clarence.sb3,1,backdrop1,N/A,N/A,N/A,N/A,N/A,N/A,N/A,N/A,N/A,N/A,N/A,N/A,N/A
,Lasagna feat. Ludacris.sb3,0,N/A,N/A,N/A,N/A,N/A,N/A,N/A,N/A,N/A,N/A,N/A,N/A,N/A,N/A
,heewon and audrey.sb3,0,N/A,N/A,N/A,N/A,N/A,N/A,N/A,N/A,N/A,N/A,N/A,N/A,N/A,N/A
,Forest Defender Duo.sb3,2,backdrop1,backdrop2,N/A,N/A,N/A,N/A,N/A,N/A,N/A,N/A,N/A,N/A,N/A,N/A
,choosey choices.sb3,1,backdrop1,N/A,N/A,N/A,N/A,N/A,N/A,N/A,N/A,N/A,N/A,N/A,N/A,N/A
,Katharine and Carla_s Game.sb3,1,backdrop1,N/A,N/A,N/A,N/A,N/A,N/A,N/A,N/A,N/A,N/A,N/A,N/A,N/A
,Daniel Scott.sb3,1,backdrop1,N/A,N/A,N/A,N/A,N/A,N/A,N/A,N/A,N/A,N/A,N/A,N/A,N/A
,_Be Green ($) or Be Clean (environmentally speaking).sb3,1,backdrop1,N/A,N/A,N/A,N/A,N/A,N/A,N/A,N/A,N/A,N/A,N/A,N/A,N/A
,Climate Change Game.sb3,8,backdrop1,backdrop2,backdrop3,backdrop4,backdrop5,backdrop6,backdrop7,backdrop9,N/A,N/A,N/A,N/A,N/A,N/A
,Cycle of Consumerism.sb3,0,N/A,N/A,N/A,N/A,N/A,N/A,N/A,N/A,N/A,N/A,N/A,N/A,N/A,N/A
