url,filename,points,Abstraction,Parallelism,Logic,Synchronization,Flow control,User interactivity,Data representation,DuplicateScripts,DeadCode,SpriteNaming,BackdropNaming,Error,dashboard_mode
https://scratch.mit.edu/projects/957967074/,https://scratch.mit.edu/projects/957967074/,6.5,1,1,0,0.5,2,1,1,0,4,7,4,None,Personalized
https://scratch.mit.edu/projects/747653991/,https://scratch.mit.edu/projects/747653991/,9.5,0,1,3,0.5,2,1.0,2,0,2,1,1,None,Personalized
https://scratch.mit.edu/projects/882093984/,https://scratch.mit.edu/projects/882093984/,9.0,0.0,1,3,1,2,1.0,1,0,0,0,1,None,Personalized
https://scratch.mit.edu/projects/953962827/,https://scratch.mit.edu/projects/953962827/,9.0,0,1,3,1,2,1,1.0,6,5,9,0,None,Personalized
https://scratch.mit.edu/projects/965221739/,https://scratch.mit.edu/projects/965221739/,5.5,0,1,0,0.5,2,1,1.0,0,0,0,3,None,Personalized
