url,filename,points,Abstraction,Parallelism,Logic,Synchronization,Flow control,User interactivity,Data representation,Math operators,Motion operators,DuplicateScripts,DeadCode,SpriteNaming,BackdropNaming,Error,dashboard_mode,Van points,Van Abstraction,Van Parallelism,Van Logic,Van Synchronization,Van Flow control,Van User interactivity,Van Data representation,tot_blocks
https://scratch.mit.edu/projects/948664627/,https://scratch.mit.edu/projects/948664627/,Error,Error,Error,Error,Error,Error,Error,Error,0/2,0/2,0,0,0,1,None,Personalized,,,,,,,,,14
https://scratch.mit.edu/projects/948664627/,https://scratch.mit.edu/projects/948664627/,Error,Error,Error,Error,Error,Error,Error,Error,0/2,0/2,0,0,0,1,None,Personalized,,,,,,,,,14
https://scratch.mit.edu/projects/948664627/,https://scratch.mit.edu/projects/948664627/,Error,Error,Error,Error,Error,Error,Error,Error,0/2,0/2,0,0,0,1,None,Personalized,,,,,,,,,14
https://scratch.mit.edu/projects/948664627/,https://scratch.mit.edu/projects/948664627/,Error,Error,Error,Error,Error,Error,Error,Error,0/2,0/2,0,0,0,1,None,Personalized,,,,,,,,,14
https://scratch.mit.edu/projects/948664627/,https://scratch.mit.edu/projects/948664627/,Error,Error,Error,Error,Error,Error,Error,Error,0/2,0/2,0,0,0,1,None,Personalized,,,,,,,,,14
https://scratch.mit.edu/projects/948664627/,https://scratch.mit.edu/projects/948664627/,Error,Error,Error,Error,Error,Error,Error,Error,0/2,0/2,0,0,0,1,None,Personalized,,,,,,,,,14
https://scratch.mit.edu/projects/948664627/,https://scratch.mit.edu/projects/948664627/,Error,Error,Error,Error,Error,Error,Error,Error,0/2,0/2,0,0,0,1,None,Personalized,,,,,,,,,14
https://scratch.mit.edu/projects/948664627/,https://scratch.mit.edu/projects/948664627/,Error,Error,Error,Error,Error,Error,Error,Error,0/2,0/2,0,0,0,1,None,Personalized,,,,,,,,,14
