url,filename,number,duplicateScript_1,duplicateScript_2,duplicateScript_3,duplicateScript_4,duplicateScript_5,duplicateScript_6,duplicateScript_7,duplicateScript_8,duplicateScript_9,duplicateScript_1,duplicateScript_2,duplicateScript_3,duplicateScript_4,duplicateScript_5,duplicateScript_6,duplicateScript_1,duplicateScript_2,duplicateScript_3,duplicateScript_4,duplicateScript_5,duplicateScript_6,duplicateScript_7,duplicateScript_8,duplicateScript_9,duplicateScript_10,duplicateScript_11,duplicateScript_12,duplicateScript_13
https://scratch.mit.edu/projects/957967074/,https://scratch.mit.edu/projects/957967074/,1,event_whenbroadcastreceived,looks_switchbackdropto,looks_show,looks_switchcostumeto,control_repeat_until,looks_nextcostume,control_wait,event_broadcast,looks_hide,event_whenbroadcastreceived,looks_switchbackdropto,looks_show,looks_switchcostumeto,control_repeat_until,looks_nextcostume,event_whenbroadcastreceived,looks_switchbackdropto,looks_show,looks_switchcostumeto,control_repeat_until,looks_nextcostume,control_wait,event_broadcast,looks_hide,,,,
https://scratch.mit.edu/projects/747653991/,https://scratch.mit.edu/projects/747653991/,1,procedures_definition,data_setvariableto,control_repeat_until,data_changevariableby,data_insertatlist,looks_goforwardbackwardlayers,,,,procedures_definition,data_setvariableto,control_repeat_until,data_changevariableby,data_insertatlist,looks_goforwardbackwardlayers,procedures_definition,data_setvariableto,control_repeat_until,data_changevariableby,data_insertatlist,looks_goforwardbackwardlayers,,,,,,,
https://scratch.mit.edu/projects/882093984/,https://scratch.mit.edu/projects/882093984/,0,N/A,N/A,N/A,N/A,N/A,N/A,N/A,N/A,N/A,N/A,N/A,N/A,N/A,N/A,N/A,N/A,N/A,N/A,N/A,N/A,N/A,N/A,N/A,N/A,N/A,N/A,N/A,N/A
https://scratch.mit.edu/projects/953962827/,https://scratch.mit.edu/projects/953962827/,3,control_start_as_clone,control_if,looks_show,looks_cleargraphiceffects,motion_gotoxy,looks_gotofrontback,control_repeat,motion_changexby,control_delete_this_clone,control_start_as_clone,control_if,looks_show,looks_cleargraphiceffects,motion_gotoxy,looks_gotofrontback,control_start_as_clone,control_if,looks_show,looks_cleargraphiceffects,motion_gotoxy,looks_gotofrontback,control_repeat,motion_changexby,control_delete_this_clone,motion_sety,looks_goforwardbackwardlayers,looks_gotofrontback,looks_gotofrontback
https://scratch.mit.edu/projects/965221739/,https://scratch.mit.edu/projects/965221739/,0,N/A,N/A,N/A,N/A,N/A,N/A,N/A,N/A,N/A,N/A,N/A,N/A,N/A,N/A,N/A,N/A,N/A,N/A,N/A,N/A,N/A,N/A,N/A,N/A,N/A,N/A,N/A,N/A
