url,filename,number,duplicateScript_1,duplicateScript_2,duplicateScript_3,duplicateScript_4,duplicateScript_5,duplicateScript_6
https://scratch.mit.edu/projects/957967074/,https://scratch.mit.edu/projects/957967074/,0,N/A,N/A,N/A,N/A,N/A,N/A
https://scratch.mit.edu/projects/747653991/,https://scratch.mit.edu/projects/747653991/,0,N/A,N/A,N/A,N/A,N/A,N/A
https://scratch.mit.edu/projects/882093984/,https://scratch.mit.edu/projects/882093984/,0,N/A,N/A,N/A,N/A,N/A,N/A
https://scratch.mit.edu/projects/953962827/,https://scratch.mit.edu/projects/953962827/,6,"['control_start_as_clone', 'control_if', 'operator_equals', 'looks_costumenumbername', 'looks_show', 'looks_cleargraphiceffects', 'looks_setsizeto', 'motion_pointindirection', 'motion_gotoxy', 'looks_show', 'looks_cleargraphiceffects', 'looks_gotofrontback', 'control_forever', 'motion_sety', 'operator_multiply', 'operator_mathop', 'operator_multiply', 'operator_subtract', 'sensing_timer', 'looks_gotofrontback']","['control_start_as_clone', 'control_if', 'operator_equals', 'looks_costumenumbername', 'looks_show', 'looks_cleargraphiceffects', 'looks_setsizeto', 'motion_pointindirection', 'motion_gotoxy', 'looks_show', 'looks_cleargraphiceffects', 'looks_gotofrontback', 'control_forever', 'motion_sety', 'operator_multiply', 'operator_mathop', 'operator_multiply', 'operator_subtract', 'sensing_timer', 'looks_gotofrontback']","['control_start_as_clone', 'control_if', 'operator_equals', 'looks_costumenumbername', 'motion_pointindirection', 'looks_show', 'looks_cleargraphiceffects', 'looks_setsizeto', 'control_forever', 'motion_gotoxy', 'motion_pointindirection', 'operator_multiply', 'operator_add', 'operator_mathop', 'operator_multiply', 'sensing_timer', 'motion_sety', 'operator_multiply', 'operator_mathop', 'operator_multiply', 'operator_subtract', 'sensing_timer', 'looks_goforwardbackwardlayers', 'looks_gotofrontback']","['control_start_as_clone', 'control_if', 'operator_equals', 'looks_costumenumbername', 'motion_pointindirection', 'looks_show', 'looks_cleargraphiceffects', 'looks_setsizeto', 'control_forever', 'motion_gotoxy', 'motion_pointindirection', 'operator_multiply', 'operator_add', 'operator_mathop', 'operator_multiply', 'sensing_timer', 'motion_sety', 'operator_multiply', 'operator_mathop', 'operator_multiply', 'operator_subtract', 'sensing_timer', 'looks_goforwardbackwardlayers', 'looks_gotofrontback']","['control_start_as_clone', 'control_if', 'operator_equals', 'looks_costumenumbername', 'looks_show', 'looks_cleargraphiceffects', 'motion_gotoxy', 'looks_gotofrontback', 'control_repeat', 'motion_changexby', 'control_delete_this_clone']","['control_start_as_clone', 'control_if', 'operator_equals', 'looks_costumenumbername', 'looks_show', 'looks_cleargraphiceffects', 'motion_gotoxy', 'looks_gotofrontback', 'control_repeat', 'motion_changexby', 'control_delete_this_clone']"
https://scratch.mit.edu/projects/965221739/,https://scratch.mit.edu/projects/965221739/,0,N/A,N/A,N/A,N/A,N/A,N/A
https://scratch.mit.edu/projects/957967074/,https://scratch.mit.edu/projects/957967074/,0,N/A,N/A,N/A,N/A,N/A,N/A
https://scratch.mit.edu/projects/747653991/,https://scratch.mit.edu/projects/747653991/,0,N/A,N/A,N/A,N/A,N/A,N/A
https://scratch.mit.edu/projects/882093984/,https://scratch.mit.edu/projects/882093984/,0,N/A,N/A,N/A,N/A,N/A,N/A
https://scratch.mit.edu/projects/953962827/,https://scratch.mit.edu/projects/953962827/,6,"['control_start_as_clone', 'control_if', 'operator_equals', 'looks_costumenumbername', 'looks_show', 'looks_cleargraphiceffects', 'looks_setsizeto', 'motion_pointindirection', 'motion_gotoxy', 'looks_show', 'looks_cleargraphiceffects', 'looks_gotofrontback', 'control_forever', 'motion_sety', 'operator_multiply', 'operator_mathop', 'operator_multiply', 'operator_subtract', 'sensing_timer', 'looks_gotofrontback']","['control_start_as_clone', 'control_if', 'operator_equals', 'looks_costumenumbername', 'looks_show', 'looks_cleargraphiceffects', 'looks_setsizeto', 'motion_pointindirection', 'motion_gotoxy', 'looks_show', 'looks_cleargraphiceffects', 'looks_gotofrontback', 'control_forever', 'motion_sety', 'operator_multiply', 'operator_mathop', 'operator_multiply', 'operator_subtract', 'sensing_timer', 'looks_gotofrontback']","['control_start_as_clone', 'control_if', 'operator_equals', 'looks_costumenumbername', 'motion_pointindirection', 'looks_show', 'looks_cleargraphiceffects', 'looks_setsizeto', 'control_forever', 'motion_gotoxy', 'motion_pointindirection', 'operator_multiply', 'operator_add', 'operator_mathop', 'operator_multiply', 'sensing_timer', 'motion_sety', 'operator_multiply', 'operator_mathop', 'operator_multiply', 'operator_subtract', 'sensing_timer', 'looks_goforwardbackwardlayers', 'looks_gotofrontback']","['control_start_as_clone', 'control_if', 'operator_equals', 'looks_costumenumbername', 'motion_pointindirection', 'looks_show', 'looks_cleargraphiceffects', 'looks_setsizeto', 'control_forever', 'motion_gotoxy', 'motion_pointindirection', 'operator_multiply', 'operator_add', 'operator_mathop', 'operator_multiply', 'sensing_timer', 'motion_sety', 'operator_multiply', 'operator_mathop', 'operator_multiply', 'operator_subtract', 'sensing_timer', 'looks_goforwardbackwardlayers', 'looks_gotofrontback']","['control_start_as_clone', 'control_if', 'operator_equals', 'looks_costumenumbername', 'looks_show', 'looks_cleargraphiceffects', 'motion_gotoxy', 'looks_gotofrontback', 'control_repeat', 'motion_changexby', 'control_delete_this_clone']","['control_start_as_clone', 'control_if', 'operator_equals', 'looks_costumenumbername', 'looks_show', 'looks_cleargraphiceffects', 'motion_gotoxy', 'looks_gotofrontback', 'control_repeat', 'motion_changexby', 'control_delete_this_clone']"
https://scratch.mit.edu/projects/965221739/,https://scratch.mit.edu/projects/965221739/,0,N/A,N/A,N/A,N/A,N/A,N/A
