url,filename,points,Abstraction,Parallelism,Logic,Synchronization,Flow control,User interactivity,Data representation,DuplicateScripts,DeadCode,SpriteNaming,BackdropNaming,Error,dashboard_mode
https://scratch.mit.edu/projects/957967074/,https://scratch.mit.edu/projects/957967074/,6.5,"[1, 0]","[1, 3]","[0, 0]","[0.5, 1]","[2, 2]","[1, 3]","[1, 2]",1,4,7,4,None,Vanilla
https://scratch.mit.edu/projects/747653991/,https://scratch.mit.edu/projects/747653991/,7.5,"[0, 0]","[3, 3]","[0, 0]","[0.5, 1]","[2, 2]","[0, 1.5]","[2, 2]",1,2,1,1,None,Vanilla
https://scratch.mit.edu/projects/882093984/,https://scratch.mit.edu/projects/882093984/,5.0,"[0.0, 0]","[1, 3]","[0, 0]","[1, 1]","[2, 2]","[0, 1.5]","[1, 2]",0,0,0,1,None,Vanilla
https://scratch.mit.edu/projects/747653991/,https://scratch.mit.edu/projects/747653991/,7.5,"[0, 0]","[3, 3]","[0, 0]","[0.5, 1]","[2, 2]","[0, 1.5]","[2, 2]",1,2,1,1,None,Vanilla
https://scratch.mit.edu/projects/747653991/,https://scratch.mit.edu/projects/747653991/,7.5,"[0, 0]","[3, 3]","[0, 0]","[0.5, 1]","[2, 2]","[0, 1.5]","[2, 2]",1,2,1,1,None,Vanilla
