url,filename,number,sprite
https://scratch.mit.edu/projects/957967074/,https://scratch.mit.edu/projects/957967074/,0,scripts
https://scratch.mit.edu/projects/747653991/,https://scratch.mit.edu/projects/747653991/,0,scripts
https://scratch.mit.edu/projects/882093984/,https://scratch.mit.edu/projects/882093984/,0,scripts
https://scratch.mit.edu/projects/747653991/,https://scratch.mit.edu/projects/747653991/,0,scripts
https://scratch.mit.edu/projects/747653991/,https://scratch.mit.edu/projects/747653991/,0,scripts
