url,filename,points,Abstraction,Parallelism,Logic,Synchronization,Flow control,User interactivity,Data representation,Math operators,Motion operators,DuplicateScripts,DeadCode,SpriteNaming,BackdropNaming,Error,dashboard_mode,Van points,Van Abstraction,Van Parallelism,Van Logic,Van Synchronization,Van Flow control,Van User interactivity,Van Data representation
,birdygethem.sb3,18,1,1,1,2,4,1,4,2,2,0,1,0,0,None,Default,12,1,1,1,2,3,1,3
,GAME SUMMERS TIRABASSI.sb3,19,1,2,1,2,2,4,3,0,4,0,3,0,2,None,Default,14,1,2,1,2,2,3,3
,Cloud collectors .sb3,15,1,1,1,2,2,2,2,0,4,0,1,0,0,None,Default,11,1,1,1,2,2,2,2
,ocean climate .sb3,12,0,0,2,0,1,2,4,2,1,0,0,0,1,None,Default,8,0,0,2,0,1,2,3
,Deforestation Hailey and Remi_s Game.sb3,25,1,4,2,3,2,3,4,2,4,2,1,0,0,None,Default,17,1,3,2,3,2,3,3
,Furnace Wiz (Official Deluxe Edition).sb3,23,4,3,1,3,3,2,4,2,1,0,0,1,1,None,Default,18,3,3,1,3,3,2,3
,Co2 vs. shellfish.sb3,23,1,4,1,3,2,2,4,2,4,5,0,1,0,None,Default,15,1,3,1,3,2,2,3
,Albedo Project.sb3,18,1,1,1,1,4,2,4,2,2,2,0,1,1,None,Default,12,1,1,1,1,3,2,3
,Mariam Jenny .sb3,26,1,4,2,3,2,4,4,2,4,0,2,2,1,None,Default,17,1,3,2,3,2,3,3
,Loggers.sb3,21,1,4,1,3,4,2,4,2,0,0,0,0,3,None,Default,16,1,3,1,3,3,2,3
,Factory Game remix.sb3,22,1,4,1,3,2,2,4,2,3,0,0,0,0,None,Default,15,1,3,1,3,2,2,3
,save the polar bears.sb3,24,4,4,1,3,2,2,4,2,2,0,1,1,0,None,Default,17,3,3,1,3,2,2,3
,_Ellie and Talia Untitled-5.sb3,19,1,1,1,2,2,2,4,2,4,0,0,0,1,None,Default,12,1,1,1,2,2,2,3
,Factories Taking Over The Atmosphere.sb3,17,1,2,0,3,2,2,4,2,1,35,0,11,1,None,Default,13,1,2,0,3,2,2,3
,Yinyao Duan.sb3,17,1,1,1,0,4,2,4,1,3,0,1,3,1,None,Default,11,1,1,1,0,3,2,3
,Rebecca and Ava_s game.sb3,21,1,3,1,3,2,2,4,2,3,0,1,5,1,None,Default,15,1,3,1,3,2,2,3
,Save the Polor Bear.sb3,13,1,3,1,3,2,2,1,0,0,0,0,0,0,None,Default,13,1,3,1,3,2,2,1
,tree game.sb3,19,1,4,1,3,2,2,4,2,0,2,0,3,1,None,Default,15,1,3,1,3,2,2,3
,Untitled-2.sb3,20,1,1,2,3,2,2,4,2,3,0,1,0,1,None,Default,14,1,1,2,3,2,2,3
,Mark Jeremy.sb3,12,1,4,0,3,1,2,1,0,0,0,0,1,0,None,Default,11,1,3,0,3,1,2,1
,Water Levels-LilyStaceyHenri.sb3,19,1,4,1,3,3,2,2,0,3,0,0,0,0,None,Default,15,1,3,1,3,3,2,2
,Scratch Trivia Game remix.sb3,18,1,4,1,2,2,2,4,2,0,2,0,2,0,None,Default,14,1,3,1,2,2,2,3
,SpAcE pOnG (1).sb3,18,3,2,1,2,2,2,4,0,2,0,1,1,0,None,Default,15,3,2,1,2,2,2,3
,"Deforestation By- Esther, Emily, Zero.sb3",25,3,4,1,3,2,2,4,2,4,0,5,4,0,None,Default,17,3,3,1,3,2,2,3
,Carbon Game.sb3,33,3,4,4,4,4,3,4,3,4,4,0,0,0,None,Default,21,3,3,3,3,3,3,3
,Carbon Annihilation.sb3,28,2,4,4,4,4,3,4,2,1,8,47,2,0,None,Default,20,2,3,3,3,3,3,3
,Leyla and Erin-3 remix remix.sb3,18,1,4,1,3,4,2,1,0,2,0,0,7,2,None,Default,14,1,3,1,3,3,2,1
,Deforestation.sb3,10,1,1,1,1,1,2,2,0,1,0,3,0,1,None,Default,9,1,1,1,1,1,2,2
,CCTD - (Climate Change Tower Defense).sb3,28,4,4,4,2,2,2,4,2,4,2,22,0,4,None,Default,18,3,3,3,2,2,2,3
,Roy_ A Life Well Lived.sb3,14,1,4,0,3,1,2,1,0,2,0,0,0,0,None,Default,11,1,3,0,3,1,2,1
,Mitigation - Elias Daniel- F Block.sb3,31,4,4,4,4,3,2,4,2,4,7,1,4,2,None,Default,20,3,3,3,3,3,2,3
,Help the Turtle!.sb3,19,1,1,1,2,2,2,4,2,4,0,1,6,0,None,Default,12,1,1,1,2,2,2,3
,Deforestation1.sb3,17,1,4,1,3,2,2,2,0,2,2,3,3,6,None,Default,14,1,3,1,3,2,2,2
,Catch the CO2.sb3,26,1,4,4,3,2,3,4,2,3,0,0,0,0,None,Default,18,1,3,3,3,2,3,3
,Lizzy & Sydney_s Game.sb3,22,2,3,1,3,2,2,4,2,3,0,0,0,0,None,Default,16,2,3,1,3,2,2,3
,snowflake collect.sb3,20,1,2,1,2,2,2,4,2,4,0,0,0,1,None,Default,13,1,2,1,2,2,2,3
,PAPA PETEY_S PRODUCT PRODUCTIONERIA.sb3,28,1,4,4,4,2,2,4,3,4,7,5,16,14,None,Default,17,1,3,3,3,2,2,3
,Super Planty Bros (Drew and Sasha).sb3,21,3,4,1,3,2,4,1,0,3,5,10,2,0,None,Default,16,3,3,1,3,2,3,1
,Lumberjack Attack.sb3,20,1,1,1,3,1,2,4,3,4,0,1,0,1,None,Default,12,1,1,1,3,1,2,3
,Danilo and Alba Trees climate change.sb3,24,2,4,1,3,3,2,4,2,3,3,1,1,0,None,Default,17,2,3,1,3,3,2,3
,Save the Trees!.sb3,23,3,4,1,3,2,2,4,2,2,4,0,1,3,None,Default,17,3,3,1,3,2,2,3
,Carbon Run.sb3,21,4,4,1,2,2,2,2,0,4,4,0,5,1,None,Default,15,3,3,1,2,2,2,2
,Harsh Tree Why Me..sb3,11,1,1,1,0,2,2,1,0,3,0,0,1,0,None,Default,8,1,1,1,0,2,2,1
,systems from scratch (1).sb3,30,3,4,4,4,3,3,4,4,1,0,4,0,1,None,Default,21,3,3,3,3,3,3,3
,STORY.sb3,15,1,3,0,3,2,2,1,0,3,0,0,0,1,None,Default,12,1,3,0,3,2,2,1
,Molly and Alishba_s scratch science game  copy-2 copy copy copy.sb3,13,1,4,0,3,1,2,1,0,1,0,0,0,1,None,Default,11,1,3,0,3,1,2,1
,Climate Change Tetris.sb3,33,3,4,4,4,4,4,4,2,4,21,1,0,1,None,Default,21,3,3,3,3,3,3,3
,climate change highway.sb3,22,1,2,1,2,4,2,4,2,4,2,0,7,3,None,Default,14,1,2,1,2,3,2,3
,Untitled-3.sb3,17,1,4,1,2,2,2,2,0,3,0,4,6,1,None,Default,13,1,3,1,2,2,2,2
,Temperature Changes.sb3,20,1,4,1,3,2,2,4,2,1,14,1,1,0,None,Default,15,1,3,1,3,2,2,3
,Reducing carbon maze.sb3,25,1,4,1,3,2,4,4,2,4,2,0,2,2,None,Default,16,1,3,1,3,2,3,3
,Untitled.sb3,16,1,0,2,2,2,2,4,2,1,2,0,0,0,None,Default,12,1,0,2,2,2,2,3
,Co2 Collector.sb3,28,4,4,4,3,4,2,4,2,1,0,1,0,0,None,Default,20,3,3,3,3,3,2,3
,Climate Change Game (1).sb3,19,1,4,1,3,2,2,4,2,0,0,71,0,0,None,Default,15,1,3,1,3,2,2,3
,Tigran and David Game.sb3,26,1,4,4,2,2,3,4,2,4,0,0,1,2,None,Default,17,1,3,3,2,2,3,3
,Climate Change.sb3,20,1,4,1,3,2,1,4,2,2,0,2,0,1,None,Default,14,1,3,1,3,2,1,3
,Potato_s adventure.sb3,21,1,4,2,3,2,2,4,2,1,4,1,5,3,None,Default,16,1,3,2,3,2,2,3
,Save Snows and Pennys Home! (Multiplayer).sb3,19,1,2,1,1,2,2,4,2,4,4,2,0,1,None,Default,12,1,2,1,1,2,2,3
,Allison Elizabeth-2.sb3,32,3,4,4,4,3,4,4,2,4,9,10,14,1,None,Default,21,3,3,3,3,3,3,3
,Climate Change Game-2.sb3,13,1,2,0,1,2,2,1,0,4,0,4,26,2,None,Default,9,1,2,0,1,2,2,1
,Farmer Joe_s Adventures (Annie and Josh).sb3,24,2,4,1,3,3,2,4,2,3,0,0,1,3,None,Default,17,2,3,1,3,3,2,3
,The Battle Against Radiation.sb3,16,1,4,1,3,2,2,1,0,2,0,0,0,1,None,Default,13,1,3,1,3,2,2,1
,Save the Earth.sb3,24,4,3,1,2,2,2,4,2,4,0,1,0,0,None,Default,16,3,3,1,2,2,2,3
,KARINE AND LANCE .sb3,30,3,4,4,3,4,2,4,2,4,0,1,1,4,None,Default,20,3,3,3,3,3,2,3
,Untitled (1).sb3,16,1,0,2,2,2,2,4,2,1,2,0,0,0,None,Default,12,1,0,2,2,2,2,3
,factory .sb3,23,1,4,1,3,2,2,4,2,4,2,3,0,1,None,Default,15,1,3,1,3,2,2,3
,help the polar bear.sb3,20,1,4,1,2,2,2,4,2,2,0,3,0,0,None,Default,14,1,3,1,2,2,2,3
,STOP THOSE CARS!!!!!.sb3,25,4,3,2,2,2,2,4,3,3,0,2,0,1,None,Default,17,3,3,2,2,2,2,3
,Penguin Game .sb3,18,1,1,0,1,3,2,4,2,4,0,1,1,3,None,Default,11,1,1,0,1,3,2,3
,Plant Man IV.sb3,28,3,4,4,2,3,2,4,2,4,0,122,2,0,None,Default,19,3,3,3,2,3,2,3
,Climate Change Game (2).sb3,19,1,4,1,3,2,2,4,2,0,0,71,0,0,None,Default,15,1,3,1,3,2,2,3
,The _Fun_ Ocean Game.sb3,19,1,4,1,3,4,2,2,0,2,10,6,5,0,None,Default,15,1,3,1,3,3,2,2
,Dont Go With The Flow.sb3,25,2,4,1,3,3,2,4,2,4,0,0,4,2,None,Default,17,2,3,1,3,3,2,3
,CAUSATION EVASION.sb3,20,1,1,2,1,3,2,4,2,4,34,2,0,1,None,Default,13,1,1,2,1,3,2,3
,ENOZO STOPPER.sb3,13,1,1,1,2,2,2,2,0,2,0,3,1,1,None,Default,11,1,1,1,2,2,2,2
,Building A House (1).sb3,21,1,4,0,3,1,2,4,3,3,5,0,1,1,None,Default,13,1,3,0,3,1,2,3
,city creator .sb3,29,4,4,2,3,4,2,4,2,4,0,8,5,2,None,Default,19,3,3,2,3,3,2,3
,Greenite_ The Greenining.sb3,27,1,4,4,4,2,2,4,2,4,6,7,0,0,None,Default,17,1,3,3,3,2,2,3
,Tess and Nicole mitigame.sb3,26,4,4,1,3,3,2,4,2,3,2,3,0,0,None,Default,18,3,3,1,3,3,2,3
,_.sb3,27,3,3,4,3,2,2,4,2,4,0,0,3,3,None,Default,19,3,3,3,3,2,2,3
,CO2 fr.sb3,20,1,2,1,3,3,2,4,2,2,2,9,1,1,None,Default,15,1,2,1,3,3,2,3
,Car Game.sb3,23,1,4,1,3,2,2,4,2,4,2,1,1,0,None,Default,15,1,3,1,3,2,2,3
,Deforestation Game.sb3,31,4,4,4,3,2,4,4,4,2,2,5,0,1,None,Default,20,3,3,3,3,2,3,3
,Global Warming.sb3,22,1,4,1,3,3,3,4,2,1,3,0,15,8,None,Default,17,1,3,1,3,3,3,3
,The Polar Bear.sb3,25,1,4,4,4,3,2,4,2,1,0,0,7,4,None,Default,18,1,3,3,3,3,2,3
,Co2 DASH.sb3,24,1,4,1,3,2,3,4,2,4,0,2,7,1,None,Default,16,1,3,1,3,2,3,3
,Climate Change and the CO2 Succa.sb3,25,1,4,1,3,4,3,4,2,3,0,0,0,1,None,Default,17,1,3,1,3,3,3,3
,trash collect.sb3,24,1,4,2,3,2,2,4,2,4,0,5,0,0,None,Default,16,1,3,2,3,2,2,3
,Save the penguin _).sb3,15,1,1,1,0,2,2,4,0,4,0,0,0,8,None,Default,10,1,1,1,0,2,2,3
,Carbon Clicker.sb3,24,1,4,1,2,3,3,4,2,4,0,2,0,0,None,Default,16,1,3,1,2,3,3,3
,Trees vs CO2.sb3,24,1,4,1,3,4,2,4,2,3,2,0,10,0,None,Default,16,1,3,1,3,3,2,3
,Industry Interlopers.sb3,17,1,1,1,3,2,2,4,2,1,0,0,0,1,None,Default,13,1,1,1,3,2,2,3
,Chasing CO2.sb3,20,1,1,1,4,2,1,4,2,4,0,2,0,1,None,Default,12,1,1,1,3,2,1,3
,Deflecting UV Rays.sb3,12,1,1,1,2,2,2,2,0,1,0,0,2,1,None,Default,11,1,1,1,2,2,2,2
,Fortnite.sb3,23,2,4,1,3,2,2,4,2,3,61,7,4,0,None,Default,16,2,3,1,3,2,2,3
,Climate Change Simulation .sb3,22,1,4,1,3,1,3,4,2,3,0,1,10,1,None,Default,15,1,3,1,3,1,3,3
,Saving Antarctica.sb3,23,1,4,1,3,2,2,4,2,4,0,1,1,2,None,Default,15,1,3,1,3,2,2,3
,sean and josh.sb3,18,1,4,1,3,2,2,1,0,4,4,4,1,1,None,Default,13,1,3,1,3,2,2,1
,"CL, LL climate change game.sb3",17,1,2,1,0,2,2,4,2,3,2,0,3,0,None,Default,11,1,2,1,0,2,2,3
,Climate Change_ Taking Action.sb3,25,1,4,4,3,2,3,4,2,2,7,1,19,13,None,Default,18,1,3,3,3,2,3,3
,Christmas Chaos.sb3,23,1,4,4,3,2,2,4,3,0,0,0,0,0,None,Default,17,1,3,3,3,2,2,3
,What Should you do_.sb3,14,1,4,0,3,1,2,2,0,1,0,1,14,1,None,Default,12,1,3,0,3,1,2,2
,✨ Cow Fartopia ✨ [DEMO].sb3,20,1,2,1,3,2,2,4,2,3,0,0,2,1,None,Default,14,1,2,1,3,2,2,3
,Mitigation Game.sb3,16,1,2,1,2,2,2,4,2,0,0,0,2,1,None,Default,13,1,2,1,2,2,2,3
,capture the CO2.sb3,13,1,2,1,1,2,2,1,0,3,0,0,0,1,None,Default,10,1,2,1,1,2,2,1
,Ryan D and Weller B CC Game.sb3,25,2,3,4,2,2,2,4,2,4,2,0,2,1,None,Default,17,2,3,3,2,2,2,3
,Bikes over cars.sb3,23,2,4,1,3,2,2,4,2,3,4,0,0,0,None,Default,16,2,3,1,3,2,2,3
,Toni and Elisabeth_s Game.sb3,24,3,3,1,3,4,2,4,1,3,0,0,3,0,None,Default,18,3,3,1,3,3,2,3
,Climate Clikerz.sb3,16,1,1,1,3,2,2,4,2,0,0,0,0,0,None,Default,13,1,1,1,3,2,2,3
,climate change Co2.sb3,23,1,4,1,3,3,2,4,2,3,10,3,0,1,None,Default,16,1,3,1,3,3,2,3
,Meat Defeat!!!.sb3,24,1,4,1,3,2,3,4,2,4,0,6,9,1,None,Default,16,1,3,1,3,2,3,3
,Climate Change Project_ Saving the penguin.sb3,24,1,4,1,3,3,2,4,2,4,8,0,2,1,None,Default,16,1,3,1,3,3,2,3
,Capture the CO2 (1).sb3,19,1,1,1,2,2,2,4,2,4,0,0,5,0,None,Default,12,1,1,1,2,2,2,3
,Climate change Dari A-F.sb3,29,3,4,4,4,3,3,4,2,2,4,49,0,0,None,Default,21,3,3,3,3,3,3,3
,Untitled-2 (1).sb3,11,0,0,1,1,1,2,4,2,0,0,0,0,0,None,Default,8,0,0,1,1,1,2,3
,Eujin and Julia.sb3,27,3,4,4,3,3,2,4,3,1,0,12,48,1,None,Default,20,3,3,3,3,3,2,3
,Co2 Clouds Game.sb3,22,1,4,1,3,2,2,4,2,3,0,0,0,0,None,Default,15,1,3,1,3,2,2,3
,Rambunctious Recycling.sb3,19,1,2,1,2,4,2,4,2,1,0,4,0,1,None,Default,14,1,2,1,2,3,2,3
,Garrett and Justin_s banger project.sb3,24,1,4,1,3,4,2,4,2,3,0,2,2,0,None,Default,16,1,3,1,3,3,2,3
,COLLECT THE CO2            .sb3,24,1,2,4,3,2,2,4,2,4,3,0,0,1,None,Default,16,1,2,3,3,2,2,3
,"Dodge, Duck and Jump.sb3",22,2,4,2,2,2,2,4,2,2,0,1,1,0,None,Default,16,2,3,2,2,2,2,3
,Earth Vs Climate change Dodge ball game.sb3,21,1,4,1,3,2,2,4,2,2,12,1,1,0,None,Default,15,1,3,1,3,2,2,3
,♥crazy cows♥.sb3,23,1,4,1,3,2,2,4,2,4,2,8,15,0,None,Default,15,1,3,1,3,2,2,3
,Climate Change Pong Finished Version.sb3,23,3,4,1,3,2,2,4,2,2,0,0,4,4,None,Default,17,3,3,1,3,2,2,3
,Atmosphere game .sb3,33,4,4,4,3,4,4,4,2,4,0,1,0,1,None,Default,21,3,3,3,3,3,3,3
,JacksonNatalieproject.sb3,26,1,4,4,3,2,2,4,2,4,0,0,2,2,None,Default,17,1,3,3,3,2,2,3
,Save The Ocean_ A Crab Game.sb3,27,1,4,1,3,4,2,4,4,4,2,4,8,1,None,Default,16,1,3,1,3,3,2,3
,climate change game.sb3,13,1,4,0,3,2,2,1,0,0,0,1,0,1,None,Default,12,1,3,0,3,2,2,1
,Reflecting Ice Project.sb3,20,1,4,1,3,2,1,4,2,2,0,0,0,0,None,Default,14,1,3,1,3,2,1,3
,TreezRKool.sb3,21,1,4,1,3,2,3,4,2,1,0,0,1,3,None,Default,16,1,3,1,3,2,3,3
,SpAcE pOnG.sb3,18,3,2,1,2,2,2,4,0,2,0,1,1,0,None,Default,15,3,2,1,2,2,2,3
,Troubled Waters.sb3,23,1,4,1,3,2,2,4,2,4,0,0,5,0,None,Default,15,1,3,1,3,2,2,3
,Hydrosphere Box Game.sb3,17,1,3,1,3,2,4,2,0,1,0,4,0,0,None,Default,15,1,3,1,3,2,3,2
,reducing co2 maze by madi and paige.sb3,17,1,1,1,3,2,2,4,2,1,0,0,0,1,None,Default,13,1,1,1,3,2,2,3
,Brick Breaker remix.sb3,22,1,1,1,3,4,2,4,2,4,0,0,0,0,None,Default,14,1,1,1,3,3,2,3
,Catch the Monkey.sb3,18,1,1,1,1,2,2,4,2,4,2,0,8,1,None,Default,11,1,1,1,1,2,2,3
,co2 emmision game .sb3,15,1,2,0,3,2,4,2,0,1,0,0,0,0,None,Default,13,1,2,0,3,2,3,2
,Hurricane Paddle.sb3,16,1,4,1,3,2,2,1,0,2,8,0,0,0,None,Default,13,1,3,1,3,2,2,1
,Co2 Game.sb3,20,1,3,4,3,2,4,2,0,1,4,4,0,0,None,Default,17,1,3,3,3,2,3,2
,Cars and co2.sb3,20,1,2,1,2,2,2,4,2,4,0,0,2,1,None,Default,13,1,2,1,2,2,2,3
,Franki and Elena_s game.sb3,21,1,1,4,3,1,2,4,2,3,0,6,0,1,None,Default,14,1,1,3,3,1,2,3
,Kenny Michael.sb3,23,1,4,1,3,2,2,4,2,4,14,5,0,3,None,Default,15,1,3,1,3,2,2,3
,Stop Global Warming.sb3,28,1,4,4,4,3,2,4,2,4,13,0,16,3,None,Default,18,1,3,3,3,3,2,3
,Impacts on wildlife.sb3,14,1,1,1,0,2,2,4,2,1,0,0,3,1,None,Default,10,1,1,1,0,2,2,3
,Factory Game Thalia and Jehan .sb3,22,1,4,1,3,2,2,4,2,3,0,0,0,0,None,Default,15,1,3,1,3,2,2,3
,Episode (Carbon edition).sb3,28,3,4,4,3,2,2,4,2,4,0,1,16,0,None,Default,19,3,3,3,3,2,2,3
,systems from scratch.sb3,30,3,4,4,4,3,3,4,4,1,0,4,0,1,None,Default,21,3,3,3,3,3,3,3
,Reduce dat boi Co2 in the Atmosphere.sb3,18,1,1,1,2,2,2,4,2,3,0,5,0,2,None,Default,12,1,1,1,2,2,2,3
,Chainsaw guy.sb3,24,1,4,4,3,2,2,4,2,2,2,8,3,0,None,Default,17,1,3,3,3,2,2,3
,New Science Scratch.sb3,20,1,1,1,3,2,2,4,2,4,0,0,0,0,None,Default,13,1,1,1,3,2,2,3
,THE GLOBAL WARMING game!.sb3,21,1,4,1,3,2,2,4,2,2,0,0,4,0,None,Default,15,1,3,1,3,2,2,3
,Austin & Clarence.sb3,24,3,3,4,2,2,2,4,3,1,0,0,0,1,None,Default,18,3,3,3,2,2,2,3
,Lasagna feat. Ludacris.sb3,16,1,3,1,3,3,1,1,0,3,0,2,1,0,None,Default,13,1,3,1,3,3,1,1
,Carbon Capture.sb3,17,1,1,1,0,2,2,4,2,4,0,0,0,1,None,Default,10,1,1,1,0,2,2,3
,Oxygen VS CO2-Climate Change.sb3,24,1,4,1,2,3,3,4,2,4,0,0,0,0,None,Default,16,1,3,1,2,3,3,3
,saving energy.sb3,0,0,0,0,0,0,0,0,0,0,0,0,2,5,None,Default,0,0,0,0,0,0,0,0
,Carbon Catcher.sb3,19,1,1,1,2,2,2,4,2,4,0,0,0,0,None,Default,12,1,1,1,2,2,2,3
,Iceberg Mania (1).sb3,22,1,4,1,3,2,2,4,2,3,0,0,0,0,None,Default,15,1,3,1,3,2,2,3
,Fight the Pollution!.sb3,23,4,3,1,3,2,2,4,2,2,0,1,0,3,None,Default,17,3,3,1,3,2,2,3
,Save the City! .sb3,18,1,4,1,3,2,2,2,0,3,0,0,3,0,None,Default,14,1,3,1,3,2,2,2
,heewon and audrey.sb3,34,4,4,4,4,4,4,4,2,4,13,707,1,0,None,Default,21,3,3,3,3,3,3,3
,Forest Defender Duo.sb3,31,4,4,4,3,4,2,4,2,4,0,5,2,2,None,Default,20,3,3,3,3,3,2,3
,Climate change game!!!!.sb3,19,1,2,1,2,2,2,4,2,3,0,1,0,1,None,Default,13,1,2,1,2,2,2,3
,choosey choices.sb3,16,1,3,1,3,1,2,2,0,3,0,4,0,1,None,Default,13,1,3,1,3,1,2,2
,Carbon Capitalist.sb3,27,1,4,2,4,4,3,4,2,3,0,0,1,2,None,Default,18,1,3,2,3,3,3,3
,Untitled (2).sb3,11,1,2,0,0,4,2,1,0,1,0,0,0,1,None,Default,9,1,2,0,0,3,2,1
,FartMan™.sb3,17,1,1,1,3,2,2,4,2,1,0,2,0,2,None,Default,13,1,1,1,3,2,2,3
,A Day of Choices  .sb3,15,1,4,0,3,1,2,1,0,3,4,0,0,0,None,Default,11,1,3,0,3,1,2,1
,Climate Change Game (3).sb3,25,1,4,4,3,2,2,4,2,3,2,1,0,8,None,Default,17,1,3,3,3,2,2,3
,Meat Defeat!!! (1).sb3,24,1,4,1,3,2,3,4,2,4,0,6,9,1,None,Default,16,1,3,1,3,2,3,3
,Katharine and Carla_s Game.sb3,14,4,3,1,1,2,1,1,0,1,0,0,1,1,None,Default,12,3,3,1,1,2,1,1
,Daniel Scott.sb3,12,1,2,1,2,2,2,2,0,0,0,2,1,1,None,Default,12,1,2,1,2,2,2,2
,polar blast.sb3,19,1,2,1,1,2,2,4,2,4,0,0,2,1,None,Default,12,1,2,1,1,2,2,3
,GHGs Game.sb3,24,3,4,1,3,3,3,4,2,1,2,0,2,0,None,Default,19,3,3,1,3,3,3,3
,Building A House.sb3,21,1,4,0,3,1,2,4,3,3,5,0,1,1,None,Default,13,1,3,0,3,1,2,3
,_Be Green ($) or Be Clean (environmentally speaking).sb3,17,3,4,0,2,2,2,1,0,3,2,1,0,1,None,Default,13,3,3,0,2,2,2,1
,Deforestation (1).sb3,17,1,4,1,3,2,2,2,0,2,2,3,3,6,None,Default,14,1,3,1,3,2,2,2
,Time Is Fuel.sb3,27,3,4,1,3,4,2,4,2,4,14,0,0,1,None,Default,18,3,3,1,3,3,2,3
,Climate Change Game.sb3,25,1,4,4,3,2,2,4,2,3,2,1,0,8,None,Default,17,1,3,3,3,2,2,3
,STORY (1).sb3,15,1,3,0,3,2,2,1,0,3,0,0,0,1,None,Default,12,1,3,0,3,2,2,1
,Capture the CO2.sb3,19,1,1,1,2,2,2,4,2,4,0,0,5,0,None,Default,12,1,1,1,2,2,2,3
,Iceberg Mania.sb3,22,1,4,1,3,2,2,4,2,3,0,0,0,0,None,Default,15,1,3,1,3,2,2,3
,Ocean CO2 .sb3,22,1,1,1,3,4,2,4,2,4,0,0,0,1,None,Default,14,1,1,1,3,3,2,3
,Carbon Catcher (1).sb3,19,1,1,1,2,2,2,4,2,4,0,0,0,0,None,Default,12,1,1,1,2,2,2,3
,Cloud Chaser.sb3,22,1,4,1,3,2,3,4,2,2,0,0,0,2,None,Default,16,1,3,1,3,2,3,3
,Cole and Ryan.sb3,26,4,4,1,2,4,4,4,2,1,0,0,8,1,None,Default,18,3,3,1,2,3,3,3
,save the ice blocks.sb3,19,1,1,1,2,2,2,4,2,4,0,0,5,0,None,Default,12,1,1,1,2,2,2,3
,Avoid the clothes.sb3,12,1,1,1,1,2,2,2,0,2,4,0,2,2,None,Default,10,1,1,1,1,2,2,2
,log jumper.sb3,14,1,1,1,2,2,2,1,0,4,0,0,1,1,None,Default,10,1,1,1,2,2,2,1
,Planet-Saving with Parker! (transportation-_strategy.sb3,26,1,4,1,3,4,4,4,2,3,0,6,8,2,None,Default,17,1,3,1,3,3,3,3
,Carbon Emmisions.sb3,18,1,4,1,3,2,2,1,0,4,0,2,1,0,None,Default,13,1,3,1,3,2,2,1
,Cycle of Consumerism.sb3,29,3,4,4,4,4,3,4,2,1,0,3,37,0,None,Default,21,3,3,3,3,3,3,3
,Save the Trees!!!.sb3,13,1,2,0,3,3,2,1,0,1,0,0,0,1,None,Default,12,1,2,0,3,3,2,1
,kill the CO2.sb3,21,4,3,1,4,2,1,2,0,4,0,0,3,1,None,Default,15,3,3,1,3,2,1,2
,Global Warming_ The Game.sb3,24,1,4,1,3,3,2,4,2,4,0,1,2,0,None,Default,16,1,3,1,3,3,2,3
,Scuba dive to save the world.sb3,19,1,4,1,3,4,2,2,0,2,0,0,9,0,None,Default,15,1,3,1,3,3,2,2
