url,filename,number,spriteNaming1,spriteNaming2,spriteNaming3,spriteNaming4,spriteNaming5,spriteNaming6,spriteNaming7
https://scratch.mit.edu/projects/957967074/,https://scratch.mit.edu/projects/957967074/,7,Sprite1,Sprite2,Sprite4,Sprite3,Sprite5,Sprite6,Sprite7
https://scratch.mit.edu/projects/747653991/,https://scratch.mit.edu/projects/747653991/,1,Sprite1,N/A,N/A,N/A,N/A,N/A,N/A
https://scratch.mit.edu/projects/882093984/,https://scratch.mit.edu/projects/882093984/,0,N/A,N/A,N/A,N/A,N/A,N/A,N/A
https://scratch.mit.edu/projects/747653991/,https://scratch.mit.edu/projects/747653991/,1,Sprite1,N/A,N/A,N/A,N/A,N/A,N/A
