url,filename,number,backdropNaming1
https://scratch.mit.edu/projects/948664627/,https://scratch.mit.edu/projects/948664627/,1,backdrop1
https://scratch.mit.edu/projects/948664627/,https://scratch.mit.edu/projects/948664627/,1,backdrop1
https://scratch.mit.edu/projects/948664627/,https://scratch.mit.edu/projects/948664627/,1,backdrop1
https://scratch.mit.edu/projects/948664627/,https://scratch.mit.edu/projects/948664627/,1,backdrop1
https://scratch.mit.edu/projects/948664627/,https://scratch.mit.edu/projects/948664627/,1,backdrop1
https://scratch.mit.edu/projects/948664627/,https://scratch.mit.edu/projects/948664627/,1,backdrop1
https://scratch.mit.edu/projects/948664627/,https://scratch.mit.edu/projects/948664627/,1,backdrop1
https://scratch.mit.edu/projects/948664627/,https://scratch.mit.edu/projects/948664627/,1,backdrop1
