url,filename,points,Abstraction,Parallelism,Logic,Synchronization,Flow control,User interactivity,Data representation,DuplicateScripts,DeadCode,SpriteNaming,BackdropNaming,Error,dashboard_mode
https://scratch.mit.edu/projects/948664627/,https://scratch.mit.edu/projects/948664627/,5.0,1,0,0,1,1.5,0.5,1,0,0,0,1,None,Personalized
https://scratch.mit.edu/projects/948664627/,https://scratch.mit.edu/projects/948664627/,5.0,1,0,0,1,1.5,0.5,1,0,0,0,1,None,Personalized
https://scratch.mit.edu/projects/948664627/,https://scratch.mit.edu/projects/948664627/,5.0,1,0,0,1,1.5,0.5,1,0,0,0,1,None,Personalized
https://scratch.mit.edu/projects/948664627/,https://scratch.mit.edu/projects/948664627/,5.0,1,0,0,1,1.5,0.5,1,0,0,0,1,None,Personalized
https://scratch.mit.edu/projects/948664627/,https://scratch.mit.edu/projects/948664627/,5.0,1,0,0,1,1.5,0.5,1,0,0,0,1,None,Personalized
https://scratch.mit.edu/projects/948664627/,https://scratch.mit.edu/projects/948664627/,5.0,1,0,0,1,1.5,0.5,1,0,0,0,1,None,Personalized
https://scratch.mit.edu/projects/948664627/,https://scratch.mit.edu/projects/948664627/,5.0,1,0,0,1,1.5,0.5,1,0,0,0,1,None,Personalized
https://scratch.mit.edu/projects/948664627/,https://scratch.mit.edu/projects/948664627/,5.0,1,0,0,1,1.5,0.5,1,0,0,0,1,None,Personalized
