url,filename,number,backdropNaming1,backdropNaming2,backdropNaming3,backdropNaming4,backdropNaming5,backdropNaming6,backdropNaming7,backdropNaming8
,Co2 vs. shellfish.sb3,0,N/A,N/A,N/A,N/A,N/A,N/A,N/A,N/A
,Albedo Project.sb3,1,backdrop1,N/A,N/A,N/A,N/A,N/A,N/A,N/A
,Loggers.sb3,3,backdrop1,backdrop2,backdrop3,N/A,N/A,N/A,N/A,N/A
,Factories Taking Over The Atmosphere.sb3,1,backdrop2,N/A,N/A,N/A,N/A,N/A,N/A,N/A
,Save the Polor Bear.sb3,0,N/A,N/A,N/A,N/A,N/A,N/A,N/A,N/A
,Untitled-2.sb3,1,backdrop1,N/A,N/A,N/A,N/A,N/A,N/A,N/A
,Water Levels-LilyStaceyHenri.sb3,0,N/A,N/A,N/A,N/A,N/A,N/A,N/A,N/A
,Help the Turtle!.sb3,0,N/A,N/A,N/A,N/A,N/A,N/A,N/A,N/A
,Carbon Run.sb3,1,backdrop1,N/A,N/A,N/A,N/A,N/A,N/A,N/A
,Molly and Alishba_s scratch science game  copy-2 copy copy copy.sb3,1,backdrop1,N/A,N/A,N/A,N/A,N/A,N/A,N/A
,Untitled.sb3,0,N/A,N/A,N/A,N/A,N/A,N/A,N/A,N/A
,Climate Change Game (1).sb3,0,N/A,N/A,N/A,N/A,N/A,N/A,N/A,N/A
,Climate Change.sb3,1,backdrop1,N/A,N/A,N/A,N/A,N/A,N/A,N/A
,Potato_s adventure.sb3,3,backdrop1,backdrop2,backdrop3,N/A,N/A,N/A,N/A,N/A
,Climate Change Game-2.sb3,2,goodbye backdrop,game info backdrop,N/A,N/A,N/A,N/A,N/A,N/A
,The Battle Against Radiation.sb3,1,backdrop1,N/A,N/A,N/A,N/A,N/A,N/A,N/A
,Save the Earth.sb3,0,N/A,N/A,N/A,N/A,N/A,N/A,N/A,N/A
,factory .sb3,1,backdrop1,N/A,N/A,N/A,N/A,N/A,N/A,N/A
,help the polar bear.sb3,0,N/A,N/A,N/A,N/A,N/A,N/A,N/A,N/A
,Penguin Game .sb3,3,backdrop1,backdrop2,backdrop3,N/A,N/A,N/A,N/A,N/A
,Plant Man IV.sb3,0,N/A,N/A,N/A,N/A,N/A,N/A,N/A,N/A
,Greenite_ The Greenining.sb3,0,N/A,N/A,N/A,N/A,N/A,N/A,N/A,N/A
,Car Game.sb3,0,N/A,N/A,N/A,N/A,N/A,N/A,N/A,N/A
,Global Warming.sb3,8,backdrop1,backdrop2,backdrop3,backdrop4,backdrop6,backdrop5,backdrop7,backdrop8
,Co2 DASH.sb3,1,backdrop1,N/A,N/A,N/A,N/A,N/A,N/A,N/A
,trash collect.sb3,0,N/A,N/A,N/A,N/A,N/A,N/A,N/A,N/A
,Save the penguin _).sb3,8,backdrop5,backdrop2,backdrop6,backdrop3,backdrop8,backdrop1,backdrop4,backdrop7
,Carbon Clicker.sb3,0,N/A,N/A,N/A,N/A,N/A,N/A,N/A,N/A
,Industry Interlopers.sb3,1,backdrop1,N/A,N/A,N/A,N/A,N/A,N/A,N/A
,Saving Antarctica.sb3,2,backdrop1,backdrop2,N/A,N/A,N/A,N/A,N/A,N/A
,"CL, LL climate change game.sb3",0,N/A,N/A,N/A,N/A,N/A,N/A,N/A,N/A
,Christmas Chaos.sb3,0,N/A,N/A,N/A,N/A,N/A,N/A,N/A,N/A
,Mitigation Game.sb3,1,backdrop1,N/A,N/A,N/A,N/A,N/A,N/A,N/A
,Climate Change Project_ Saving the penguin.sb3,1,backdrop1,N/A,N/A,N/A,N/A,N/A,N/A,N/A
,Untitled-2 (1).sb3,0,N/A,N/A,N/A,N/A,N/A,N/A,N/A,N/A
,JacksonNatalieproject.sb3,2,backdrop1,backdrop3,N/A,N/A,N/A,N/A,N/A,N/A
,Reflecting Ice Project.sb3,0,N/A,N/A,N/A,N/A,N/A,N/A,N/A,N/A
,TreezRKool.sb3,3,backdrop1,backdrop2,backdrop3,N/A,N/A,N/A,N/A,N/A
,Hydrosphere Box Game.sb3,0,N/A,N/A,N/A,N/A,N/A,N/A,N/A,N/A
,Brick Breaker remix.sb3,0,N/A,N/A,N/A,N/A,N/A,N/A,N/A,N/A
,Hurricane Paddle.sb3,0,N/A,N/A,N/A,N/A,N/A,N/A,N/A,N/A
,Cars and co2.sb3,1,backdrop1723,N/A,N/A,N/A,N/A,N/A,N/A,N/A
,Carbon Capture.sb3,1,backdrop1,N/A,N/A,N/A,N/A,N/A,N/A,N/A
,saving energy.sb3,5,backdrop1,backdrop2,backdrop3,backdrop4,backdrop5,N/A,N/A,N/A
,Fight the Pollution!.sb3,3,backdrop1,backdrop2,backdrop3,N/A,N/A,N/A,N/A,N/A
,Save the City! .sb3,0,N/A,N/A,N/A,N/A,N/A,N/A,N/A,N/A
,Climate change game!!!!.sb3,1,backdrop1,N/A,N/A,N/A,N/A,N/A,N/A,N/A
,FartMan™.sb3,2,backdrop2,backdrop1,N/A,N/A,N/A,N/A,N/A,N/A
,polar blast.sb3,1,backdrop2,N/A,N/A,N/A,N/A,N/A,N/A,N/A
,Climate Change Game.sb3,0,N/A,N/A,N/A,N/A,N/A,N/A,N/A,N/A
,Capture the CO2.sb3,0,N/A,N/A,N/A,N/A,N/A,N/A,N/A,N/A
,save the ice blocks.sb3,0,N/A,N/A,N/A,N/A,N/A,N/A,N/A,N/A
,Avoid the clothes.sb3,2,backdrop2,backdrop1,N/A,N/A,N/A,N/A,N/A,N/A
,log jumper.sb3,1,backdrop1,N/A,N/A,N/A,N/A,N/A,N/A,N/A
,Carbon Emmisions.sb3,0,N/A,N/A,N/A,N/A,N/A,N/A,N/A,N/A
,Save the Trees!!!.sb3,1,backdrop1,N/A,N/A,N/A,N/A,N/A,N/A,N/A
,kill the CO2.sb3,1,backdrop1,N/A,N/A,N/A,N/A,N/A,N/A,N/A
