url,filename,number,backdropNaming1,backdropNaming2,backdropNaming3,backdropNaming4
https://scratch.mit.edu/projects/957967074/,https://scratch.mit.edu/projects/957967074/,4,backdrop1,backdrop2,backdrop4,backdrop3
https://scratch.mit.edu/projects/747653991/,https://scratch.mit.edu/projects/747653991/,1,backdrop1,N/A,N/A,N/A
https://scratch.mit.edu/projects/882093984/,https://scratch.mit.edu/projects/882093984/,1,backdrop1,N/A,N/A,N/A
https://scratch.mit.edu/projects/953962827/,https://scratch.mit.edu/projects/953962827/,0,N/A,N/A,N/A,N/A
https://scratch.mit.edu/projects/965221739/,https://scratch.mit.edu/projects/965221739/,3,backdrop1,backdrop2,backdrop3,N/A
https://scratch.mit.edu/projects/957967074/,https://scratch.mit.edu/projects/957967074/,4,backdrop1,backdrop2,backdrop4,backdrop3
https://scratch.mit.edu/projects/747653991/,https://scratch.mit.edu/projects/747653991/,1,backdrop1,N/A,N/A,N/A
https://scratch.mit.edu/projects/882093984/,https://scratch.mit.edu/projects/882093984/,1,backdrop1,N/A,N/A,N/A
https://scratch.mit.edu/projects/953962827/,https://scratch.mit.edu/projects/953962827/,0,N/A,N/A,N/A,N/A
https://scratch.mit.edu/projects/965221739/,https://scratch.mit.edu/projects/965221739/,3,backdrop1,backdrop2,backdrop3,N/A
