url,filename,number,duplicateScript_1,duplicateScript_2,duplicateScript_3,duplicateScript_4,duplicateScript_5,duplicateScript_6,duplicateScript_7,duplicateScript_8,duplicateScript_9,duplicateScript_10,duplicateScript_11,duplicateScript_12,duplicateScript_13,duplicateScript_14,duplicateScript_15,duplicateScript_16,duplicateScript_17,duplicateScript_18,duplicateScript_19,duplicateScript_20,duplicateScript_21,duplicateScript_22,duplicateScript_23,duplicateScript_24
https://scratch.mit.edu/projects/957967074/,https://scratch.mit.edu/projects/957967074/,0,N/A,N/A,N/A,N/A,N/A,N/A,N/A,N/A,N/A,N/A,N/A,N/A,N/A,N/A,N/A,N/A,N/A,N/A,N/A,N/A,N/A,N/A,N/A,N/A
https://scratch.mit.edu/projects/747653991/,https://scratch.mit.edu/projects/747653991/,0,N/A,N/A,N/A,N/A,N/A,N/A,N/A,N/A,N/A,N/A,N/A,N/A,N/A,N/A,N/A,N/A,N/A,N/A,N/A,N/A,N/A,N/A,N/A,N/A
https://scratch.mit.edu/projects/882093984/,https://scratch.mit.edu/projects/882093984/,0,N/A,N/A,N/A,N/A,N/A,N/A,N/A,N/A,N/A,N/A,N/A,N/A,N/A,N/A,N/A,N/A,N/A,N/A,N/A,N/A,N/A,N/A,N/A,N/A
https://scratch.mit.edu/projects/953962827/,https://scratch.mit.edu/projects/953962827/,6,N/A,N/A,N/A,N/A,N/A,N/A,N/A,N/A,N/A,N/A,N/A,N/A,N/A,N/A,N/A,N/A,N/A,N/A,N/A,N/A,N/A,N/A,N/A,N/A
https://scratch.mit.edu/projects/965221739/,https://scratch.mit.edu/projects/965221739/,0,N/A,N/A,N/A,N/A,N/A,N/A,N/A,N/A,N/A,N/A,N/A,N/A,N/A,N/A,N/A,N/A,N/A,N/A,N/A,N/A,N/A,N/A,N/A,N/A
