url,filename,points,Abstraction,Parallelism,Logic,Synchronization,Flow control,User interactivity,Data representation,Math operators,Motion operators,DuplicateScripts,DeadCode,SpriteNaming,BackdropNaming,Error,dashboard_mode,Van points,Van Abstraction,Van Parallelism,Van Logic,Van Synchronization,Van Flow control,Van User interactivity,Van Data representation,tot_blocks
https://scratch.mit.edu/projects/948664627/,https://scratch.mit.edu/projects/948664627/,2,1/2,0/2,0/2,0/0,0/0,0/0,1/2,0/2,0/2,0,0,0,1,None,Default,2,1/3,0/3,0/3,0/3,0/3,0/3,1/3,14
https://scratch.mit.edu/projects/948664627/,https://scratch.mit.edu/projects/948664627/,2,1/2,0/2,0/2,0/0,0/0,0/0,1/2,0/2,0/2,0,0,0,1,None,Default,2,1/3,0/3,0/3,0/3,0/3,0/3,1/3,14
https://scratch.mit.edu/projects/948664627/,https://scratch.mit.edu/projects/948664627/,2,1/2,0/2,0/2,0/0,0/0,0/0,1/2,0/2,0/2,0,0,0,1,None,Default,2,1/3,0/3,0/3,0/3,0/3,0/3,1/3,14
https://scratch.mit.edu/projects/948664627/,https://scratch.mit.edu/projects/948664627/,2,1/2,0/2,0/2,0/0,0/0,0/0,1/2,0/2,0/2,0,0,0,1,None,Default,2,1/3,0/3,0/3,0/3,0/3,0/3,1/3,14
https://scratch.mit.edu/projects/948664627/,https://scratch.mit.edu/projects/948664627/,2,1/2,0/2,0/2,0/0,0/0,0/0,1/2,0/2,0/2,0,0,0,1,None,Default,2,1/3,0/3,0/3,0/3,0/3,0/3,1/3,14
https://scratch.mit.edu/projects/948664627/,https://scratch.mit.edu/projects/948664627/,2,1/2,0/2,0/2,0/0,0/0,0/0,1/2,0/2,0/2,0,0,0,1,None,Default,2,1/3,0/3,0/3,0/3,0/3,0/3,1/3,14
https://scratch.mit.edu/projects/948664627/,https://scratch.mit.edu/projects/948664627/,2,1/2,0/2,0/2,0/0,0/0,0/0,1/2,0/2,0/2,0,0,0,1,None,Default,2,1/3,0/3,0/3,0/3,0/3,0/3,1/3,14
https://scratch.mit.edu/projects/948664627/,https://scratch.mit.edu/projects/948664627/,2,1/2,0/2,0/2,0/0,0/0,0/0,1/2,0/2,0/2,0,0,0,1,None,Default,2,1/3,0/3,0/3,0/3,0/3,0/3,1/3,14
