url,filename,points,Abstraction,Parallelism,Logic,Synchronization,Flow control,User interactivity,Data representation,Math operators,Motion operators,DuplicateScripts,DeadCode,SpriteNaming,BackdropNaming,Error,dashboard_mode
,birdygethem.sb3,18,1,1,1,2,4,1,4,2,2,0,1,0,0,None,Default
,GAME SUMMERS TIRABASSI.sb3,19,1,2,1,2,2,4,3,0,4,0,3,0,2,None,Default
,Cloud collectors .sb3,15,1,1,1,2,2,2,2,0,4,0,1,0,0,None,Default
,ocean climate .sb3,12,0,0,2,0,1,2,4,2,1,0,0,0,1,None,Default
,Deforestation.sb3,10,1,1,1,1,1,2,2,0,1,0,3,0,1,None,Default
,Roy_ A Life Well Lived.sb3,14,1,4,0,3,1,2,1,0,2,0,0,0,0,None,Default
,snowflake collect.sb3,20,1,2,1,2,2,2,4,2,4,0,0,0,1,None,Default
,Lumberjack Attack.sb3,20,1,1,1,3,1,2,4,3,4,0,1,0,1,None,Default
,Harsh Tree Why Me..sb3,11,1,1,1,0,2,2,1,0,3,0,0,1,0,None,Default
,Temperature Changes.sb3,20,1,4,1,3,2,2,4,2,1,14,1,1,0,None,Default
,Co2 Collector.sb3,28,4,4,4,3,4,2,4,2,1,0,1,0,0,None,Default
,Save Snows and Pennys Home! (Multiplayer).sb3,19,1,2,1,1,2,2,4,2,4,4,2,0,1,None,Default
,Trees vs CO2.sb3,24,1,4,1,3,4,2,4,2,3,2,0,10,0,None,Default
,Chasing CO2.sb3,20,1,1,1,4,2,1,4,2,4,0,2,0,1,None,Default
,Deflecting UV Rays.sb3,12,1,1,1,2,2,2,2,0,1,0,0,2,1,None,Default
,✨ Cow Fartopia ✨ [DEMO].sb3,20,1,2,1,3,2,2,4,2,3,0,0,2,1,None,Default
,capture the CO2.sb3,13,1,2,1,1,2,2,1,0,3,0,0,0,1,None,Default
,climate change Co2.sb3,23,1,4,1,3,3,2,4,2,3,10,3,0,1,None,Default
,Co2 Clouds Game.sb3,22,1,4,1,3,2,2,4,2,3,0,0,0,0,None,Default
,COLLECT THE CO2            .sb3,24,1,2,4,3,2,2,4,2,4,3,0,0,1,None,Default
,♥crazy cows♥.sb3,23,1,4,1,3,2,2,4,2,4,2,8,15,0,None,Default
,climate change game.sb3,13,1,4,0,3,2,2,1,0,0,0,1,0,1,None,Default
,reducing co2 maze by madi and paige.sb3,17,1,1,1,3,2,2,4,2,1,0,0,0,1,None,Default
,Catch the Monkey.sb3,18,1,1,1,1,2,2,4,2,4,2,0,8,1,None,Default
,Co2 Game.sb3,20,1,3,4,3,2,4,2,0,1,4,4,0,0,None,Default
,Impacts on wildlife.sb3,14,1,1,1,0,2,2,4,2,1,0,0,3,1,None,Default
,Oxygen VS CO2-Climate Change.sb3,24,1,4,1,2,3,3,4,2,4,0,0,0,0,None,Default
,A Day of Choices  .sb3,15,1,4,0,3,1,2,1,0,3,4,0,0,0,None,Default
,Deforestation (1).sb3,17,1,4,1,3,2,2,2,0,2,2,3,3,6,None,Default
,Time Is Fuel.sb3,27,3,4,1,3,4,2,4,2,4,14,0,0,1,None,Default
,Ocean CO2 .sb3,22,1,1,1,3,4,2,4,2,4,0,0,0,1,None,Default
,Cloud Chaser.sb3,22,1,4,1,3,2,3,4,2,2,0,0,0,2,None,Default
,Global Warming_ The Game.sb3,24,1,4,1,3,3,2,4,2,4,0,1,2,0,None,Default
,Scuba dive to save the world.sb3,19,1,4,1,3,4,2,2,0,2,0,0,9,0,None,Default
