url,filename,points,Abstraction,Parallelism,Logic,Synchronization,Flow control,User interactivity,Data representation,Math operators,Motion operators,DuplicateScripts,DeadCode,SpriteNaming,BackdropNaming,Error,dashboard_mode,Van points,Van Abstraction,Van Parallelism,Van Logic,Van Synchronization,Van Flow control,Van User interactivity,Van Data representation,tot_blocks
,Carbon Crusher.sb3,32,3/4,4/4,4/4,4/4,4/4,3/4,4/4,2/4,4/4,2,3,1,1,None,Default,21,3/3,3/3,3/3,3/3,3/3,3/3,3/3,445
,Albedo Pong.sb3,20,1/4,1/4,4/4,2/4,2/4,1/4,4/4,3/4,2/4,0,6,1,0,None,Default,13,1/3,1/3,3/3,2/3,2/3,1/3,3/3,185
,Ice Cap Hero!.sb3,33,4/4,4/4,4/4,4/4,3/4,3/4,4/4,3/4,4/4,2,5,4,0,None,Default,21,3/3,3/3,3/3,3/3,3/3,3/3,3/3,507
,Pet Earth!.sb3,10,1/4,2/4,1/4,0/4,1/4,2/4,1/4,0/4,2/4,0,0,4,5,None,Default,8,1/3,2/3,1/3,0/3,1/3,2/3,1/3,78
,Adventures of TreeGuy.sb3,32,4/4,4/4,4/4,3/4,3/4,3/4,4/4,3/4,4/4,4,3,1,1,None,Default,21,3/3,3/3,3/3,3/3,3/3,3/3,3/3,809
,Anjali and Mariana-3.sb3,27,4/4,4/4,1/4,3/4,3/4,2/4,4/4,2/4,4/4,2,1,3,0,None,Default,18,3/3,3/3,1/3,3/3,3/3,2/3,3/3,463
,Carbon Clicker.sb3,17,1/4,4/4,1/4,3/4,2/4,2/4,2/4,0/4,2/4,0,1,25,0,None,Default,14,1/3,3/3,1/3,3/3,2/3,2/3,2/3,595
,heewon and audrey.sb3,33,4/4,4/4,4/4,4/4,4/4,3/4,4/4,2/4,4/4,13,707,1,0,None,Default,21,3/3,3/3,3/3,3/3,3/3,3/3,3/3,8091
,Amanda and Joyce-2.sb3,17,1/4,4/4,0/4,3/4,2/4,2/4,2/4,0/4,3/4,0,1,11,0,None,Default,13,1/3,3/3,0/3,3/3,2/3,2/3,2/3,508
,Save the Atmosphere!.sb3,27,1/4,4/4,4/4,4/4,3/4,2/4,4/4,2/4,3/4,7,17,5,2,None,Default,18,1/3,3/3,3/3,3/3,3/3,2/3,3/3,520
