url,filename,number,duplicateScript_1,duplicateScript_2,duplicateScript_3,duplicateScript_4,duplicateScript_5,duplicateScript_6,duplicateScript_7,duplicateScript_8,duplicateScript_9,duplicateScript_1,duplicateScript_2,duplicateScript_3,duplicateScript_4,duplicateScript_5,duplicateScript_6,duplicateScript_1,duplicateScript_2,duplicateScript_3,duplicateScript_4,duplicateScript_5,duplicateScript_6,duplicateScript_1,duplicateScript_2,duplicateScript_3,duplicateScript_4,duplicateScript_5,duplicateScript_6
https://scratch.mit.edu/projects/957967074/,https://scratch.mit.edu/projects/957967074/,1,event_whenbroadcastreceived,looks_switchbackdropto,looks_show,looks_switchcostumeto,control_repeat_until,looks_nextcostume,control_wait,event_broadcast,looks_hide,event_whenbroadcastreceived,looks_switchbackdropto,looks_show,looks_switchcostumeto,control_repeat_until,looks_nextcostume,event_whenbroadcastreceived,looks_switchbackdropto,looks_show,looks_switchcostumeto,control_repeat_until,looks_nextcostume,event_whenbroadcastreceived,looks_switchbackdropto,looks_show,looks_switchcostumeto,control_repeat_until,looks_nextcostume
https://scratch.mit.edu/projects/747653991/,https://scratch.mit.edu/projects/747653991/,1,procedures_definition,data_setvariableto,control_repeat_until,data_changevariableby,data_insertatlist,looks_goforwardbackwardlayers,,,,procedures_definition,data_setvariableto,control_repeat_until,data_changevariableby,data_insertatlist,looks_goforwardbackwardlayers,procedures_definition,data_setvariableto,control_repeat_until,data_changevariableby,data_insertatlist,looks_goforwardbackwardlayers,procedures_definition,data_setvariableto,control_repeat_until,data_changevariableby,data_insertatlist,looks_goforwardbackwardlayers
https://scratch.mit.edu/projects/882093984/,https://scratch.mit.edu/projects/882093984/,0,N/A,N/A,N/A,N/A,N/A,N/A,,,,N/A,N/A,N/A,N/A,N/A,N/A,N/A,N/A,N/A,N/A,N/A,N/A,N/A,N/A,N/A,N/A,N/A,N/A
https://scratch.mit.edu/projects/747653991/,https://scratch.mit.edu/projects/747653991/,1,procedures_definition,data_setvariableto,control_repeat_until,data_changevariableby,data_insertatlist,looks_goforwardbackwardlayers,,,,procedures_definition,data_setvariableto,control_repeat_until,data_changevariableby,data_insertatlist,looks_goforwardbackwardlayers,procedures_definition,data_setvariableto,control_repeat_until,data_changevariableby,data_insertatlist,looks_goforwardbackwardlayers,procedures_definition,data_setvariableto,control_repeat_until,data_changevariableby,data_insertatlist,looks_goforwardbackwardlayers
https://scratch.mit.edu/projects/747653991/,https://scratch.mit.edu/projects/747653991/,1,procedures_definition,data_setvariableto,control_repeat_until,data_changevariableby,data_insertatlist,looks_goforwardbackwardlayers,,,,procedures_definition,data_setvariableto,control_repeat_until,data_changevariableby,data_insertatlist,looks_goforwardbackwardlayers,procedures_definition,data_setvariableto,control_repeat_until,data_changevariableby,data_insertatlist,looks_goforwardbackwardlayers,procedures_definition,data_setvariableto,control_repeat_until,data_changevariableby,data_insertatlist,looks_goforwardbackwardlayers
