url,filename,number,duplicateScript_1,duplicateScript_2,duplicateScript_3,duplicateScript_4,duplicateScript_5,duplicateScript_6,duplicateScript_7,duplicateScript_8,duplicateScript_9,duplicateScript_10,duplicateScript_11,duplicateScript_12,duplicateScript_13,duplicateScript_14,duplicateScript_15,duplicateScript_16,duplicateScript_17,duplicateScript_18,duplicateScript_19,duplicateScript_20,duplicateScript_21,duplicateScript_22,duplicateScript_23,duplicateScript_24,duplicateScript_25,duplicateScript_26,duplicateScript_27,duplicateScript_28,duplicateScript_29,duplicateScript_30,duplicateScript_31,duplicateScript_32,duplicateScript_33,duplicateScript_34
https://scratch.mit.edu/projects/957967074/,https://scratch.mit.edu/projects/957967074/,1,event_whenbroadcastreceived,looks_switchbackdropto,looks_show,looks_switchcostumeto,control_repeat_until,looks_nextcostume,control_wait,event_broadcast,looks_hide,N/A,N/A,N/A,N/A,N/A,N/A,N/A,N/A,N/A,N/A,N/A,N/A,N/A,N/A,N/A,N/A,N/A,N/A,N/A,N/A,N/A,N/A,N/A,N/A,N/A
https://scratch.mit.edu/projects/747653991/,https://scratch.mit.edu/projects/747653991/,1,procedures_definition,data_setvariableto,control_repeat_until,data_changevariableby,data_insertatlist,looks_goforwardbackwardlayers,N/A,N/A,N/A,N/A,N/A,N/A,N/A,N/A,N/A,N/A,N/A,N/A,N/A,N/A,N/A,N/A,N/A,N/A,N/A,N/A,N/A,N/A,N/A,N/A,N/A,N/A,N/A,N/A
https://scratch.mit.edu/projects/882093984/,https://scratch.mit.edu/projects/882093984/,1,N/A,N/A,N/A,N/A,N/A,N/A,N/A,N/A,N/A,N/A,N/A,N/A,N/A,N/A,N/A,N/A,N/A,N/A,N/A,N/A,N/A,N/A,N/A,N/A,N/A,N/A,N/A,N/A,N/A,N/A,N/A,N/A,N/A,N/A
https://scratch.mit.edu/projects/953962827/,https://scratch.mit.edu/projects/953962827/,3,control_start_as_clone,control_if,looks_show,looks_cleargraphiceffects,looks_setsizeto,motion_pointindirection,motion_gotoxy,looks_show,looks_cleargraphiceffects,looks_gotofrontback,control_forever,motion_sety,looks_gotofrontback,control_start_as_clone,control_if,motion_pointindirection,looks_show,looks_cleargraphiceffects,looks_setsizeto,control_forever,motion_gotoxy,motion_pointindirection,motion_sety,looks_goforwardbackwardlayers,looks_gotofrontback,control_start_as_clone,control_if,looks_show,looks_cleargraphiceffects,motion_gotoxy,looks_gotofrontback,control_repeat,motion_changexby,control_delete_this_clone
https://scratch.mit.edu/projects/965221739/,https://scratch.mit.edu/projects/965221739/,3,N/A,N/A,N/A,N/A,N/A,N/A,N/A,N/A,N/A,N/A,N/A,N/A,N/A,N/A,N/A,N/A,N/A,N/A,N/A,N/A,N/A,N/A,N/A,N/A,N/A,N/A,N/A,N/A,N/A,N/A,N/A,N/A,N/A,N/A
