url,filename,points,Abstraction,Parallelism,Logic,Synchronization,Flow control,User interactivity,Data representation,Math operators,Motion operators,DuplicateScripts,DeadCode,SpriteNaming,BackdropNaming,Error,dashboard_mode,Van points,Van Abstraction,Van Parallelism,Van Logic,Van Synchronization,Van Flow control,Van User interactivity,Van Data representation
https://scratch.mit.edu/projects/165069525,https://scratch.mit.edu/projects/165069525,0,0,0,0,0,0,0,0,0,0,0,0,0,0,None,Default,0,0,0,0,0,0,0,0
https://scratch.mit.edu/projects/165069525,https://scratch.mit.edu/projects/165069525,0,0,0,0,0,0,0,0,0,0,0,0,0,0,None,Default,0,0,0,0,0,0,0,0
https://scratch.mit.edu/projects/165070843,https://scratch.mit.edu/projects/165070843,0,0,0,0,0,0,0,0,0,0,0,0,0,0,None,Default,0,0,0,0,0,0,0,0
https://scratch.mit.edu/projects/165070843,https://scratch.mit.edu/projects/165070843,0,0,0,0,0,0,0,0,0,0,0,0,0,0,None,Default,0,0,0,0,0,0,0,0
https://scratch.mit.edu/projects/165073564,https://scratch.mit.edu/projects/165073564,0,0,0,0,0,0,0,0,0,0,0,0,0,0,None,Default,0,0,0,0,0,0,0,0
https://scratch.mit.edu/projects/165073564,https://scratch.mit.edu/projects/165073564,0,0,0,0,0,0,0,0,0,0,0,0,0,0,None,Default,0,0,0,0,0,0,0,0
https://scratch.mit.edu/projects/165073564,https://scratch.mit.edu/projects/165073564,0,0,0,0,0,0,0,0,0,0,0,0,0,0,None,Default,0,0,0,0,0,0,0,0
https://scratch.mit.edu/projects/165070872,https://scratch.mit.edu/projects/165070872,0,0,0,0,0,0,0,0,0,0,0,0,0,0,None,Default,0,0,0,0,0,0,0,0
https://scratch.mit.edu/projects/165070872,https://scratch.mit.edu/projects/165070872,0,0,0,0,0,0,0,0,0,0,0,0,0,0,None,Default,0,0,0,0,0,0,0,0
https://scratch.mit.edu/projects/165070872,https://scratch.mit.edu/projects/165070872,0,0,0,0,0,0,0,0,0,0,0,0,0,0,None,Default,0,0,0,0,0,0,0,0
https://scratch.mit.edu/projects/165071206,https://scratch.mit.edu/projects/165071206,0,0,0,0,0,0,0,0,0,0,0,0,0,0,None,Default,0,0,0,0,0,0,0,0
https://scratch.mit.edu/projects/165071206,https://scratch.mit.edu/projects/165071206,0,0,0,0,0,0,0,0,0,0,0,0,0,0,None,Default,0,0,0,0,0,0,0,0
https://scratch.mit.edu/projects/165072075,https://scratch.mit.edu/projects/165072075,0,0,0,0,0,0,0,0,0,0,0,0,0,0,None,Default,0,0,0,0,0,0,0,0
https://scratch.mit.edu/projects/165072075,https://scratch.mit.edu/projects/165072075,0,0,0,0,0,0,0,0,0,0,0,0,0,0,None,Default,0,0,0,0,0,0,0,0
https://scratch.mit.edu/projects/165072075,https://scratch.mit.edu/projects/165072075,0,0,0,0,0,0,0,0,0,0,0,0,0,0,None,Default,0,0,0,0,0,0,0,0
https://scratch.mit.edu/projects/165074407,https://scratch.mit.edu/projects/165074407,0,0,0,0,0,0,0,0,0,0,0,0,0,0,None,Default,0,0,0,0,0,0,0,0
https://scratch.mit.edu/projects/165074407,https://scratch.mit.edu/projects/165074407,0,0,0,0,0,0,0,0,0,0,0,0,0,0,None,Default,0,0,0,0,0,0,0,0
https://scratch.mit.edu/projects/165074407,https://scratch.mit.edu/projects/165074407,0,0,0,0,0,0,0,0,0,0,0,0,0,0,None,Default,0,0,0,0,0,0,0,0
https://scratch.mit.edu/projects/165072757,https://scratch.mit.edu/projects/165072757,0,0,0,0,0,0,0,0,0,0,0,0,0,0,None,Default,0,0,0,0,0,0,0,0
https://scratch.mit.edu/projects/165073712,https://scratch.mit.edu/projects/165073712,0,0,0,0,0,0,0,0,0,0,0,0,0,0,None,Default,0,0,0,0,0,0,0,0
https://scratch.mit.edu/projects/165073712,https://scratch.mit.edu/projects/165073712,0,0,0,0,0,0,0,0,0,0,0,0,0,0,None,Default,0,0,0,0,0,0,0,0
https://scratch.mit.edu/projects/165196926,https://scratch.mit.edu/projects/165196926,0,0,0,0,0,0,0,0,0,0,0,0,0,0,None,Default,0,0,0,0,0,0,0,0
https://scratch.mit.edu/projects/165196926,https://scratch.mit.edu/projects/165196926,0,0,0,0,0,0,0,0,0,0,0,0,0,0,None,Default,0,0,0,0,0,0,0,0
https://scratch.mit.edu/projects/165366313,https://scratch.mit.edu/projects/165366313,0,0,0,0,0,0,0,0,0,0,0,0,0,0,None,Default,0,0,0,0,0,0,0,0
https://scratch.mit.edu/projects/165366313,https://scratch.mit.edu/projects/165366313,0,0,0,0,0,0,0,0,0,0,0,0,0,0,None,Default,0,0,0,0,0,0,0,0
https://scratch.mit.edu/projects/165085276,https://scratch.mit.edu/projects/165085276,0,0,0,0,0,0,0,0,0,0,0,0,0,0,None,Default,0,0,0,0,0,0,0,0
https://scratch.mit.edu/projects/165085276,https://scratch.mit.edu/projects/165085276,0,0,0,0,0,0,0,0,0,0,0,0,0,0,None,Default,0,0,0,0,0,0,0,0
https://scratch.mit.edu/projects/165199497,https://scratch.mit.edu/projects/165199497,0,0,0,0,0,0,0,0,0,0,0,0,0,0,None,Default,0,0,0,0,0,0,0,0
https://scratch.mit.edu/projects/165199497,https://scratch.mit.edu/projects/165199497,0,0,0,0,0,0,0,0,0,0,0,0,0,0,None,Default,0,0,0,0,0,0,0,0
https://scratch.mit.edu/projects/165084615,https://scratch.mit.edu/projects/165084615,0,0,0,0,0,0,0,0,0,0,0,0,0,0,None,Default,0,0,0,0,0,0,0,0
https://scratch.mit.edu/projects/165673060,https://scratch.mit.edu/projects/165673060,0,0,0,0,0,0,0,0,0,0,0,0,0,0,None,Default,0,0,0,0,0,0,0,0
https://scratch.mit.edu/projects/165673060,https://scratch.mit.edu/projects/165673060,0,0,0,0,0,0,0,0,0,0,0,0,0,0,None,Default,0,0,0,0,0,0,0,0
https://scratch.mit.edu/projects/165085405,https://scratch.mit.edu/projects/165085405,0,0,0,0,0,0,0,0,0,0,0,0,0,0,None,Default,0,0,0,0,0,0,0,0
https://scratch.mit.edu/projects/165085405,https://scratch.mit.edu/projects/165085405,0,0,0,0,0,0,0,0,0,0,0,0,0,0,None,Default,0,0,0,0,0,0,0,0
https://scratch.mit.edu/projects/165086014,https://scratch.mit.edu/projects/165086014,0,0,0,0,0,0,0,0,0,0,0,0,0,0,None,Default,0,0,0,0,0,0,0,0
https://scratch.mit.edu/projects/165086014,https://scratch.mit.edu/projects/165086014,0,0,0,0,0,0,0,0,0,0,0,0,0,0,None,Default,0,0,0,0,0,0,0,0
https://scratch.mit.edu/projects/165083987,https://scratch.mit.edu/projects/165083987,0,0,0,0,0,0,0,0,0,0,0,0,0,0,None,Default,0,0,0,0,0,0,0,0
https://scratch.mit.edu/projects/165083987,https://scratch.mit.edu/projects/165083987,0,0,0,0,0,0,0,0,0,0,0,0,0,0,None,Default,0,0,0,0,0,0,0,0
https://scratch.mit.edu/projects/165085614,https://scratch.mit.edu/projects/165085614,0,0,0,0,0,0,0,0,0,0,0,0,0,0,None,Default,0,0,0,0,0,0,0,0
https://scratch.mit.edu/projects/165085614,https://scratch.mit.edu/projects/165085614,0,0,0,0,0,0,0,0,0,0,0,0,0,0,None,Default,0,0,0,0,0,0,0,0
https://scratch.mit.edu/projects/165084997,https://scratch.mit.edu/projects/165084997,0,0,0,0,0,0,0,0,0,0,0,0,0,0,None,Default,0,0,0,0,0,0,0,0
https://scratch.mit.edu/projects/165084997,https://scratch.mit.edu/projects/165084997,0,0,0,0,0,0,0,0,0,0,0,0,0,0,None,Default,0,0,0,0,0,0,0,0
https://scratch.mit.edu/projects/165094114,https://scratch.mit.edu/projects/165094114,0,0,0,0,0,0,0,0,0,0,0,0,0,0,None,Default,0,0,0,0,0,0,0,0
https://scratch.mit.edu/projects/165094114,https://scratch.mit.edu/projects/165094114,0,0,0,0,0,0,0,0,0,0,0,0,0,0,None,Default,0,0,0,0,0,0,0,0
https://scratch.mit.edu/projects/165366815,https://scratch.mit.edu/projects/165366815,0,0,0,0,0,0,0,0,0,0,0,0,0,0,None,Default,0,0,0,0,0,0,0,0
https://scratch.mit.edu/projects/165366815,https://scratch.mit.edu/projects/165366815,0,0,0,0,0,0,0,0,0,0,0,0,0,0,None,Default,0,0,0,0,0,0,0,0
https://scratch.mit.edu/projects/165093879,https://scratch.mit.edu/projects/165093879,0,0,0,0,0,0,0,0,0,0,0,0,0,0,None,Default,0,0,0,0,0,0,0,0
https://scratch.mit.edu/projects/165093879,https://scratch.mit.edu/projects/165093879,0,0,0,0,0,0,0,0,0,0,0,0,0,0,None,Default,0,0,0,0,0,0,0,0
https://scratch.mit.edu/projects/165216123,https://scratch.mit.edu/projects/165216123,0,0,0,0,0,0,0,0,0,0,0,0,0,0,None,Default,0,0,0,0,0,0,0,0
https://scratch.mit.edu/projects/165216123,https://scratch.mit.edu/projects/165216123,0,0,0,0,0,0,0,0,0,0,0,0,0,0,None,Default,0,0,0,0,0,0,0,0
https://scratch.mit.edu/projects/165094130,https://scratch.mit.edu/projects/165094130,0,0,0,0,0,0,0,0,0,0,0,0,0,0,None,Default,0,0,0,0,0,0,0,0
https://scratch.mit.edu/projects/165094130,https://scratch.mit.edu/projects/165094130,0,0,0,0,0,0,0,0,0,0,0,0,0,0,None,Default,0,0,0,0,0,0,0,0
https://scratch.mit.edu/projects/165208194,https://scratch.mit.edu/projects/165208194,0,0,0,0,0,0,0,0,0,0,0,0,0,0,None,Default,0,0,0,0,0,0,0,0
https://scratch.mit.edu/projects/165208194,https://scratch.mit.edu/projects/165208194,0,0,0,0,0,0,0,0,0,0,0,0,0,0,None,Default,0,0,0,0,0,0,0,0
https://scratch.mit.edu/projects/165214166,https://scratch.mit.edu/projects/165214166,0,0,0,0,0,0,0,0,0,0,0,0,0,0,None,Default,0,0,0,0,0,0,0,0
https://scratch.mit.edu/projects/165214166,https://scratch.mit.edu/projects/165214166,0,0,0,0,0,0,0,0,0,0,0,0,0,0,None,Default,0,0,0,0,0,0,0,0
https://scratch.mit.edu/projects/166203032,https://scratch.mit.edu/projects/166203032,0,0,0,0,0,0,0,0,0,0,0,0,0,0,None,Default,0,0,0,0,0,0,0,0
https://scratch.mit.edu/projects/166203032,https://scratch.mit.edu/projects/166203032,0,0,0,0,0,0,0,0,0,0,0,0,0,0,None,Default,0,0,0,0,0,0,0,0
https://scratch.mit.edu/projects/165095405,https://scratch.mit.edu/projects/165095405,0,0,0,0,0,0,0,0,0,0,0,0,0,0,None,Default,0,0,0,0,0,0,0,0
https://scratch.mit.edu/projects/165095405,https://scratch.mit.edu/projects/165095405,0,0,0,0,0,0,0,0,0,0,0,0,0,0,None,Default,0,0,0,0,0,0,0,0
https://scratch.mit.edu/projects/165228315,https://scratch.mit.edu/projects/165228315,0,0,0,0,0,0,0,0,0,0,0,0,0,0,None,Default,0,0,0,0,0,0,0,0
https://scratch.mit.edu/projects/165228315,https://scratch.mit.edu/projects/165228315,0,0,0,0,0,0,0,0,0,0,0,0,0,0,None,Default,0,0,0,0,0,0,0,0
https://scratch.mit.edu/projects/165053093,https://scratch.mit.edu/projects/165053093,0,0,0,0,0,0,0,0,0,0,0,0,0,0,None,Default,0,0,0,0,0,0,0,0
https://scratch.mit.edu/projects/165053093,https://scratch.mit.edu/projects/165053093,0,0,0,0,0,0,0,0,0,0,0,0,0,0,None,Default,0,0,0,0,0,0,0,0
https://scratch.mit.edu/projects/165047844,https://scratch.mit.edu/projects/165047844,0,0,0,0,0,0,0,0,0,0,0,0,0,0,None,Default,0,0,0,0,0,0,0,0
https://scratch.mit.edu/projects/165047844,https://scratch.mit.edu/projects/165047844,0,0,0,0,0,0,0,0,0,0,0,0,0,0,None,Default,0,0,0,0,0,0,0,0
https://scratch.mit.edu/projects/165230892,https://scratch.mit.edu/projects/165230892,0,0,0,0,0,0,0,0,0,0,0,0,0,0,None,Default,0,0,0,0,0,0,0,0
https://scratch.mit.edu/projects/165230892,https://scratch.mit.edu/projects/165230892,0,0,0,0,0,0,0,0,0,0,0,0,0,0,None,Default,0,0,0,0,0,0,0,0
https://scratch.mit.edu/projects/165230549,https://scratch.mit.edu/projects/165230549,0,0,0,0,0,0,0,0,0,0,0,0,0,0,None,Default,0,0,0,0,0,0,0,0
https://scratch.mit.edu/projects/165230549,https://scratch.mit.edu/projects/165230549,0,0,0,0,0,0,0,0,0,0,0,0,0,0,None,Default,0,0,0,0,0,0,0,0
https://scratch.mit.edu/projects/165048232,https://scratch.mit.edu/projects/165048232,0,0,0,0,0,0,0,0,0,0,0,0,0,0,None,Default,0,0,0,0,0,0,0,0
https://scratch.mit.edu/projects/165048232,https://scratch.mit.edu/projects/165048232,0,0,0,0,0,0,0,0,0,0,0,0,0,0,None,Default,0,0,0,0,0,0,0,0
https://scratch.mit.edu/projects/165228217,https://scratch.mit.edu/projects/165228217,0,0,0,0,0,0,0,0,0,0,0,0,0,0,None,Default,0,0,0,0,0,0,0,0
https://scratch.mit.edu/projects/165228217,https://scratch.mit.edu/projects/165228217,0,0,0,0,0,0,0,0,0,0,0,0,0,0,None,Default,0,0,0,0,0,0,0,0
https://scratch.mit.edu/projects/165050854,https://scratch.mit.edu/projects/165050854,0,0,0,0,0,0,0,0,0,0,0,0,0,0,None,Default,0,0,0,0,0,0,0,0
https://scratch.mit.edu/projects/165050854,https://scratch.mit.edu/projects/165050854,0,0,0,0,0,0,0,0,0,0,0,0,0,0,None,Default,0,0,0,0,0,0,0,0
https://scratch.mit.edu/projects/165048124,https://scratch.mit.edu/projects/165048124,0,0,0,0,0,0,0,0,0,0,0,0,0,0,None,Default,0,0,0,0,0,0,0,0
https://scratch.mit.edu/projects/165048124,https://scratch.mit.edu/projects/165048124,0,0,0,0,0,0,0,0,0,0,0,0,0,0,None,Default,0,0,0,0,0,0,0,0
https://scratch.mit.edu/projects/165048838,https://scratch.mit.edu/projects/165048838,0,0,0,0,0,0,0,0,0,0,0,0,0,0,None,Default,0,0,0,0,0,0,0,0
https://scratch.mit.edu/projects/165048838,https://scratch.mit.edu/projects/165048838,0,0,0,0,0,0,0,0,0,0,0,0,0,0,None,Default,0,0,0,0,0,0,0,0
https://scratch.mit.edu/projects/165048838,https://scratch.mit.edu/projects/165048838,0,0,0,0,0,0,0,0,0,0,0,0,0,0,None,Default,0,0,0,0,0,0,0,0
https://scratch.mit.edu/projects/165048838,https://scratch.mit.edu/projects/165048838,0,0,0,0,0,0,0,0,0,0,0,0,0,0,None,Default,0,0,0,0,0,0,0,0
