url,filename,points,Abstraction,Parallelism,Logic,Synchronization,Flow control,User interactivity,Data representation,DuplicateScripts,DeadCode,SpriteNaming,BackdropNaming,Error,dashboard_mode
https://scratch.mit.edu/projects/957967074/,https://scratch.mit.edu/projects/957967074/,8.0,1,1,0,1.0,3,1,1,0,4,7,4,None,Personalized
https://scratch.mit.edu/projects/747653991/,https://scratch.mit.edu/projects/747653991/,11.5,2,2,1,1.0,3,0.5,2,0,2,1,1,None,Personalized
https://scratch.mit.edu/projects/882093984/,https://scratch.mit.edu/projects/882093984/,8.5,1.0,1,1,1,3,0.5,1,0,0,0,1,None,Personalized
https://scratch.mit.edu/projects/747653991/,https://scratch.mit.edu/projects/747653991/,11.5,2,2,1,1.0,3,0.5,2,0,2,1,1,None,Personalized
https://scratch.mit.edu/projects/747653991/,https://scratch.mit.edu/projects/747653991/,11.5,2,2,1,1.0,3,0.5,2,0,2,1,1,None,Personalized
