url,filename,points,Abstraction,Parallelism,Logic,Synchronization,Flow control,User interactivity,Data representation,Math operators,Motion operators,DuplicateScripts,DeadCode,SpriteNaming,BackdropNaming,Error,dashboard_mode,Van points,Van Abstraction,Van Parallelism,Van Logic,Van Synchronization,Van Flow control,Van User interactivity,Van Data representation
,birdygethem.sb3,18,1,1,1,2,4,1,4,2,2,0,1,0,0,None,Default,12,1,1,1,2,3,1,3
,GAME SUMMERS TIRABASSI.sb3,19,1,2,1,2,2,4,3,0,4,0,3,0,2,None,Default,14,1,2,1,2,2,3,3
,Cloud collectors .sb3,15,1,1,1,2,2,2,2,0,4,0,1,0,0,None,Default,11,1,1,1,2,2,2,2
,ocean climate .sb3,12,0,0,2,0,1,2,4,2,1,0,0,0,1,None,Default,8,0,0,2,0,1,2,3
,Deforestation.sb3,10,1,1,1,1,1,2,2,0,1,0,3,0,1,None,Default,9,1,1,1,1,1,2,2
,Roy_ A Life Well Lived.sb3,14,1,4,0,3,1,2,1,0,2,0,0,0,0,None,Default,11,1,3,0,3,1,2,1
,snowflake collect.sb3,20,1,2,1,2,2,2,4,2,4,0,0,0,1,None,Default,13,1,2,1,2,2,2,3
,Lumberjack Attack.sb3,20,1,1,1,3,1,2,4,3,4,0,1,0,1,None,Default,12,1,1,1,3,1,2,3
,Harsh Tree Why Me..sb3,11,1,1,1,0,2,2,1,0,3,0,0,1,0,None,Default,8,1,1,1,0,2,2,1
,Temperature Changes.sb3,20,1,4,1,3,2,2,4,2,1,14,1,1,0,None,Default,15,1,3,1,3,2,2,3
,Co2 Collector.sb3,28,4,4,4,3,4,2,4,2,1,0,1,0,0,None,Default,20,3,3,3,3,3,2,3
,Save Snows and Pennys Home! (Multiplayer).sb3,19,1,2,1,1,2,2,4,2,4,4,2,0,1,None,Default,12,1,2,1,1,2,2,3
,Trees vs CO2.sb3,24,1,4,1,3,4,2,4,2,3,2,0,10,0,None,Default,16,1,3,1,3,3,2,3
,Chasing CO2.sb3,20,1,1,1,4,2,1,4,2,4,0,2,0,1,None,Default,12,1,1,1,3,2,1,3
,Deflecting UV Rays.sb3,12,1,1,1,2,2,2,2,0,1,0,0,2,1,None,Default,11,1,1,1,2,2,2,2
,✨ Cow Fartopia ✨ [DEMO].sb3,20,1,2,1,3,2,2,4,2,3,0,0,2,1,None,Default,14,1,2,1,3,2,2,3
,capture the CO2.sb3,13,1,2,1,1,2,2,1,0,3,0,0,0,1,None,Default,10,1,2,1,1,2,2,1
,climate change Co2.sb3,23,1,4,1,3,3,2,4,2,3,10,3,0,1,None,Default,16,1,3,1,3,3,2,3
,Co2 Clouds Game.sb3,22,1,4,1,3,2,2,4,2,3,0,0,0,0,None,Default,15,1,3,1,3,2,2,3
,COLLECT THE CO2            .sb3,24,1,2,4,3,2,2,4,2,4,3,0,0,1,None,Default,16,1,2,3,3,2,2,3
,♥crazy cows♥.sb3,23,1,4,1,3,2,2,4,2,4,2,8,15,0,None,Default,15,1,3,1,3,2,2,3
,climate change game.sb3,13,1,4,0,3,2,2,1,0,0,0,1,0,1,None,Default,12,1,3,0,3,2,2,1
,reducing co2 maze by madi and paige.sb3,17,1,1,1,3,2,2,4,2,1,0,0,0,1,None,Default,13,1,1,1,3,2,2,3
,Catch the Monkey.sb3,18,1,1,1,1,2,2,4,2,4,2,0,8,1,None,Default,11,1,1,1,1,2,2,3
,Co2 Game.sb3,20,1,3,4,3,2,4,2,0,1,4,4,0,0,None,Default,17,1,3,3,3,2,3,2
,Impacts on wildlife.sb3,14,1,1,1,0,2,2,4,2,1,0,0,3,1,None,Default,10,1,1,1,0,2,2,3
,Oxygen VS CO2-Climate Change.sb3,24,1,4,1,2,3,3,4,2,4,0,0,0,0,None,Default,16,1,3,1,2,3,3,3
,A Day of Choices  .sb3,15,1,4,0,3,1,2,1,0,3,4,0,0,0,None,Default,11,1,3,0,3,1,2,1
,Deforestation (1).sb3,17,1,4,1,3,2,2,2,0,2,2,3,3,6,None,Default,14,1,3,1,3,2,2,2
,Time Is Fuel.sb3,27,3,4,1,3,4,2,4,2,4,14,0,0,1,None,Default,18,3,3,1,3,3,2,3
,Ocean CO2 .sb3,22,1,1,1,3,4,2,4,2,4,0,0,0,1,None,Default,14,1,1,1,3,3,2,3
,Cloud Chaser.sb3,22,1,4,1,3,2,3,4,2,2,0,0,0,2,None,Default,16,1,3,1,3,2,3,3
,Global Warming_ The Game.sb3,24,1,4,1,3,3,2,4,2,4,0,1,2,0,None,Default,16,1,3,1,3,3,2,3
,Scuba dive to save the world.sb3,19,1,4,1,3,4,2,2,0,2,0,0,9,0,None,Default,15,1,3,1,3,3,2,2
