url,filename,number,spriteNaming1,spriteNaming2,spriteNaming3,spriteNaming4,spriteNaming5,spriteNaming6,spriteNaming7,spriteNaming8,spriteNaming9
https://scratch.mit.edu/projects/957967074/,https://scratch.mit.edu/projects/957967074/,7,Sprite1,Sprite2,Sprite4,Sprite3,Sprite5,Sprite6,Sprite7,N/A,N/A
https://scratch.mit.edu/projects/747653991/,https://scratch.mit.edu/projects/747653991/,1,Sprite1,N/A,N/A,N/A,N/A,N/A,N/A,N/A,N/A
https://scratch.mit.edu/projects/882093984/,https://scratch.mit.edu/projects/882093984/,1,N/A,N/A,N/A,N/A,N/A,N/A,N/A,N/A,N/A
https://scratch.mit.edu/projects/953962827/,https://scratch.mit.edu/projects/953962827/,9,Sprite2,Sprite3,Sprite4,Sprite1,Sprite5,Sprite6,Sprite7,Sprite8,Sprite9
https://scratch.mit.edu/projects/965221739/,https://scratch.mit.edu/projects/965221739/,3,N/A,N/A,N/A,N/A,N/A,N/A,N/A,N/A,N/A
